ISO-10303-21;
HEADER;
/* Generated by software containing ST-Developer
 * from STEP Tools, Inc. (www.steptools.com) 
 */
/* OPTION: using custom renumber hook */

FILE_DESCRIPTION(
/* description */ ('STEP AP242 Edition 2',
'CAx-IF Rec.Pracs.---Representation and Presentation of Product Manufa
cturing Information (PMI)---4.0---2014-10-13',
'CAx-IF Rec.Pracs.---3D Tessellated Geometry---0.4---2014-09-14','2;1',
'CAx-IF Rec.Pracs.---User Defined Attributes---1.5---2016-08-15'),
/* implementation_level */ '2;1');

FILE_NAME(
/* name */ 'Assembly 1 - Desk Clamp',
/* time_stamp */ '2026-07-26T17:36:16Z',
/* author */ (''),
/* organization */ (''),
/* preprocessor_version */ 'ST-DEVELOPER v20',
/* originating_system */ 'ONSHAPE BY PTC INC, 1.218',
/* authorisation */ '  ');

FILE_SCHEMA (('AP242_MANAGED_MODEL_BASED_3D_ENGINEERING_MIM_LF { 1 0 10303 442 3 1 4 }'));
ENDSEC;

DATA;
#10=SHAPE_REPRESENTATION_RELATIONSHIP('','',#565,#11);
#11=ADVANCED_BREP_SHAPE_REPRESENTATION('',(#563),#1759);
#12=B_SPLINE_SURFACE_WITH_KNOTS('',3,3,((#941,#942,#943,#944,#945,#946,
#947,#948,#949,#950,#951,#952,#953,#954,#955,#956,#957,#958,#959,#960,#961,
#962,#963,#964,#965,#966,#967,#968,#969,#970,#971,#972,#973,#974,#975,#976,
#977,#978,#979,#980,#981,#982,#983,#984,#985,#986,#987,#988,#989,#990,#991,
#992,#993,#994,#995,#996,#997,#998,#999,#1000,#1001,#1002,#1003,#1004,#1005,
#1006,#1007,#1008,#1009,#1010,#1011,#1012,#1013,#1014,#1015,#1016,#1017,
#1018,#1019,#1020,#1021,#1022,#1023,#1024,#1025,#1026,#1027),(#1028,#1029,
#1030,#1031,#1032,#1033,#1034,#1035,#1036,#1037,#1038,#1039,#1040,#1041,
#1042,#1043,#1044,#1045,#1046,#1047,#1048,#1049,#1050,#1051,#1052,#1053,
#1054,#1055,#1056,#1057,#1058,#1059,#1060,#1061,#1062,#1063,#1064,#1065,
#1066,#1067,#1068,#1069,#1070,#1071,#1072,#1073,#1074,#1075,#1076,#1077,
#1078,#1079,#1080,#1081,#1082,#1083,#1084,#1085,#1086,#1087,#1088,#1089,
#1090,#1091,#1092,#1093,#1094,#1095,#1096,#1097,#1098,#1099,#1100,#1101,
#1102,#1103,#1104,#1105,#1106,#1107,#1108,#1109,#1110,#1111,#1112,#1113,
#1114),(#1115,#1116,#1117,#1118,#1119,#1120,#1121,#1122,#1123,#1124,#1125,
#1126,#1127,#1128,#1129,#1130,#1131,#1132,#1133,#1134,#1135,#1136,#1137,
#1138,#1139,#1140,#1141,#1142,#1143,#1144,#1145,#1146,#1147,#1148,#1149,
#1150,#1151,#1152,#1153,#1154,#1155,#1156,#1157,#1158,#1159,#1160,#1161,
#1162,#1163,#1164,#1165,#1166,#1167,#1168,#1169,#1170,#1171,#1172,#1173,
#1174,#1175,#1176,#1177,#1178,#1179,#1180,#1181,#1182,#1183,#1184,#1185,
#1186,#1187,#1188,#1189,#1190,#1191,#1192,#1193,#1194,#1195,#1196,#1197,
#1198,#1199,#1200,#1201),(#1202,#1203,#1204,#1205,#1206,#1207,#1208,#1209,
#1210,#1211,#1212,#1213,#1214,#1215,#1216,#1217,#1218,#1219,#1220,#1221,
#1222,#1223,#1224,#1225,#1226,#1227,#1228,#1229,#1230,#1231,#1232,#1233,
#1234,#1235,#1236,#1237,#1238,#1239,#1240,#1241,#1242,#1243,#1244,#1245,
#1246,#1247,#1248,#1249,#1250,#1251,#1252,#1253,#1254,#1255,#1256,#1257,
#1258,#1259,#1260,#1261,#1262,#1263,#1264,#1265,#1266,#1267,#1268,#1269,
#1270,#1271,#1272,#1273,#1274,#1275,#1276,#1277,#1278,#1279,#1280,#1281,
#1282,#1283,#1284,#1285,#1286,#1287,#1288)),.UNSPECIFIED.,.F.,.F.,.F.,(4,
4),(4,1,1,1,1,1,1,1,1,1,1,1,1,1,1,1,1,1,1,1,1,1,1,1,1,1,1,1,1,1,1,1,1,1,
1,1,1,1,1,1,1,1,1,1,1,1,1,1,1,1,1,1,1,1,1,1,1,1,1,1,1,1,1,1,1,1,1,1,1,1,
1,1,1,1,1,1,1,1,1,1,1,1,1,1,4),(-0.0773309652793764,0.763644982926772),
(0.126288267491666,0.130244652277763,0.132222844670811,0.134860434528209,
0.138157421849956,0.142113806636052,0.146070191422149,0.150026576208245,
0.153982960994342,0.157939345780439,0.161895730566535,0.165192717888282,
0.16783030774568,0.170467897603078,0.173764884924825,0.177721269710921,
0.181018257032668,0.183655846890066,0.185634039283114,0.187612231676163,
0.19024982153356,0.193546808855307,0.197503193641404,0.200800180963151,
0.203437770820549,0.206075360677946,0.209372347999694,0.21332873278579,
0.217285117571887,0.220582104893634,0.223219694751031,0.225857284608429,
0.229154271930176,0.233110656716273,0.23640764403802,0.239045233895418,
0.241023426288466,0.243001618681514,0.245639208538912,0.248936195860659,
0.252892580646755,0.256189567968503,0.2588271578259,0.260805350218949,0.262783542611997,
0.265421132469395,0.268718119791142,0.272674504577238,0.275971491898985,
0.278609081756383,0.281246671613781,0.284543658935528,0.288500043721624,
0.291797031043371,0.294434620900769,0.296412813293817,0.298391005686866,
0.301028595544263,0.30432558286601,0.308281967652107,0.311578954973854,
0.314216544831252,0.3161947372243,0.318172929617348,0.320810519474746,0.324107506796493,
0.32740449411824,0.330042083975638,0.332020276368686,0.333998468761735,
0.336636058619132,0.339933045940879,0.343889430726976,0.347186418048723,
0.349824007906121,0.351802200299169,0.353780392692217,0.356417982549615,
0.359714969871362,0.363671354657459,0.366968341979206,0.369605931836603,
0.372243521694001,0.374881111551399,0.379496893801845),.UNSPECIFIED.);
#13=B_SPLINE_SURFACE_WITH_KNOTS('',3,3,((#1414,#1415,#1416,#1417,#1418,
#1419,#1420,#1421,#1422,#1423,#1424,#1425,#1426,#1427,#1428,#1429,#1430,
#1431,#1432,#1433,#1434,#1435,#1436,#1437,#1438,#1439,#1440,#1441,#1442,
#1443,#1444,#1445,#1446,#1447,#1448,#1449,#1450,#1451,#1452,#1453,#1454,
#1455,#1456,#1457,#1458,#1459,#1460,#1461,#1462,#1463,#1464,#1465,#1466,
#1467,#1468,#1469,#1470,#1471,#1472,#1473,#1474,#1475,#1476,#1477,#1478,
#1479,#1480,#1481,#1482,#1483,#1484,#1485,#1486,#1487,#1488,#1489,#1490,
#1491,#1492,#1493,#1494,#1495,#1496,#1497),(#1498,#1499,#1500,#1501,#1502,
#1503,#1504,#1505,#1506,#1507,#1508,#1509,#1510,#1511,#1512,#1513,#1514,
#1515,#1516,#1517,#1518,#1519,#1520,#1521,#1522,#1523,#1524,#1525,#1526,
#1527,#1528,#1529,#1530,#1531,#1532,#1533,#1534,#1535,#1536,#1537,#1538,
#1539,#1540,#1541,#1542,#1543,#1544,#1545,#1546,#1547,#1548,#1549,#1550,
#1551,#1552,#1553,#1554,#1555,#1556,#1557,#1558,#1559,#1560,#1561,#1562,
#1563,#1564,#1565,#1566,#1567,#1568,#1569,#1570,#1571,#1572,#1573,#1574,
#1575,#1576,#1577,#1578,#1579,#1580,#1581),(#1582,#1583,#1584,#1585,#1586,
#1587,#1588,#1589,#1590,#1591,#1592,#1593,#1594,#1595,#1596,#1597,#1598,
#1599,#1600,#1601,#1602,#1603,#1604,#1605,#1606,#1607,#1608,#1609,#1610,
#1611,#1612,#1613,#1614,#1615,#1616,#1617,#1618,#1619,#1620,#1621,#1622,
#1623,#1624,#1625,#1626,#1627,#1628,#1629,#1630,#1631,#1632,#1633,#1634,
#1635,#1636,#1637,#1638,#1639,#1640,#1641,#1642,#1643,#1644,#1645,#1646,
#1647,#1648,#1649,#1650,#1651,#1652,#1653,#1654,#1655,#1656,#1657,#1658,
#1659,#1660,#1661,#1662,#1663,#1664,#1665),(#1666,#1667,#1668,#1669,#1670,
#1671,#1672,#1673,#1674,#1675,#1676,#1677,#1678,#1679,#1680,#1681,#1682,
#1683,#1684,#1685,#1686,#1687,#1688,#1689,#1690,#1691,#1692,#1693,#1694,
#1695,#1696,#1697,#1698,#1699,#1700,#1701,#1702,#1703,#1704,#1705,#1706,
#1707,#1708,#1709,#1710,#1711,#1712,#1713,#1714,#1715,#1716,#1717,#1718,
#1719,#1720,#1721,#1722,#1723,#1724,#1725,#1726,#1727,#1728,#1729,#1730,
#1731,#1732,#1733,#1734,#1735,#1736,#1737,#1738,#1739,#1740,#1741,#1742,
#1743,#1744,#1745,#1746,#1747,#1748,#1749)),.UNSPECIFIED.,.F.,.F.,.F.,(4,
4),(4,1,1,1,1,1,1,1,1,1,1,1,1,1,1,1,1,1,1,1,1,1,1,1,1,1,1,1,1,1,1,1,1,1,
1,1,1,1,1,1,1,1,1,1,1,1,1,1,1,1,1,1,1,1,1,1,1,1,1,1,1,1,1,1,1,1,1,1,1,1,
1,1,1,1,1,1,1,1,1,1,1,4),(0.236355262502707,1.077330962907),(0.0432269771498906,
0.0504631021796563,0.0530944203722983,0.0550679090167799,0.0570413976612615,
0.0596727158539035,0.0629618635947061,0.0669088408836692,0.0701979886244718,
0.0728293068171139,0.075460625009756,0.0787497727505586,0.0826967500395217,
0.0866437273284848,0.0905907046174479,0.0945376819064111,0.0984846591953741,
0.102431636484337,0.1063786137733,0.109667761514103,0.112299079706745,0.114930397899387,
0.11821954564019,0.122166522929153,0.125455670669955,0.128086988862598,
0.130060477507079,0.132033966151561,0.134665284344203,0.137954432085005,
0.141901409373968,0.145190557114771,0.147821875307413,0.149795363951895,
0.151768852596376,0.154400170789018,0.157689318529821,0.161636295818784,
0.164925443559587,0.167556761752229,0.170188079944871,0.173477227685673,
0.177424204974636,0.180713352715439,0.183344670908081,0.185318159552563,
0.187291648197044,0.189922966389686,0.193212114130489,0.197159091419452,
0.200448239160255,0.203079557352897,0.205053045997378,0.20702653464186,
0.209657852834502,0.212947000575304,0.216236148316107,0.218867466508749,
0.220840955153231,0.222814443797712,0.225445761990354,0.228734909731157,
0.23268188702012,0.235971034760923,0.238602352953565,0.240575841598046,
0.242549330242528,0.24518064843517,0.248469796175973,0.252416773464936,
0.255705921205738,0.25833723939838,0.260968557591022,0.264257705331825,
0.268204682620788,0.272151659909751,0.275440807650554,0.278072125843196,
0.280703444035838,0.283992591776641,0.287939569065604,0.29583352364353),
 .UNSPECIFIED.);
#14=CYLINDRICAL_SURFACE('',#573,0.01);
#15=CYLINDRICAL_SURFACE('',#575,0.00215);
#16=CYLINDRICAL_SURFACE('',#578,0.0035);
#17=CYLINDRICAL_SURFACE('',#581,0.0055);
#18=CYLINDRICAL_SURFACE('',#587,0.01);
#19=CYLINDRICAL_SURFACE('',#604,0.01);
#20=CYLINDRICAL_SURFACE('',#609,0.022);
#21=CYLINDRICAL_SURFACE('',#612,0.0156104598415004);
#22=CYLINDRICAL_SURFACE('',#614,0.022);
#23=CYLINDRICAL_SURFACE('',#616,0.01);
#24=CYLINDRICAL_SURFACE('',#617,0.01);
#25=LINE('',#791,#71);
#26=LINE('',#796,#72);
#27=LINE('',#800,#73);
#28=LINE('',#804,#74);
#29=LINE('',#808,#75);
#30=LINE('',#810,#76);
#31=LINE('',#831,#77);
#32=LINE('',#833,#78);
#33=LINE('',#835,#79);
#34=LINE('',#837,#80);
#35=LINE('',#839,#81);
#36=LINE('',#841,#82);
#37=LINE('',#845,#83);
#38=LINE('',#849,#84);
#39=LINE('',#854,#85);
#40=LINE('',#858,#86);
#41=LINE('',#860,#87);
#42=LINE('',#863,#88);
#43=LINE('',#865,#89);
#44=LINE('',#867,#90);
#45=LINE('',#869,#91);
#46=LINE('',#871,#92);
#47=LINE('',#873,#93);
#48=LINE('',#877,#94);
#49=LINE('',#881,#95);
#50=LINE('',#883,#96);
#51=LINE('',#885,#97);
#52=LINE('',#887,#98);
#53=LINE('',#889,#99);
#54=LINE('',#891,#100);
#55=LINE('',#893,#101);
#56=LINE('',#895,#102);
#57=LINE('',#897,#103);
#58=LINE('',#899,#104);
#59=LINE('',#901,#105);
#60=LINE('',#903,#106);
#61=LINE('',#908,#107);
#62=LINE('',#929,#108);
#63=LINE('',#933,#109);
#64=LINE('',#935,#110);
#65=LINE('',#936,#111);
#66=LINE('',#939,#112);
#67=LINE('',#940,#113);
#68=LINE('',#1751,#114);
#69=LINE('',#1754,#115);
#70=LINE('',#1755,#116);
#71=VECTOR('',#624,1.);
#72=VECTOR('',#627,1.);
#73=VECTOR('',#630,1.);
#74=VECTOR('',#633,1.);
#75=VECTOR('',#638,1.);
#76=VECTOR('',#639,1.);
#77=VECTOR('',#666,1.);
#78=VECTOR('',#667,1.);
#79=VECTOR('',#668,1.);
#80=VECTOR('',#669,1.);
#81=VECTOR('',#670,1.);
#82=VECTOR('',#671,1.);
#83=VECTOR('',#676,1.);
#84=VECTOR('',#681,1.);
#85=VECTOR('',#684,1.);
#86=VECTOR('',#687,1.);
#87=VECTOR('',#690,1.);
#88=VECTOR('',#691,1.);
#89=VECTOR('',#692,1.);
#90=VECTOR('',#693,1.);
#91=VECTOR('',#694,1.);
#92=VECTOR('',#695,1.);
#93=VECTOR('',#698,1.);
#94=VECTOR('',#701,1.);
#95=VECTOR('',#706,1.);
#96=VECTOR('',#707,1.);
#97=VECTOR('',#708,1.);
#98=VECTOR('',#711,1.);
#99=VECTOR('',#712,1.);
#100=VECTOR('',#715,1.);
#101=VECTOR('',#716,1.);
#102=VECTOR('',#719,1.);
#103=VECTOR('',#720,1.);
#104=VECTOR('',#723,1.);
#105=VECTOR('',#724,1.);
#106=VECTOR('',#727,1.);
#107=VECTOR('',#734,1.);
#108=VECTOR('',#739,1.);
#109=VECTOR('',#742,1.);
#110=VECTOR('',#745,1.);
#111=VECTOR('',#746,1.);
#112=VECTOR('',#751,1.);
#113=VECTOR('',#752,1.);
#114=VECTOR('',#757,1.);
#115=VECTOR('',#762,1.);
#116=VECTOR('',#763,1.);
#117=CIRCLE('',#568,0.0156104598415004);
#118=CIRCLE('',#569,0.01);
#119=CIRCLE('',#570,0.01);
#120=CIRCLE('',#571,0.01);
#121=CIRCLE('',#572,0.022);
#122=CIRCLE('',#574,0.01);
#123=CIRCLE('',#576,0.00215);
#124=CIRCLE('',#577,0.00215);
#125=CIRCLE('',#579,0.0035);
#126=CIRCLE('',#580,0.0035);
#127=CIRCLE('',#582,0.0055);
#128=CIRCLE('',#583,0.0055);
#129=CIRCLE('',#588,0.01);
#130=CIRCLE('',#589,0.01);
#131=CIRCLE('',#591,0.01);
#132=CIRCLE('',#592,0.022);
#133=CIRCLE('',#593,0.01);
#134=CIRCLE('',#595,0.022);
#135=CIRCLE('',#596,0.01);
#136=CIRCLE('',#605,0.01);
#137=CIRCLE('',#607,0.0156104598415004);
#138=CIRCLE('',#608,0.022);
#139=ORIENTED_EDGE('',*,*,#289,.F.);
#140=ORIENTED_EDGE('',*,*,#290,.F.);
#141=ORIENTED_EDGE('',*,*,#291,.F.);
#142=ORIENTED_EDGE('',*,*,#292,.F.);
#143=ORIENTED_EDGE('',*,*,#293,.T.);
#144=ORIENTED_EDGE('',*,*,#294,.T.);
#145=ORIENTED_EDGE('',*,*,#295,.T.);
#146=ORIENTED_EDGE('',*,*,#296,.F.);
#147=ORIENTED_EDGE('',*,*,#297,.F.);
#148=ORIENTED_EDGE('',*,*,#298,.T.);
#149=ORIENTED_EDGE('',*,*,#299,.F.);
#150=ORIENTED_EDGE('',*,*,#300,.F.);
#151=ORIENTED_EDGE('',*,*,#297,.T.);
#152=ORIENTED_EDGE('',*,*,#301,.T.);
#153=ORIENTED_EDGE('',*,*,#302,.F.);
#154=ORIENTED_EDGE('',*,*,#303,.F.);
#155=ORIENTED_EDGE('',*,*,#304,.T.);
#156=ORIENTED_EDGE('',*,*,#305,.T.);
#157=ORIENTED_EDGE('',*,*,#306,.F.);
#158=ORIENTED_EDGE('',*,*,#307,.F.);
#159=ORIENTED_EDGE('',*,*,#308,.T.);
#160=ORIENTED_EDGE('',*,*,#306,.T.);
#161=ORIENTED_EDGE('',*,*,#308,.F.);
#162=ORIENTED_EDGE('',*,*,#303,.T.);
#163=ORIENTED_EDGE('',*,*,#305,.F.);
#164=ORIENTED_EDGE('',*,*,#296,.T.);
#165=ORIENTED_EDGE('',*,*,#309,.T.);
#166=ORIENTED_EDGE('',*,*,#310,.F.);
#167=ORIENTED_EDGE('',*,*,#311,.T.);
#168=ORIENTED_EDGE('',*,*,#312,.T.);
#169=ORIENTED_EDGE('',*,*,#313,.T.);
#170=ORIENTED_EDGE('',*,*,#314,.F.);
#171=ORIENTED_EDGE('',*,*,#301,.F.);
#172=ORIENTED_EDGE('',*,*,#315,.F.);
#173=ORIENTED_EDGE('',*,*,#316,.T.);
#174=ORIENTED_EDGE('',*,*,#317,.T.);
#175=ORIENTED_EDGE('',*,*,#311,.F.);
#176=ORIENTED_EDGE('',*,*,#318,.F.);
#177=ORIENTED_EDGE('',*,*,#319,.T.);
#178=ORIENTED_EDGE('',*,*,#320,.T.);
#179=ORIENTED_EDGE('',*,*,#321,.T.);
#180=ORIENTED_EDGE('',*,*,#322,.F.);
#181=ORIENTED_EDGE('',*,*,#315,.T.);
#182=ORIENTED_EDGE('',*,*,#310,.T.);
#183=ORIENTED_EDGE('',*,*,#323,.T.);
#184=ORIENTED_EDGE('',*,*,#324,.F.);
#185=ORIENTED_EDGE('',*,*,#325,.F.);
#186=ORIENTED_EDGE('',*,*,#326,.F.);
#187=ORIENTED_EDGE('',*,*,#327,.F.);
#188=ORIENTED_EDGE('',*,*,#328,.F.);
#189=ORIENTED_EDGE('',*,*,#329,.F.);
#190=ORIENTED_EDGE('',*,*,#317,.F.);
#191=ORIENTED_EDGE('',*,*,#330,.T.);
#192=ORIENTED_EDGE('',*,*,#331,.F.);
#193=ORIENTED_EDGE('',*,*,#332,.F.);
#194=ORIENTED_EDGE('',*,*,#333,.F.);
#195=ORIENTED_EDGE('',*,*,#312,.F.);
#196=ORIENTED_EDGE('',*,*,#307,.T.);
#197=ORIENTED_EDGE('',*,*,#324,.T.);
#198=ORIENTED_EDGE('',*,*,#334,.F.);
#199=ORIENTED_EDGE('',*,*,#335,.F.);
#200=ORIENTED_EDGE('',*,*,#336,.T.);
#201=ORIENTED_EDGE('',*,*,#329,.T.);
#202=ORIENTED_EDGE('',*,*,#337,.F.);
#203=ORIENTED_EDGE('',*,*,#338,.F.);
#204=ORIENTED_EDGE('',*,*,#334,.T.);
#205=ORIENTED_EDGE('',*,*,#328,.T.);
#206=ORIENTED_EDGE('',*,*,#339,.F.);
#207=ORIENTED_EDGE('',*,*,#340,.F.);
#208=ORIENTED_EDGE('',*,*,#337,.T.);
#209=ORIENTED_EDGE('',*,*,#327,.T.);
#210=ORIENTED_EDGE('',*,*,#341,.F.);
#211=ORIENTED_EDGE('',*,*,#342,.F.);
#212=ORIENTED_EDGE('',*,*,#339,.T.);
#213=ORIENTED_EDGE('',*,*,#326,.T.);
#214=ORIENTED_EDGE('',*,*,#343,.F.);
#215=ORIENTED_EDGE('',*,*,#344,.F.);
#216=ORIENTED_EDGE('',*,*,#341,.T.);
#217=ORIENTED_EDGE('',*,*,#325,.T.);
#218=ORIENTED_EDGE('',*,*,#336,.F.);
#219=ORIENTED_EDGE('',*,*,#345,.F.);
#220=ORIENTED_EDGE('',*,*,#343,.T.);
#221=ORIENTED_EDGE('',*,*,#304,.F.);
#222=ORIENTED_EDGE('',*,*,#335,.T.);
#223=ORIENTED_EDGE('',*,*,#338,.T.);
#224=ORIENTED_EDGE('',*,*,#340,.T.);
#225=ORIENTED_EDGE('',*,*,#342,.T.);
#226=ORIENTED_EDGE('',*,*,#344,.T.);
#227=ORIENTED_EDGE('',*,*,#345,.T.);
#228=ORIENTED_EDGE('',*,*,#346,.F.);
#229=ORIENTED_EDGE('',*,*,#313,.F.);
#230=ORIENTED_EDGE('',*,*,#333,.T.);
#231=ORIENTED_EDGE('',*,*,#347,.T.);
#232=ORIENTED_EDGE('',*,*,#348,.F.);
#233=ORIENTED_EDGE('',*,*,#349,.F.);
#234=ORIENTED_EDGE('',*,*,#350,.F.);
#235=ORIENTED_EDGE('',*,*,#346,.T.);
#236=ORIENTED_EDGE('',*,*,#351,.T.);
#237=ORIENTED_EDGE('',*,*,#352,.T.);
#238=ORIENTED_EDGE('',*,*,#353,.F.);
#239=ORIENTED_EDGE('',*,*,#302,.T.);
#240=ORIENTED_EDGE('',*,*,#314,.T.);
#241=ORIENTED_EDGE('',*,*,#352,.F.);
#242=ORIENTED_EDGE('',*,*,#354,.F.);
#243=ORIENTED_EDGE('',*,*,#299,.T.);
#244=ORIENTED_EDGE('',*,*,#355,.T.);
#245=ORIENTED_EDGE('',*,*,#353,.T.);
#246=ORIENTED_EDGE('',*,*,#355,.F.);
#247=ORIENTED_EDGE('',*,*,#298,.F.);
#248=ORIENTED_EDGE('',*,*,#300,.T.);
#249=ORIENTED_EDGE('',*,*,#356,.T.);
#250=ORIENTED_EDGE('',*,*,#292,.T.);
#251=ORIENTED_EDGE('',*,*,#354,.T.);
#252=ORIENTED_EDGE('',*,*,#351,.F.);
#253=ORIENTED_EDGE('',*,*,#347,.F.);
#254=ORIENTED_EDGE('',*,*,#332,.T.);
#255=ORIENTED_EDGE('',*,*,#357,.F.);
#256=ORIENTED_EDGE('',*,*,#320,.F.);
#257=ORIENTED_EDGE('',*,*,#348,.T.);
#258=ORIENTED_EDGE('',*,*,#358,.T.);
#259=ORIENTED_EDGE('',*,*,#289,.T.);
#260=ORIENTED_EDGE('',*,*,#359,.F.);
#261=ORIENTED_EDGE('',*,*,#350,.T.);
#262=ORIENTED_EDGE('',*,*,#360,.T.);
#263=ORIENTED_EDGE('',*,*,#290,.T.);
#264=ORIENTED_EDGE('',*,*,#358,.F.);
#265=ORIENTED_EDGE('',*,*,#349,.T.);
#266=ORIENTED_EDGE('',*,*,#359,.T.);
#267=ORIENTED_EDGE('',*,*,#291,.T.);
#268=ORIENTED_EDGE('',*,*,#360,.F.);
#269=ORIENTED_EDGE('',*,*,#330,.F.);
#270=ORIENTED_EDGE('',*,*,#316,.F.);
#271=ORIENTED_EDGE('',*,*,#322,.T.);
#272=ORIENTED_EDGE('',*,*,#361,.T.);
#273=ORIENTED_EDGE('',*,*,#331,.T.);
#274=ORIENTED_EDGE('',*,*,#361,.F.);
#275=ORIENTED_EDGE('',*,*,#321,.F.);
#276=ORIENTED_EDGE('',*,*,#357,.T.);
#277=ORIENTED_EDGE('',*,*,#318,.T.);
#278=ORIENTED_EDGE('',*,*,#362,.T.);
#279=ORIENTED_EDGE('',*,*,#294,.F.);
#280=ORIENTED_EDGE('',*,*,#363,.T.);
#281=ORIENTED_EDGE('',*,*,#323,.F.);
#282=ORIENTED_EDGE('',*,*,#309,.F.);
#283=ORIENTED_EDGE('',*,*,#295,.F.);
#284=ORIENTED_EDGE('',*,*,#362,.F.);
#285=ORIENTED_EDGE('',*,*,#319,.F.);
#286=ORIENTED_EDGE('',*,*,#363,.F.);
#287=ORIENTED_EDGE('',*,*,#293,.F.);
#288=ORIENTED_EDGE('',*,*,#356,.F.);
#289=EDGE_CURVE('',#364,#365,#416,.T.);
#290=EDGE_CURVE('',#366,#364,#117,.T.);
#291=EDGE_CURVE('',#365,#366,#417,.T.);
#292=EDGE_CURVE('',#367,#368,#25,.T.);
#293=EDGE_CURVE('',#367,#369,#118,.F.);
#294=EDGE_CURVE('',#369,#370,#26,.T.);
#295=EDGE_CURVE('',#370,#371,#119,.F.);
#296=EDGE_CURVE('',#372,#371,#27,.T.);
#297=EDGE_CURVE('',#373,#372,#120,.T.);
#298=EDGE_CURVE('',#373,#374,#28,.T.);
#299=EDGE_CURVE('',#368,#374,#121,.T.);
#300=EDGE_CURVE('',#373,#375,#29,.T.);
#301=EDGE_CURVE('',#372,#376,#30,.T.);
#302=EDGE_CURVE('',#375,#376,#122,.T.);
#303=EDGE_CURVE('',#377,#377,#123,.T.);
#304=EDGE_CURVE('',#378,#378,#124,.T.);
#305=EDGE_CURVE('',#379,#379,#125,.T.);
#306=EDGE_CURVE('',#380,#380,#126,.T.);
#307=EDGE_CURVE('',#381,#381,#127,.T.);
#308=EDGE_CURVE('',#382,#382,#128,.T.);
#309=EDGE_CURVE('',#371,#383,#31,.F.);
#310=EDGE_CURVE('',#384,#383,#32,.T.);
#311=EDGE_CURVE('',#384,#385,#33,.T.);
#312=EDGE_CURVE('',#385,#386,#34,.T.);
#313=EDGE_CURVE('',#386,#387,#35,.T.);
#314=EDGE_CURVE('',#376,#387,#36,.T.);
#315=EDGE_CURVE('',#388,#384,#129,.T.);
#316=EDGE_CURVE('',#388,#389,#37,.T.);
#317=EDGE_CURVE('',#389,#385,#130,.T.);
#318=EDGE_CURVE('',#390,#391,#38,.T.);
#319=EDGE_CURVE('',#390,#392,#131,.F.);
#320=EDGE_CURVE('',#392,#393,#39,.T.);
#321=EDGE_CURVE('',#393,#394,#132,.T.);
#322=EDGE_CURVE('',#388,#394,#40,.T.);
#323=EDGE_CURVE('',#383,#391,#133,.F.);
#324=EDGE_CURVE('',#395,#396,#41,.T.);
#325=EDGE_CURVE('',#397,#395,#42,.T.);
#326=EDGE_CURVE('',#398,#397,#43,.T.);
#327=EDGE_CURVE('',#399,#398,#44,.T.);
#328=EDGE_CURVE('',#400,#399,#45,.T.);
#329=EDGE_CURVE('',#396,#400,#46,.T.);
#330=EDGE_CURVE('',#389,#401,#47,.T.);
#331=EDGE_CURVE('',#402,#401,#134,.T.);
#332=EDGE_CURVE('',#403,#402,#48,.T.);
#333=EDGE_CURVE('',#386,#403,#135,.T.);
#334=EDGE_CURVE('',#404,#396,#49,.T.);
#335=EDGE_CURVE('',#405,#404,#50,.T.);
#336=EDGE_CURVE('',#405,#395,#51,.T.);
#337=EDGE_CURVE('',#406,#400,#52,.T.);
#338=EDGE_CURVE('',#404,#406,#53,.T.);
#339=EDGE_CURVE('',#407,#399,#54,.T.);
#340=EDGE_CURVE('',#406,#407,#55,.T.);
#341=EDGE_CURVE('',#408,#398,#56,.T.);
#342=EDGE_CURVE('',#407,#408,#57,.T.);
#343=EDGE_CURVE('',#409,#397,#58,.T.);
#344=EDGE_CURVE('',#408,#409,#59,.T.);
#345=EDGE_CURVE('',#409,#405,#60,.T.);
#346=EDGE_CURVE('',#387,#410,#136,.T.);
#347=EDGE_CURVE('',#403,#410,#61,.T.);
#348=EDGE_CURVE('',#411,#412,#418,.T.);
#349=EDGE_CURVE('',#413,#411,#419,.T.);
#350=EDGE_CURVE('',#412,#413,#137,.T.);
#351=EDGE_CURVE('',#410,#414,#62,.T.);
#352=EDGE_CURVE('',#414,#415,#138,.T.);
#353=EDGE_CURVE('',#375,#415,#63,.T.);
#354=EDGE_CURVE('',#368,#414,#64,.T.);
#355=EDGE_CURVE('',#374,#415,#65,.T.);
#356=EDGE_CURVE('',#392,#367,#66,.T.);
#357=EDGE_CURVE('',#393,#402,#67,.T.);
#358=EDGE_CURVE('',#412,#364,#420,.T.);
#359=EDGE_CURVE('',#411,#365,#421,.T.);
#360=EDGE_CURVE('',#413,#366,#422,.T.);
#361=EDGE_CURVE('',#394,#401,#68,.T.);
#362=EDGE_CURVE('',#391,#370,#69,.T.);
#363=EDGE_CURVE('',#369,#390,#70,.F.);
#364=VERTEX_POINT('',#779);
#365=VERTEX_POINT('',#780);
#366=VERTEX_POINT('',#782);
#367=VERTEX_POINT('',#792);
#368=VERTEX_POINT('',#793);
#369=VERTEX_POINT('',#795);
#370=VERTEX_POINT('',#797);
#371=VERTEX_POINT('',#799);
#372=VERTEX_POINT('',#801);
#373=VERTEX_POINT('',#803);
#374=VERTEX_POINT('',#805);
#375=VERTEX_POINT('',#809);
#376=VERTEX_POINT('',#811);
#377=VERTEX_POINT('',#815);
#378=VERTEX_POINT('',#817);
#379=VERTEX_POINT('',#820);
#380=VERTEX_POINT('',#822);
#381=VERTEX_POINT('',#825);
#382=VERTEX_POINT('',#827);
#383=VERTEX_POINT('',#832);
#384=VERTEX_POINT('',#834);
#385=VERTEX_POINT('',#836);
#386=VERTEX_POINT('',#838);
#387=VERTEX_POINT('',#840);
#388=VERTEX_POINT('',#844);
#389=VERTEX_POINT('',#846);
#390=VERTEX_POINT('',#850);
#391=VERTEX_POINT('',#851);
#392=VERTEX_POINT('',#853);
#393=VERTEX_POINT('',#855);
#394=VERTEX_POINT('',#857);
#395=VERTEX_POINT('',#861);
#396=VERTEX_POINT('',#862);
#397=VERTEX_POINT('',#864);
#398=VERTEX_POINT('',#866);
#399=VERTEX_POINT('',#868);
#400=VERTEX_POINT('',#870);
#401=VERTEX_POINT('',#874);
#402=VERTEX_POINT('',#876);
#403=VERTEX_POINT('',#878);
#404=VERTEX_POINT('',#882);
#405=VERTEX_POINT('',#884);
#406=VERTEX_POINT('',#888);
#407=VERTEX_POINT('',#892);
#408=VERTEX_POINT('',#896);
#409=VERTEX_POINT('',#900);
#410=VERTEX_POINT('',#907);
#411=VERTEX_POINT('',#918);
#412=VERTEX_POINT('',#919);
#413=VERTEX_POINT('',#927);
#414=VERTEX_POINT('',#930);
#415=VERTEX_POINT('',#932);
#416=B_SPLINE_CURVE_WITH_KNOTS('',3,(#770,#771,#772,#773,#774,#775,#776,
#777,#778),.UNSPECIFIED.,.F.,.F.,(4,1,1,1,1,1,4),(0.000157938646219437,
0.00299276462016515,0.00582759059411087,0.00866241656805658,0.0114972425420023,
0.0171668944898937,0.0228365464377852),.UNSPECIFIED.);
#417=B_SPLINE_CURVE_WITH_KNOTS('',3,(#783,#784,#785,#786,#787,#788,#789,
#790),.UNSPECIFIED.,.F.,.F.,(4,1,1,1,1,4),(0.000739097190065551,0.00631086094709655,
0.0118826247041275,0.0174543884611585,0.020240270339674,0.0230261522181895),
 .UNSPECIFIED.);
#418=B_SPLINE_CURVE_WITH_KNOTS('',3,(#910,#911,#912,#913,#914,#915,#916,
#917),.UNSPECIFIED.,.F.,.F.,(4,1,1,1,1,4),(0.000735602080543892,0.00639168930002521,
0.0120477765195065,0.0177038637389878,0.0205319073487285,0.0233599509584692),
 .UNSPECIFIED.);
#419=B_SPLINE_CURVE_WITH_KNOTS('',3,(#920,#921,#922,#923,#924,#925,#926),
 .UNSPECIFIED.,.F.,.F.,(4,1,1,1,4),(0.000158050163599574,0.00574722622729242,
0.0113364022909853,0.0169255783546781,0.0225147544183709),.UNSPECIFIED.);
#420=B_SPLINE_CURVE_WITH_KNOTS('',3,(#1289,#1290,#1291,#1292,#1293,#1294,
#1295,#1296,#1297,#1298,#1299,#1300,#1301,#1302,#1303,#1304,#1305,#1306,
#1307,#1308,#1309,#1310,#1311,#1312,#1313,#1314,#1315,#1316,#1317,#1318,
#1319,#1320,#1321,#1322,#1323,#1324,#1325,#1326,#1327,#1328,#1329,#1330,
#1331,#1332,#1333,#1334,#1335),.UNSPECIFIED.,.F.,.F.,(4,1,1,1,1,1,1,1,1,
1,1,1,1,1,1,1,1,1,1,1,1,1,1,1,1,1,1,1,1,1,1,1,1,1,1,1,1,1,1,1,1,1,1,1,4),
(0.0584154299276049,0.0614699515684865,0.0645244732093682,0.0675789948502498,
0.0706335164911314,0.0767425597728947,0.082851603054658,0.0889606463364213,
0.0950696896181846,0.101178732899948,0.107287776181711,0.113396819463474,
0.116451341104356,0.119505862745238,0.122560384386119,0.125614906027001,
0.128669427667883,0.131723949308764,0.137832992590528,0.143942035872291,
0.150051079154054,0.153105600794936,0.156160122435817,0.159214644076699,
0.162269165717581,0.165323687358462,0.168378208999344,0.171432730640226,
0.174487252281107,0.177541773921989,0.180596295562871,0.186705338844634,
0.192814382126397,0.19892342540816,0.205032468689924,0.211141511971687,
0.21725055525345,0.223359598535214,0.229468641816977,0.23557768509874,0.241686728380503,
0.244741250021385,0.247795771662267,0.250850293303148,0.25390481494403),
 .UNSPECIFIED.);
#421=B_SPLINE_CURVE_WITH_KNOTS('',3,(#1336,#1337,#1338,#1339,#1340,#1341,
#1342,#1343,#1344,#1345,#1346,#1347,#1348,#1349,#1350,#1351,#1352,#1353,
#1354,#1355,#1356,#1357,#1358,#1359,#1360,#1361,#1362,#1363,#1364,#1365,
#1366,#1367,#1368,#1369,#1370),.UNSPECIFIED.,.F.,.F.,(4,1,1,1,1,1,1,1,1,
1,1,1,1,1,1,1,1,1,1,1,1,1,1,1,1,1,1,1,1,1,1,1,4),(0.0510784356311921,0.0562005150051735,
0.0613225943791548,0.0664446737531361,0.0715667531271175,0.0766888325010988,
0.0818109118750801,0.0869329912490615,0.0920550706230428,0.0971771499970241,
0.102299229371005,0.107421308744987,0.112543388118968,0.117665467492949,
0.122787546866931,0.127909626240912,0.133031705614893,0.138153784988875,
0.143275864362856,0.148397943736838,0.153520023110819,0.1586421024848,0.163764181858782,
0.168886261232763,0.174008340606744,0.179130419980726,0.184252499354707,
0.189374578728688,0.19449665810267,0.199618737476651,0.204740816850632,
0.209862896224614,0.214984975598595),.UNSPECIFIED.);
#422=B_SPLINE_CURVE_WITH_KNOTS('',3,(#1372,#1373,#1374,#1375,#1376,#1377,
#1378,#1379,#1380,#1381,#1382,#1383,#1384,#1385,#1386,#1387,#1388,#1389,
#1390,#1391,#1392,#1393,#1394,#1395,#1396,#1397,#1398,#1399,#1400,#1401,
#1402,#1403,#1404,#1405,#1406,#1407,#1408,#1409,#1410,#1411,#1412,#1413),
 .UNSPECIFIED.,.F.,.F.,(4,1,1,1,1,1,1,1,1,1,1,1,1,1,1,1,1,1,1,1,1,1,1,1,
1,1,1,1,1,1,1,1,1,1,1,1,1,1,1,4),(0.0584083736526853,0.0614628967997216,
0.0645174199467578,0.0675719430937941,0.0706264662408304,0.0767355125349029,
0.0828445588289755,0.088953605123048,0.0950626514171205,0.101171697711193,
0.107280744005266,0.113389790299338,0.116444313446374,0.119498836593411,
0.122553359740447,0.125607882887483,0.128662406034519,0.131716929181556,
0.137825975475628,0.143935021769701,0.150044068063773,0.156153114357846,
0.162262160651918,0.168371206945991,0.174480253240063,0.180589299534136,
0.186698345828209,0.192807392122281,0.198916438416354,0.205025484710426,
0.211134531004499,0.217243577298571,0.223352623592644,0.229461669886716,
0.235570716180789,0.241679762474861,0.244734285621898,0.247788808768934,
0.25084333191597,0.253897855063006),.UNSPECIFIED.);
#423=EDGE_LOOP('',(#139,#140,#141));
#424=EDGE_LOOP('',(#142,#143,#144,#145,#146,#147,#148,#149));
#425=EDGE_LOOP('',(#150,#151,#152,#153));
#426=EDGE_LOOP('',(#154));
#427=EDGE_LOOP('',(#155));
#428=EDGE_LOOP('',(#156));
#429=EDGE_LOOP('',(#157));
#430=EDGE_LOOP('',(#158));
#431=EDGE_LOOP('',(#159));
#432=EDGE_LOOP('',(#160));
#433=EDGE_LOOP('',(#161));
#434=EDGE_LOOP('',(#162));
#435=EDGE_LOOP('',(#163));
#436=EDGE_LOOP('',(#164,#165,#166,#167,#168,#169,#170,#171));
#437=EDGE_LOOP('',(#172,#173,#174,#175));
#438=EDGE_LOOP('',(#176,#177,#178,#179,#180,#181,#182,#183));
#439=EDGE_LOOP('',(#184,#185,#186,#187,#188,#189));
#440=EDGE_LOOP('',(#190,#191,#192,#193,#194,#195));
#441=EDGE_LOOP('',(#196));
#442=EDGE_LOOP('',(#197,#198,#199,#200));
#443=EDGE_LOOP('',(#201,#202,#203,#204));
#444=EDGE_LOOP('',(#205,#206,#207,#208));
#445=EDGE_LOOP('',(#209,#210,#211,#212));
#446=EDGE_LOOP('',(#213,#214,#215,#216));
#447=EDGE_LOOP('',(#217,#218,#219,#220));
#448=EDGE_LOOP('',(#221));
#449=EDGE_LOOP('',(#222,#223,#224,#225,#226,#227));
#450=EDGE_LOOP('',(#228,#229,#230,#231));
#451=EDGE_LOOP('',(#232,#233,#234));
#452=EDGE_LOOP('',(#235,#236,#237,#238,#239,#240));
#453=EDGE_LOOP('',(#241,#242,#243,#244));
#454=EDGE_LOOP('',(#245,#246,#247,#248));
#455=EDGE_LOOP('',(#249,#250,#251,#252,#253,#254,#255,#256));
#456=EDGE_LOOP('',(#257,#258,#259,#260));
#457=EDGE_LOOP('',(#261,#262,#263,#264));
#458=EDGE_LOOP('',(#265,#266,#267,#268));
#459=EDGE_LOOP('',(#269,#270,#271,#272));
#460=EDGE_LOOP('',(#273,#274,#275,#276));
#461=EDGE_LOOP('',(#277,#278,#279,#280));
#462=EDGE_LOOP('',(#281,#282,#283,#284));
#463=EDGE_LOOP('',(#285,#286,#287,#288));
#464=FACE_BOUND('',#423,.T.);
#465=FACE_BOUND('',#424,.T.);
#466=FACE_BOUND('',#425,.T.);
#467=FACE_BOUND('',#426,.T.);
#468=FACE_BOUND('',#427,.T.);
#469=FACE_BOUND('',#428,.T.);
#470=FACE_BOUND('',#429,.T.);
#471=FACE_BOUND('',#430,.T.);
#472=FACE_BOUND('',#431,.T.);
#473=FACE_BOUND('',#432,.T.);
#474=FACE_BOUND('',#433,.T.);
#475=FACE_BOUND('',#434,.T.);
#476=FACE_BOUND('',#435,.T.);
#477=FACE_BOUND('',#436,.T.);
#478=FACE_BOUND('',#437,.T.);
#479=FACE_BOUND('',#438,.T.);
#480=FACE_BOUND('',#439,.T.);
#481=FACE_BOUND('',#440,.T.);
#482=FACE_BOUND('',#441,.T.);
#483=FACE_BOUND('',#442,.T.);
#484=FACE_BOUND('',#443,.T.);
#485=FACE_BOUND('',#444,.T.);
#486=FACE_BOUND('',#445,.T.);
#487=FACE_BOUND('',#446,.T.);
#488=FACE_BOUND('',#447,.T.);
#489=FACE_BOUND('',#448,.T.);
#490=FACE_BOUND('',#449,.T.);
#491=FACE_BOUND('',#450,.T.);
#492=FACE_BOUND('',#451,.T.);
#493=FACE_BOUND('',#452,.T.);
#494=FACE_BOUND('',#453,.T.);
#495=FACE_BOUND('',#454,.T.);
#496=FACE_BOUND('',#455,.T.);
#497=FACE_BOUND('',#456,.T.);
#498=FACE_BOUND('',#457,.T.);
#499=FACE_BOUND('',#458,.T.);
#500=FACE_BOUND('',#459,.T.);
#501=FACE_BOUND('',#460,.T.);
#502=FACE_BOUND('',#461,.T.);
#503=FACE_BOUND('',#462,.T.);
#504=FACE_BOUND('',#463,.T.);
#505=PLANE('',#567);
#506=PLANE('',#584);
#507=PLANE('',#585);
#508=PLANE('',#586);
#509=PLANE('',#590);
#510=PLANE('',#594);
#511=PLANE('',#597);
#512=PLANE('',#598);
#513=PLANE('',#599);
#514=PLANE('',#600);
#515=PLANE('',#601);
#516=PLANE('',#602);
#517=PLANE('',#603);
#518=PLANE('',#606);
#519=PLANE('',#610);
#520=PLANE('',#611);
#521=PLANE('',#613);
#522=PLANE('',#615);
#523=ADVANCED_FACE('',(#464,#465),#505,.T.);
#524=ADVANCED_FACE('',(#466),#14,.T.);
#525=ADVANCED_FACE('',(#467,#468),#15,.F.);
#526=ADVANCED_FACE('',(#469,#470),#16,.F.);
#527=ADVANCED_FACE('',(#471,#472),#17,.T.);
#528=ADVANCED_FACE('',(#473,#474),#506,.F.);
#529=ADVANCED_FACE('',(#475,#476),#507,.F.);
#530=ADVANCED_FACE('',(#477),#508,.F.);
#531=ADVANCED_FACE('',(#478),#18,.T.);
#532=ADVANCED_FACE('',(#479,#480),#509,.T.);
#533=ADVANCED_FACE('',(#481,#482),#510,.F.);
#534=ADVANCED_FACE('',(#483),#511,.F.);
#535=ADVANCED_FACE('',(#484),#512,.F.);
#536=ADVANCED_FACE('',(#485),#513,.F.);
#537=ADVANCED_FACE('',(#486),#514,.F.);
#538=ADVANCED_FACE('',(#487),#515,.F.);
#539=ADVANCED_FACE('',(#488),#516,.F.);
#540=ADVANCED_FACE('',(#489,#490),#517,.T.);
#541=ADVANCED_FACE('',(#491),#19,.T.);
#542=ADVANCED_FACE('',(#492,#493),#518,.T.);
#543=ADVANCED_FACE('',(#494),#20,.T.);
#544=ADVANCED_FACE('',(#495),#519,.F.);
#545=ADVANCED_FACE('',(#496),#520,.T.);
#546=ADVANCED_FACE('',(#497),#12,.F.);
#547=ADVANCED_FACE('',(#498),#21,.F.);
#548=ADVANCED_FACE('',(#499),#13,.F.);
#549=ADVANCED_FACE('',(#500),#521,.T.);
#550=ADVANCED_FACE('',(#501),#22,.T.);
#551=ADVANCED_FACE('',(#502),#522,.T.);
#552=ADVANCED_FACE('',(#503),#23,.T.);
#553=ADVANCED_FACE('',(#504),#24,.T.);
#554=CLOSED_SHELL('',(#523,#524,#525,#526,#527,#528,#529,#530,#531,#532,
#533,#534,#535,#536,#537,#538,#539,#540,#541,#542,#543,#544,#545,#546,#547,
#548,#549,#550,#551,#552,#553));
#555=STYLED_ITEM('',(#556),#563);
#556=PRESENTATION_STYLE_ASSIGNMENT((#557));
#557=SURFACE_STYLE_USAGE(.BOTH.,#558);
#558=SURFACE_SIDE_STYLE('',(#559));
#559=SURFACE_STYLE_FILL_AREA(#560);
#560=FILL_AREA_STYLE('',(#561));
#561=FILL_AREA_STYLE_COLOUR('',#562);
#562=COLOUR_RGB('',0.917647058823529,0.917647058823529,0.917647058823529);
#563=MANIFOLD_SOLID_BREP('Desk Clamp',#554);
#564=SHAPE_DEFINITION_REPRESENTATION(#1764,#565);
#565=SHAPE_REPRESENTATION('Desk Clamp',(#566),#1759);
#566=AXIS2_PLACEMENT_3D('',#768,#618,#619);
#567=AXIS2_PLACEMENT_3D('',#769,#620,#621);
#568=AXIS2_PLACEMENT_3D('',#781,#622,#623);
#569=AXIS2_PLACEMENT_3D('',#794,#625,#626);
#570=AXIS2_PLACEMENT_3D('',#798,#628,#629);
#571=AXIS2_PLACEMENT_3D('',#802,#631,#632);
#572=AXIS2_PLACEMENT_3D('',#806,#634,#635);
#573=AXIS2_PLACEMENT_3D('',#807,#636,#637);
#574=AXIS2_PLACEMENT_3D('',#812,#640,#641);
#575=AXIS2_PLACEMENT_3D('',#813,#642,#643);
#576=AXIS2_PLACEMENT_3D('',#814,#644,#645);
#577=AXIS2_PLACEMENT_3D('',#816,#646,#647);
#578=AXIS2_PLACEMENT_3D('',#818,#648,#649);
#579=AXIS2_PLACEMENT_3D('',#819,#650,#651);
#580=AXIS2_PLACEMENT_3D('',#821,#652,#653);
#581=AXIS2_PLACEMENT_3D('',#823,#654,#655);
#582=AXIS2_PLACEMENT_3D('',#824,#656,#657);
#583=AXIS2_PLACEMENT_3D('',#826,#658,#659);
#584=AXIS2_PLACEMENT_3D('',#828,#660,#661);
#585=AXIS2_PLACEMENT_3D('',#829,#662,#663);
#586=AXIS2_PLACEMENT_3D('',#830,#664,#665);
#587=AXIS2_PLACEMENT_3D('',#842,#672,#673);
#588=AXIS2_PLACEMENT_3D('',#843,#674,#675);
#589=AXIS2_PLACEMENT_3D('',#847,#677,#678);
#590=AXIS2_PLACEMENT_3D('',#848,#679,#680);
#591=AXIS2_PLACEMENT_3D('',#852,#682,#683);
#592=AXIS2_PLACEMENT_3D('',#856,#685,#686);
#593=AXIS2_PLACEMENT_3D('',#859,#688,#689);
#594=AXIS2_PLACEMENT_3D('',#872,#696,#697);
#595=AXIS2_PLACEMENT_3D('',#875,#699,#700);
#596=AXIS2_PLACEMENT_3D('',#879,#702,#703);
#597=AXIS2_PLACEMENT_3D('',#880,#704,#705);
#598=AXIS2_PLACEMENT_3D('',#886,#709,#710);
#599=AXIS2_PLACEMENT_3D('',#890,#713,#714);
#600=AXIS2_PLACEMENT_3D('',#894,#717,#718);
#601=AXIS2_PLACEMENT_3D('',#898,#721,#722);
#602=AXIS2_PLACEMENT_3D('',#902,#725,#726);
#603=AXIS2_PLACEMENT_3D('',#904,#728,#729);
#604=AXIS2_PLACEMENT_3D('',#905,#730,#731);
#605=AXIS2_PLACEMENT_3D('',#906,#732,#733);
#606=AXIS2_PLACEMENT_3D('',#909,#735,#736);
#607=AXIS2_PLACEMENT_3D('',#928,#737,#738);
#608=AXIS2_PLACEMENT_3D('',#931,#740,#741);
#609=AXIS2_PLACEMENT_3D('',#934,#743,#744);
#610=AXIS2_PLACEMENT_3D('',#937,#747,#748);
#611=AXIS2_PLACEMENT_3D('',#938,#749,#750);
#612=AXIS2_PLACEMENT_3D('',#1371,#753,#754);
#613=AXIS2_PLACEMENT_3D('',#1750,#755,#756);
#614=AXIS2_PLACEMENT_3D('',#1752,#758,#759);
#615=AXIS2_PLACEMENT_3D('',#1753,#760,#761);
#616=AXIS2_PLACEMENT_3D('',#1756,#764,#765);
#617=AXIS2_PLACEMENT_3D('',#1757,#766,#767);
#618=DIRECTION('',(0.,0.,1.));
#619=DIRECTION('',(1.,0.,0.));
#620=DIRECTION('',(0.,0.,1.));
#621=DIRECTION('',(1.,0.,0.));
#622=DIRECTION('',(0.,0.,1.));
#623=DIRECTION('',(1.,0.,0.));
#624=DIRECTION('',(-0.939540365905522,-0.342438170819372,0.));
#625=DIRECTION('',(0.,0.,1.));
#626=DIRECTION('',(1.,0.,0.));
#627=DIRECTION('',(0.,1.,0.));
#628=DIRECTION('',(0.,0.,1.));
#629=DIRECTION('',(1.,0.,0.));
#630=DIRECTION('',(1.,-5.55111512312578E-16,0.));
#631=DIRECTION('',(0.,0.,-1.));
#632=DIRECTION('',(-1.,0.,0.));
#633=DIRECTION('',(0.,-1.,0.));
#634=DIRECTION('',(0.,0.,-1.));
#635=DIRECTION('',(-1.,0.,0.));
#636=DIRECTION('',(0.,0.,-1.));
#637=DIRECTION('',(1.,0.,0.));
#638=DIRECTION('',(0.,0.,-1.));
#639=DIRECTION('',(0.,0.,-1.));
#640=DIRECTION('',(0.,0.,-1.));
#641=DIRECTION('',(-1.,0.,0.));
#642=DIRECTION('',(0.,0.,1.));
#643=DIRECTION('',(1.,0.,0.));
#644=DIRECTION('',(0.,0.,-1.));
#645=DIRECTION('',(-1.,0.,0.));
#646=DIRECTION('',(0.,0.,-1.));
#647=DIRECTION('',(-1.,0.,0.));
#648=DIRECTION('',(0.,0.,1.));
#649=DIRECTION('',(1.,0.,0.));
#650=DIRECTION('',(0.,0.,-1.));
#651=DIRECTION('',(-1.,0.,0.));
#652=DIRECTION('',(0.,0.,-1.));
#653=DIRECTION('',(-1.,0.,0.));
#654=DIRECTION('',(0.,0.,1.));
#655=DIRECTION('',(1.,0.,0.));
#656=DIRECTION('',(0.,0.,-1.));
#657=DIRECTION('',(-1.,0.,0.));
#658=DIRECTION('',(0.,0.,-1.));
#659=DIRECTION('',(-1.,0.,0.));
#660=DIRECTION('',(0.,0.,-1.));
#661=DIRECTION('',(1.,0.,0.));
#662=DIRECTION('',(0.,0.,-1.));
#663=DIRECTION('',(1.,0.,0.));
#664=DIRECTION('',(-5.55111512312578E-16,-1.,0.));
#665=DIRECTION('',(1.,-5.55111512312578E-16,0.));
#666=DIRECTION('',(0.,0.,-1.));
#667=DIRECTION('',(1.,-5.55111512312578E-16,0.));
#668=DIRECTION('',(0.,0.,1.));
#669=DIRECTION('',(1.,-5.55111512312578E-16,0.));
#670=DIRECTION('',(0.,0.,-1.));
#671=DIRECTION('',(1.,-5.55111512312578E-16,0.));
#672=DIRECTION('',(0.,0.,1.));
#673=DIRECTION('',(1.,0.,0.));
#674=DIRECTION('',(0.,0.,-1.));
#675=DIRECTION('',(-1.,0.,0.));
#676=DIRECTION('',(0.,0.,1.));
#677=DIRECTION('',(0.,0.,-1.));
#678=DIRECTION('',(-1.,0.,0.));
#679=DIRECTION('',(0.,0.,-1.));
#680=DIRECTION('',(1.,0.,0.));
#681=DIRECTION('',(0.,1.,0.));
#682=DIRECTION('',(0.,0.,-1.));
#683=DIRECTION('',(-1.,0.,0.));
#684=DIRECTION('',(-0.939540365905525,-0.342438170819364,0.));
#685=DIRECTION('',(0.,0.,-1.));
#686=DIRECTION('',(1.,0.,0.));
#687=DIRECTION('',(-4.62592926927149E-15,-1.,0.));
#688=DIRECTION('',(0.,0.,-1.));
#689=DIRECTION('',(-1.,0.,0.));
#690=DIRECTION('',(0.866025403784445,-0.499999999999989,0.));
#691=DIRECTION('',(0.866025403784432,0.500000000000012,0.));
#692=DIRECTION('',(-1.2819751242557E-14,1.,0.));
#693=DIRECTION('',(-0.866025403784445,0.49999999999999,0.));
#694=DIRECTION('',(-0.866025403784433,-0.50000000000001,0.));
#695=DIRECTION('',(0.,-1.,0.));
#696=DIRECTION('',(0.,0.,-1.));
#697=DIRECTION('',(1.,0.,0.));
#698=DIRECTION('',(-4.62592926927149E-15,-1.,0.));
#699=DIRECTION('',(0.,0.,-1.));
#700=DIRECTION('',(1.,0.,0.));
#701=DIRECTION('',(-0.939540365905525,-0.342438170819364,0.));
#702=DIRECTION('',(0.,0.,-1.));
#703=DIRECTION('',(-1.,0.,0.));
#704=DIRECTION('',(0.499999999999989,0.866025403784445,0.));
#705=DIRECTION('',(-0.866025403784445,0.499999999999989,0.));
#706=DIRECTION('',(0.,0.,-1.));
#707=DIRECTION('',(0.866025403784445,-0.499999999999989,0.));
#708=DIRECTION('',(0.,0.,-1.));
#709=DIRECTION('',(1.,0.,0.));
#710=DIRECTION('',(0.,0.,-1.));
#711=DIRECTION('',(0.,0.,-1.));
#712=DIRECTION('',(0.,-1.,0.));
#713=DIRECTION('',(0.50000000000001,-0.866025403784433,0.));
#714=DIRECTION('',(0.866025403784433,0.50000000000001,0.));
#715=DIRECTION('',(0.,0.,-1.));
#716=DIRECTION('',(-0.866025403784433,-0.50000000000001,0.));
#717=DIRECTION('',(-0.49999999999999,-0.866025403784444,0.));
#718=DIRECTION('',(0.866025403784445,-0.49999999999999,0.));
#719=DIRECTION('',(0.,0.,-1.));
#720=DIRECTION('',(-0.866025403784445,0.49999999999999,0.));
#721=DIRECTION('',(-1.,-1.2819751242557E-14,0.));
#722=DIRECTION('',(1.2819751242557E-14,-1.,0.));
#723=DIRECTION('',(0.,0.,-1.));
#724=DIRECTION('',(-1.2819751242557E-14,1.,0.));
#725=DIRECTION('',(-0.500000000000011,0.866025403784432,0.));
#726=DIRECTION('',(-0.866025403784432,-0.500000000000012,0.));
#727=DIRECTION('',(0.866025403784432,0.500000000000012,0.));
#728=DIRECTION('',(0.,0.,-1.));
#729=DIRECTION('',(1.,0.,0.));
#730=DIRECTION('',(0.,0.,-1.));
#731=DIRECTION('',(-1.,0.,0.));
#732=DIRECTION('',(0.,0.,-1.));
#733=DIRECTION('',(-1.,0.,0.));
#734=DIRECTION('',(0.,0.,-1.));
#735=DIRECTION('',(0.,0.,-1.));
#736=DIRECTION('',(1.,0.,0.));
#737=DIRECTION('',(0.,0.,-1.));
#738=DIRECTION('',(-1.,0.,0.));
#739=DIRECTION('',(-0.939540365905522,-0.342438170819372,0.));
#740=DIRECTION('',(0.,0.,-1.));
#741=DIRECTION('',(-1.,0.,0.));
#742=DIRECTION('',(0.,-1.,0.));
#743=DIRECTION('',(0.,0.,-1.));
#744=DIRECTION('',(-1.,0.,0.));
#745=DIRECTION('',(0.,0.,-1.));
#746=DIRECTION('',(0.,0.,-1.));
#747=DIRECTION('',(1.,0.,0.));
#748=DIRECTION('',(0.,0.,-1.));
#749=DIRECTION('',(0.342438170819372,-0.939540365905522,0.));
#750=DIRECTION('',(0.939540365905522,0.342438170819372,0.));
#751=DIRECTION('',(0.,0.,-1.));
#752=DIRECTION('',(0.,0.,1.));
#753=DIRECTION('',(0.,0.,1.));
#754=DIRECTION('',(1.,0.,0.));
#755=DIRECTION('',(-1.,4.62592926927149E-15,0.));
#756=DIRECTION('',(-4.62592926927149E-15,-1.,0.));
#757=DIRECTION('',(0.,0.,1.));
#758=DIRECTION('',(0.,0.,1.));
#759=DIRECTION('',(1.,0.,0.));
#760=DIRECTION('',(-1.,0.,0.));
#761=DIRECTION('',(0.,0.,1.));
#762=DIRECTION('',(0.,0.,-1.));
#763=DIRECTION('',(0.,0.,-1.));
#764=DIRECTION('',(0.,0.,1.));
#765=DIRECTION('',(1.,0.,0.));
#766=DIRECTION('',(0.,0.,-1.));
#767=DIRECTION('',(-1.,0.,0.));
#768=CARTESIAN_POINT('',(0.,0.,0.));
#769=CARTESIAN_POINT('',(0.3,-0.0325,-0.0965));
#770=CARTESIAN_POINT('',(0.296109351295733,-0.0318230060568713,-0.0965));
#771=CARTESIAN_POINT('',(0.295282704027203,-0.0313487739390055,-0.0965));
#772=CARTESIAN_POINT('',(0.293569964731203,-0.0305499450950024,-0.0965));
#773=CARTESIAN_POINT('',(0.290774360479797,-0.0298702882074664,-0.0964999999999999));
#774=CARTESIAN_POINT('',(0.287953033075511,-0.0297470042003259,-0.0965));
#775=CARTESIAN_POINT('',(0.284173356987129,-0.0303270878458111,-0.0964999999999999));
#776=CARTESIAN_POINT('',(0.279823357417211,-0.0323835940129812,-0.0965));
#777=CARTESIAN_POINT('',(0.277286227917297,-0.0353131888751583,-0.0965));
#778=CARTESIAN_POINT('',(0.276405241178609,-0.0369953531900096,-0.0965));
#779=CARTESIAN_POINT('',(0.296109351295732,-0.0318230060568744,-0.0965000000000016));
#780=CARTESIAN_POINT('',(0.276405241178611,-0.036995353190011,-0.0965));
#781=CARTESIAN_POINT('',(0.287,-0.0445,-0.0965));
#782=CARTESIAN_POINT('',(0.277777664543162,-0.0570950381176339,-0.0965));
#783=CARTESIAN_POINT('',(0.276405241178613,-0.0369953531900121,-0.0965));
#784=CARTESIAN_POINT('',(0.275131108927677,-0.0383625009504714,-0.0965000000000001));
#785=CARTESIAN_POINT('',(0.27318390071028,-0.041642237345973,-0.0965000000000001));
#786=CARTESIAN_POINT('',(0.272586847264698,-0.0473313898107621,-0.0964999999999999));
#787=CARTESIAN_POINT('',(0.273844454916253,-0.0518970211492484,-0.0965));
#788=CARTESIAN_POINT('',(0.275827303554054,-0.0550983002164455,-0.0965));
#789=CARTESIAN_POINT('',(0.277080218115659,-0.0564651217923882,-0.0965));
#790=CARTESIAN_POINT('',(0.277777664543164,-0.0570950381176329,-0.0965));
#791=CARTESIAN_POINT('',(0.326700447931403,-0.0534459181687846,-0.0965));
#792=CARTESIAN_POINT('',(0.34418930193766,-0.0470716830715434,-0.0965));
#793=CARTESIAN_POINT('',(0.294533639758026,-0.0651698880499214,-0.0965));
#794=CARTESIAN_POINT('',(0.340764920229466,-0.0376762794124882,-0.0965));
#795=CARTESIAN_POINT('',(0.330764920229466,-0.0376762794124882,-0.0965));
#796=CARTESIAN_POINT('',(0.330764920229466,-0.0315874603630994,-0.0965));
#797=CARTESIAN_POINT('',(0.330764920229466,-0.0325,-0.0965));
#798=CARTESIAN_POINT('',(0.340764920229466,-0.0325,-0.0965));
#799=CARTESIAN_POINT('',(0.340764920229466,-0.0225,-0.0965));
#800=CARTESIAN_POINT('',(0.3,-0.0225,-0.0965));
#801=CARTESIAN_POINT('',(0.275,-0.0225,-0.0965));
#802=CARTESIAN_POINT('',(0.275,-0.0325,-0.0965));
#803=CARTESIAN_POINT('',(0.265,-0.0325,-0.0965));
#804=CARTESIAN_POINT('',(0.265,-0.0385,-0.0965));
#805=CARTESIAN_POINT('',(0.265,-0.0445,-0.0965));
#806=CARTESIAN_POINT('',(0.287,-0.0445,-0.0965));
#807=CARTESIAN_POINT('',(0.275,-0.0325,-0.0965));
#808=CARTESIAN_POINT('',(0.265,-0.0325,-0.0965));
#809=CARTESIAN_POINT('',(0.265,-0.0325,-0.1065));
#810=CARTESIAN_POINT('',(0.275,-0.0225,-0.0965));
#811=CARTESIAN_POINT('',(0.275,-0.0225,-0.1065));
#812=CARTESIAN_POINT('',(0.275,-0.0325,-0.1065));
#813=CARTESIAN_POINT('',(0.325,-0.0325,-0.0565));
#814=CARTESIAN_POINT('',(0.325,-0.0325,-0.0465));
#815=CARTESIAN_POINT('',(0.32285,-0.0325,-0.0465));
#816=CARTESIAN_POINT('',(0.325,-0.0325,-0.0505));
#817=CARTESIAN_POINT('',(0.32285,-0.0325,-0.0505));
#818=CARTESIAN_POINT('',(0.325,-0.0325,-0.0465));
#819=CARTESIAN_POINT('',(0.325,-0.0325,-0.0465));
#820=CARTESIAN_POINT('',(0.3215,-0.0325,-0.0465));
#821=CARTESIAN_POINT('',(0.325,-0.0325,-0.0385));
#822=CARTESIAN_POINT('',(0.3215,-0.0325,-0.0385));
#823=CARTESIAN_POINT('',(0.325,-0.0325,-0.0465));
#824=CARTESIAN_POINT('',(0.325,-0.0325,-0.0465));
#825=CARTESIAN_POINT('',(0.3195,-0.0325,-0.0465));
#826=CARTESIAN_POINT('',(0.325,-0.0325,-0.0385));
#827=CARTESIAN_POINT('',(0.3195,-0.0325,-0.0385));
#828=CARTESIAN_POINT('',(0.32,-0.0325,-0.0385));
#829=CARTESIAN_POINT('',(0.3,-0.0325,-0.0465));
#830=CARTESIAN_POINT('',(0.3,-0.0225,-0.0565));
#831=CARTESIAN_POINT('',(0.340764920229466,-0.0225,-0.0565));
#832=CARTESIAN_POINT('',(0.340764920229466,-0.0225,-0.0565));
#833=CARTESIAN_POINT('',(0.3,-0.0225,-0.0565));
#834=CARTESIAN_POINT('',(0.275,-0.0225,-0.0565));
#835=CARTESIAN_POINT('',(0.275,-0.0225,-0.0565));
#836=CARTESIAN_POINT('',(0.275,-0.0225,-0.0465));
#837=CARTESIAN_POINT('',(0.3,-0.0225,-0.0465));
#838=CARTESIAN_POINT('',(0.355,-0.0225,-0.0465));
#839=CARTESIAN_POINT('',(0.355,-0.0225,-0.0465));
#840=CARTESIAN_POINT('',(0.355,-0.0225,-0.1065));
#841=CARTESIAN_POINT('',(0.3,-0.0225,-0.1065));
#842=CARTESIAN_POINT('',(0.275,-0.0325,-0.0565));
#843=CARTESIAN_POINT('',(0.275,-0.0325,-0.0565));
#844=CARTESIAN_POINT('',(0.265,-0.0325,-0.0565));
#845=CARTESIAN_POINT('',(0.265,-0.0325,-0.0565));
#846=CARTESIAN_POINT('',(0.265,-0.0325,-0.0465));
#847=CARTESIAN_POINT('',(0.275,-0.0325,-0.0465));
#848=CARTESIAN_POINT('',(0.3,-0.0325,-0.0565));
#849=CARTESIAN_POINT('',(0.330764920229466,-0.0325,-0.0565));
#850=CARTESIAN_POINT('',(0.330764920229466,-0.0376762794124882,-0.0565));
#851=CARTESIAN_POINT('',(0.330764920229466,-0.0325,-0.0565));
#852=CARTESIAN_POINT('',(0.340764920229466,-0.0376762794124882,-0.0565));
#853=CARTESIAN_POINT('',(0.34418930193766,-0.047071683071544,-0.0565));
#854=CARTESIAN_POINT('',(0.326253700139669,-0.0536087461878572,-0.0565));
#855=CARTESIAN_POINT('',(0.294533639758026,-0.0651698880499217,-0.0565));
#856=CARTESIAN_POINT('',(0.287,-0.0445,-0.0565));
#857=CARTESIAN_POINT('',(0.265,-0.0445,-0.0565));
#858=CARTESIAN_POINT('',(0.265,-0.0385,-0.0565));
#859=CARTESIAN_POINT('',(0.340764920229466,-0.0325,-0.0565));
#860=CARTESIAN_POINT('',(0.326875,-0.0292524047358084,-0.0565));
#861=CARTESIAN_POINT('',(0.325,-0.0281698729810778,-0.0565));
#862=CARTESIAN_POINT('',(0.32875,-0.0303349364905389,-0.0565));
#863=CARTESIAN_POINT('',(0.323125,-0.0292524047358084,-0.0565));
#864=CARTESIAN_POINT('',(0.32125,-0.0303349364905389,-0.0565));
#865=CARTESIAN_POINT('',(0.32125,-0.0325,-0.0565));
#866=CARTESIAN_POINT('',(0.32125,-0.0346650635094611,-0.0565));
#867=CARTESIAN_POINT('',(0.323125,-0.0357475952641916,-0.0565));
#868=CARTESIAN_POINT('',(0.325,-0.0368301270189221,-0.0565));
#869=CARTESIAN_POINT('',(0.326875,-0.0357475952641917,-0.0565));
#870=CARTESIAN_POINT('',(0.32875,-0.0346650635094611,-0.0565));
#871=CARTESIAN_POINT('',(0.32875,-0.0325,-0.0565));
#872=CARTESIAN_POINT('',(0.3,-0.0325,-0.0465));
#873=CARTESIAN_POINT('',(0.265,-0.0385,-0.0465));
#874=CARTESIAN_POINT('',(0.265,-0.0445,-0.0465));
#875=CARTESIAN_POINT('',(0.287,-0.0445,-0.0465));
#876=CARTESIAN_POINT('',(0.294533639758026,-0.0651698880499217,-0.0465));
#877=CARTESIAN_POINT('',(0.326253700139669,-0.0536087461878572,-0.0465));
#878=CARTESIAN_POINT('',(0.357973760521313,-0.0420476043257919,-0.0465));
#879=CARTESIAN_POINT('',(0.355,-0.0325,-0.0465));
#880=CARTESIAN_POINT('',(0.326875,-0.0292524047358084,-0.0505));
#881=CARTESIAN_POINT('',(0.32875,-0.0303349364905389,-0.0505));
#882=CARTESIAN_POINT('',(0.32875,-0.0303349364905389,-0.0505));
#883=CARTESIAN_POINT('',(0.326875,-0.0292524047358084,-0.0505));
#884=CARTESIAN_POINT('',(0.325,-0.0281698729810778,-0.0505));
#885=CARTESIAN_POINT('',(0.325,-0.0281698729810778,-0.0505));
#886=CARTESIAN_POINT('',(0.32875,-0.0325,-0.0505));
#887=CARTESIAN_POINT('',(0.32875,-0.0346650635094611,-0.0505));
#888=CARTESIAN_POINT('',(0.32875,-0.0346650635094611,-0.0505));
#889=CARTESIAN_POINT('',(0.32875,-0.0325,-0.0505));
#890=CARTESIAN_POINT('',(0.326875,-0.0357475952641917,-0.0505));
#891=CARTESIAN_POINT('',(0.325,-0.0368301270189221,-0.0505));
#892=CARTESIAN_POINT('',(0.325,-0.0368301270189221,-0.0505));
#893=CARTESIAN_POINT('',(0.326875,-0.0357475952641917,-0.0505));
#894=CARTESIAN_POINT('',(0.323125,-0.0357475952641916,-0.0505));
#895=CARTESIAN_POINT('',(0.32125,-0.0346650635094611,-0.0505));
#896=CARTESIAN_POINT('',(0.32125,-0.0346650635094611,-0.0505));
#897=CARTESIAN_POINT('',(0.323125,-0.0357475952641916,-0.0505));
#898=CARTESIAN_POINT('',(0.32125,-0.0325,-0.0505));
#899=CARTESIAN_POINT('',(0.32125,-0.030334936490539,-0.0505));
#900=CARTESIAN_POINT('',(0.32125,-0.030334936490539,-0.0505));
#901=CARTESIAN_POINT('',(0.32125,-0.0325,-0.0505));
#902=CARTESIAN_POINT('',(0.323125,-0.0292524047358084,-0.0505));
#903=CARTESIAN_POINT('',(0.323125,-0.0292524047358084,-0.0505));
#904=CARTESIAN_POINT('',(0.3,-0.0325,-0.0505));
#905=CARTESIAN_POINT('',(0.355,-0.0325,-0.0465));
#906=CARTESIAN_POINT('',(0.355,-0.0325,-0.1065));
#907=CARTESIAN_POINT('',(0.357973760521313,-0.0420476043257918,-0.1065));
#908=CARTESIAN_POINT('',(0.357973760521313,-0.0420476043257918,-0.0965));
#909=CARTESIAN_POINT('',(0.315,-0.0325,-0.1065));
#910=CARTESIAN_POINT('',(0.276405241178609,-0.0369953531900103,-0.1065));
#911=CARTESIAN_POINT('',(0.277285282944414,-0.0353149932152151,-0.1065));
#912=CARTESIAN_POINT('',(0.279816286880426,-0.0323867647440679,-0.1065));
#913=CARTESIAN_POINT('',(0.285058249240972,-0.029910429286641,-0.1065));
#914=CARTESIAN_POINT('',(0.289866094159452,-0.0296450845964547,-0.1065));
#915=CARTESIAN_POINT('',(0.293564022601163,-0.0305492881668864,-0.1065));
#916=CARTESIAN_POINT('',(0.295282245631437,-0.0313485109659077,-0.1065));
#917=CARTESIAN_POINT('',(0.296109351295704,-0.0318230060568547,-0.1065));
#918=CARTESIAN_POINT('',(0.276405241178611,-0.0369953531900115,-0.1065));
#919=CARTESIAN_POINT('',(0.296109351295705,-0.0318230060568546,-0.1065));
#920=CARTESIAN_POINT('',(0.277777664543165,-0.0570950381176337,-0.1065));
#921=CARTESIAN_POINT('',(0.27638203727609,-0.055834542164371,-0.1065));
#922=CARTESIAN_POINT('',(0.274094944042653,-0.0528039089364266,-0.1065));
#923=CARTESIAN_POINT('',(0.272585580789348,-0.0473150589260917,-0.1065));
#924=CARTESIAN_POINT('',(0.273184624537072,-0.0416470839799153,-0.1065));
#925=CARTESIAN_POINT('',(0.2751295765655,-0.0383641451797231,-0.1065));
#926=CARTESIAN_POINT('',(0.276405241178612,-0.0369953531900127,-0.1065));
#927=CARTESIAN_POINT('',(0.277777664543163,-0.0570950381176348,-0.1065));
#928=CARTESIAN_POINT('',(0.287,-0.0445,-0.1065));
#929=CARTESIAN_POINT('',(0.326700447931403,-0.0534459181687846,-0.1065));
#930=CARTESIAN_POINT('',(0.294533639758026,-0.0651698880499214,-0.1065));
#931=CARTESIAN_POINT('',(0.287,-0.0445,-0.1065));
#932=CARTESIAN_POINT('',(0.265,-0.0445,-0.1065));
#933=CARTESIAN_POINT('',(0.265,-0.0385,-0.1065));
#934=CARTESIAN_POINT('',(0.287,-0.0445,-0.0965));
#935=CARTESIAN_POINT('',(0.294533639758026,-0.0651698880499214,-0.0965));
#936=CARTESIAN_POINT('',(0.265,-0.0445,-0.0965));
#937=CARTESIAN_POINT('',(0.265,-0.0385,-0.0965));
#938=CARTESIAN_POINT('',(0.326700447931403,-0.0534459181687846,-0.0965));
#939=CARTESIAN_POINT('',(0.34418930193766,-0.0470716830715434,-0.0965));
#940=CARTESIAN_POINT('',(0.294533639758026,-0.0651698880499217,-0.0565));
#941=CARTESIAN_POINT('',(0.297147780885914,-0.0326171492251268,-0.106557252289388));
#942=CARTESIAN_POINT('',(0.296252253399683,-0.0318573311962402,-0.10649662316885));
#943=CARTESIAN_POINT('',(0.294877505939372,-0.0309229145270365,-0.106421878432177));
#944=CARTESIAN_POINT('',(0.292641678565366,-0.0298809467943573,-0.106303065021624));
#945=CARTESIAN_POINT('',(0.290410191879727,-0.0291729655402813,-0.106183993016819));
#946=CARTESIAN_POINT('',(0.287450253854388,-0.028764374460081,-0.106026197778463));
#947=CARTESIAN_POINT('',(0.28405249813133,-0.0290144916800456,-0.105845202370723));
#948=CARTESIAN_POINT('',(0.280678517765228,-0.0300753275499866,-0.105664234371954));
#949=CARTESIAN_POINT('',(0.277779809999018,-0.0317324548443069,-0.105513126279779));
#950=CARTESIAN_POINT('',(0.27515671560325,-0.0340971084867829,-0.105333387183834));
#951=CARTESIAN_POINT('',(0.27310159779429,-0.037061911972811,-0.105141756345727));
#952=CARTESIAN_POINT('',(0.271854404005488,-0.0402153475770376,-0.104963181696348));
#953=CARTESIAN_POINT('',(0.27136991370743,-0.0430918807294698,-0.104816145265429));
#954=CARTESIAN_POINT('',(0.271351508530352,-0.0454946826012885,-0.104706994114773));
#955=CARTESIAN_POINT('',(0.271688562415623,-0.0479752806272056,-0.104583095866949));
#956=CARTESIAN_POINT('',(0.272575888138195,-0.05080369896215,-0.104429098543469));
#957=CARTESIAN_POINT('',(0.274156578206209,-0.0536016627745187,-0.104257527810226));
#958=CARTESIAN_POINT('',(0.276123490674829,-0.0558240077667607,-0.104102820814496));
#959=CARTESIAN_POINT('',(0.277932809904302,-0.057277760457002,-0.103986645513588));
#960=CARTESIAN_POINT('',(0.279514170323058,-0.0582505291775479,-0.103901018115497));
#961=CARTESIAN_POINT('',(0.281222482935076,-0.0590656769292642,-0.103810330487096));
#962=CARTESIAN_POINT('',(0.28344416317978,-0.0597937722865247,-0.103691739818661));
#963=CARTESIAN_POINT('',(0.286398122680834,-0.0602305965987218,-0.103534288855509));
#964=CARTESIAN_POINT('',(0.289597910953055,-0.0600254529220498,-0.103363838032052));
#965=CARTESIAN_POINT('',(0.292440917445286,-0.0592247527555224,-0.103211435429951));
#966=CARTESIAN_POINT('',(0.29466206438972,-0.0581797116204479,-0.103094322966146));
#967=CARTESIAN_POINT('',(0.296690813766687,-0.0568470512246401,-0.10298177722772));
#968=CARTESIAN_POINT('',(0.298860796975136,-0.0548498151909377,-0.102830202665936));
#969=CARTESIAN_POINT('',(0.300825381143833,-0.0520724051305114,-0.102649966362653));
#970=CARTESIAN_POINT('',(0.302104514404884,-0.0489291919440233,-0.102471007432656));
#971=CARTESIAN_POINT('',(0.302616917588233,-0.0460496838876707,-0.102322847835416));
#972=CARTESIAN_POINT('',(0.302656657679727,-0.0436468982527397,-0.10221361194695));
#973=CARTESIAN_POINT('',(0.302343282029411,-0.0411699141244,-0.102090730199365));
#974=CARTESIAN_POINT('',(0.301483946512618,-0.0383351466150774,-0.101937074497853));
#975=CARTESIAN_POINT('',(0.299930622860976,-0.0355224737102667,-0.101765597717343));
#976=CARTESIAN_POINT('',(0.297983191098102,-0.0332792020083254,-0.101610424352253));
#977=CARTESIAN_POINT('',(0.296184491045599,-0.0318059846881197,-0.101493659758978));
#978=CARTESIAN_POINT('',(0.29460820854062,-0.0308168556450751,-0.101407361102136));
#979=CARTESIAN_POINT('',(0.292913009214405,-0.0299890944977025,-0.101317621867263));
#980=CARTESIAN_POINT('',(0.290700674800199,-0.0292406786778327,-0.101199410065762));
#981=CARTESIAN_POINT('',(0.287753970127068,-0.0287759836636437,-0.101042439228283));
#982=CARTESIAN_POINT('',(0.284550171584586,-0.02895063849753,-0.100871635787172));
#983=CARTESIAN_POINT('',(0.281699213359718,-0.0297233861869012,-0.100719183164355));
#984=CARTESIAN_POINT('',(0.279630185432659,-0.0306745132148602,-0.100609426109255));
#985=CARTESIAN_POINT('',(0.278050218816284,-0.0316532019234744,-0.100523738718682));
#986=CARTESIAN_POINT('',(0.276533006597387,-0.0328372161199471,-0.100428235199219));
#987=CARTESIAN_POINT('',(0.274880486653201,-0.0345159202411348,-0.100306897050238));
#988=CARTESIAN_POINT('',(0.273170253597923,-0.0369796964492699,-0.100147305112465));
#989=CARTESIAN_POINT('',(0.271938374435461,-0.0399263867869904,-0.0999789031837598));
#990=CARTESIAN_POINT('',(0.271397521927506,-0.0428079743781329,-0.0998296806808461));
#991=CARTESIAN_POINT('',(0.271336468121487,-0.0452120973647405,-0.0997201355673575));
#992=CARTESIAN_POINT('',(0.271626301840522,-0.0476846067554399,-0.0995983600901712));
#993=CARTESIAN_POINT('',(0.272457615629865,-0.0505256019386926,-0.0994450224578272));
#994=CARTESIAN_POINT('',(0.27398327226479,-0.0533524332411727,-0.0992736930749903));
#995=CARTESIAN_POINT('',(0.275911187941682,-0.0556165717453002,-0.0991180214356312));
#996=CARTESIAN_POINT('',(0.277698447373379,-0.0571088384063824,-0.0990007689699926));
#997=CARTESIAN_POINT('',(0.279270504844236,-0.0581149686009059,-0.0989136206490814));
#998=CARTESIAN_POINT('',(0.280952187190265,-0.0589549198583752,-0.0988248860694608));
#999=CARTESIAN_POINT('',(0.283155033652108,-0.059723575757629,-0.0987070451301948));
#1000=CARTESIAN_POINT('',(0.286094103172221,-0.0602158990278269,-0.0985505738186696));
#1001=CARTESIAN_POINT('',(0.289301070048057,-0.0600720611199277,-0.0983795092626708));
#1002=CARTESIAN_POINT('',(0.292160889196934,-0.0593266761360114,-0.0982268061412862));
#1003=CARTESIAN_POINT('',(0.294246206801472,-0.0583907194266037,-0.0981157979883212));
#1004=CARTESIAN_POINT('',(0.295831681073914,-0.0574280629737121,-0.0980306201539519));
#1005=CARTESIAN_POINT('',(0.29735693024208,-0.0562604768481813,-0.0979356867197682));
#1006=CARTESIAN_POINT('',(0.299023312813274,-0.0545993979722045,-0.0978147693466282));
#1007=CARTESIAN_POINT('',(0.300640895241158,-0.0523175575129868,-0.0976661961820629));
#1008=CARTESIAN_POINT('',(0.30179140906587,-0.0497695755127874,-0.0975177481054537));
#1009=CARTESIAN_POINT('',(0.302381890655801,-0.0474946386075518,-0.0973970671333814));
#1010=CARTESIAN_POINT('',(0.302618455735103,-0.0455921797084169,-0.0973024642102169));
#1011=CARTESIAN_POINT('',(0.302648769569324,-0.0437399099141216,-0.0972174873163594));
#1012=CARTESIAN_POINT('',(0.302402587797395,-0.0414601642173277,-0.097105844879722));
#1013=CARTESIAN_POINT('',(0.301599455397594,-0.0386143832778062,-0.0969529916459627));
#1014=CARTESIAN_POINT('',(0.300101716461443,-0.0357735230820456,-0.0967818007805109));
#1015=CARTESIAN_POINT('',(0.298193349467767,-0.0334886586487369,-0.0966256134465998));
#1016=CARTESIAN_POINT('',(0.296418363656485,-0.0319777798437004,-0.0965079706277213));
#1017=CARTESIAN_POINT('',(0.29484965104799,-0.0309539602242973,-0.0964198005148745));
#1018=CARTESIAN_POINT('',(0.293181925125797,-0.0301022746918898,-0.0963321206925654));
#1019=CARTESIAN_POINT('',(0.290988686090675,-0.0293134488001706,-0.0962146452674792));
#1020=CARTESIAN_POINT('',(0.288057630444576,-0.0287937533304431,-0.096058690443427));
#1021=CARTESIAN_POINT('',(0.284848379369555,-0.0289064623511765,-0.0958874601556768));
#1022=CARTESIAN_POINT('',(0.281978658581931,-0.0296250505379918,-0.0957342960420133));
#1023=CARTESIAN_POINT('',(0.279704839769298,-0.0306208501674702,-0.0956131374087669));
#1024=CARTESIAN_POINT('',(0.27781573830173,-0.0317913745639087,-0.0955118273500112));
#1025=CARTESIAN_POINT('',(0.275578927411596,-0.0336669863857164,-0.0953642223536717));
#1026=CARTESIAN_POINT('',(0.274221681244794,-0.0353977796158704,-0.0952486567716193));
#1027=CARTESIAN_POINT('',(0.273517862709868,-0.0365999421448628,-0.0951742328980406));
#1028=CARTESIAN_POINT('',(0.29657057367352,-0.0332898237566853,-0.106977696468394));
#1029=CARTESIAN_POINT('',(0.295725769237544,-0.0325732610328186,-0.106917069166286));
#1030=CARTESIAN_POINT('',(0.294429048543844,-0.0316920955728067,-0.106842331553274));
#1031=CARTESIAN_POINT('',(0.29231971015567,-0.0307094248910642,-0.106723509364435));
#1032=CARTESIAN_POINT('',(0.290214629652359,-0.0300418927947947,-0.106604434089501));
#1033=CARTESIAN_POINT('',(0.287422462136987,-0.0296568852588156,-0.106446635784206));
#1034=CARTESIAN_POINT('',(0.28421750154074,-0.0298933117197964,-0.1062656415633));
#1035=CARTESIAN_POINT('',(0.281035246587149,-0.0308943623534612,-0.106084682218017));
#1036=CARTESIAN_POINT('',(0.278301177913935,-0.0324578313441648,-0.105933574923165));
#1037=CARTESIAN_POINT('',(0.275827027524681,-0.0346888653788502,-0.105753826390041));
#1038=CARTESIAN_POINT('',(0.273888903481641,-0.0374858084469886,-0.105562194690635));
#1039=CARTESIAN_POINT('',(0.272712925827612,-0.0404605162615298,-0.105383621762442));
#1040=CARTESIAN_POINT('',(0.272256330056621,-0.043173710300774,-0.105236595009635));
#1041=CARTESIAN_POINT('',(0.272239257294581,-0.0454402252531984,-0.105127443710049));
#1042=CARTESIAN_POINT('',(0.272557546494228,-0.0477802609841855,-0.105003537738051));
#1043=CARTESIAN_POINT('',(0.273394966070767,-0.050448176263721,-0.104849537492641));
#1044=CARTESIAN_POINT('',(0.274886401788671,-0.0530872135264121,-0.104677966199421));
#1045=CARTESIAN_POINT('',(0.2767420004302,-0.0551831608798348,-0.104523262887646));
#1046=CARTESIAN_POINT('',(0.278448787202222,-0.0565541333798856,-0.104407092648967));
#1047=CARTESIAN_POINT('',(0.279940463675931,-0.0574714723330816,-0.104321469901038));
#1048=CARTESIAN_POINT('',(0.281552145099118,-0.0582402435767698,-0.104230775017795));
#1049=CARTESIAN_POINT('',(0.283647974938496,-0.0589267505361176,-0.104112181214014));
#1050=CARTESIAN_POINT('',(0.286434520383731,-0.0593383896503077,-0.103954726585714));
#1051=CARTESIAN_POINT('',(0.289452721473295,-0.0591444335070573,-0.103784278212648));
#1052=CARTESIAN_POINT('',(0.29213430582062,-0.0583887499165613,-0.103631877566826));
#1053=CARTESIAN_POINT('',(0.294229074363924,-0.0574028477900772,-0.103514776653851));
#1054=CARTESIAN_POINT('',(0.296142791878183,-0.056145397136641,-0.103402221177293));
#1055=CARTESIAN_POINT('',(0.29818945845781,-0.0542610811684792,-0.103250643022846));
#1056=CARTESIAN_POINT('',(0.300042243867952,-0.0516408943215839,-0.103070404315677));
#1057=CARTESIAN_POINT('',(0.301248343643361,-0.0486758327712777,-0.10289144759831));
#1058=CARTESIAN_POINT('',(0.301731265876199,-0.0459597982746712,-0.102743296490143));
#1059=CARTESIAN_POINT('',(0.3017684641457,-0.043693342905039,-0.102634062295324));
#1060=CARTESIAN_POINT('',(0.301472513360269,-0.0413566934692197,-0.102511172101296));
#1061=CARTESIAN_POINT('',(0.300661496095142,-0.0386827897585179,-0.102357513670881));
#1062=CARTESIAN_POINT('',(0.299195867413167,-0.0360298655388049,-0.102186035899304));
#1063=CARTESIAN_POINT('',(0.297358646468537,-0.0339141793873906,-0.102030866462962));
#1064=CARTESIAN_POINT('',(0.295661854735955,-0.0325248363403256,-0.101914106146244));
#1065=CARTESIAN_POINT('',(0.294174996306119,-0.0315920835852637,-0.101827813537125));
#1066=CARTESIAN_POINT('',(0.292575673844049,-0.0308114041391387,-0.101738066613474));
#1067=CARTESIAN_POINT('',(0.290488658615346,-0.030105728151927,-0.101619851749921));
#1068=CARTESIAN_POINT('',(0.287708946816287,-0.0296677946067685,-0.101462876989945));
#1069=CARTESIAN_POINT('',(0.284686953437584,-0.0298329948955477,-0.101292075758282));
#1070=CARTESIAN_POINT('',(0.281997865662351,-0.030562310928339,-0.10113962517187));
#1071=CARTESIAN_POINT('',(0.28004654734541,-0.0314596296930501,-0.101029878288502));
#1072=CARTESIAN_POINT('',(0.278556221630448,-0.0323830602372669,-0.100944186295402));
#1073=CARTESIAN_POINT('',(0.277125147185288,-0.0335001823224695,-0.10084867846829));
#1074=CARTESIAN_POINT('',(0.275566538877466,-0.0350839547645487,-0.100727336700438));
#1075=CARTESIAN_POINT('',(0.273953650192722,-0.0374082507221496,-0.100567743241159));
#1076=CARTESIAN_POINT('',(0.2727920895536,-0.0401879303057632,-0.100399343365406));
#1077=CARTESIAN_POINT('',(0.272282336549151,-0.0429059597056386,-0.100250128259461));
#1078=CARTESIAN_POINT('',(0.272225033494813,-0.0451736324278012,-0.100140586669755));
#1079=CARTESIAN_POINT('',(0.2724987740464,-0.0475060834125199,-0.100018802031654));
#1080=CARTESIAN_POINT('',(0.273283359235208,-0.0501858609597011,-0.0998654618630594));
#1081=CARTESIAN_POINT('',(0.274722897076054,-0.0528521528225354,-0.0996941310592039));
#1082=CARTESIAN_POINT('',(0.276541706984342,-0.0549875212257584,-0.0995384635911379));
#1083=CARTESIAN_POINT('',(0.278227728619847,-0.0563948435637553,-0.0994212146142557));
#1084=CARTESIAN_POINT('',(0.279710573952653,-0.0573436139730316,-0.0993340737359003));
#1085=CARTESIAN_POINT('',(0.28129715641224,-0.0581358025537895,-0.0992453310372033));
#1086=CARTESIAN_POINT('',(0.283375222963851,-0.0588605717461048,-0.0991274871097593));
#1087=CARTESIAN_POINT('',(0.286147741999451,-0.0593245713211841,-0.0989710116304349));
#1088=CARTESIAN_POINT('',(0.289172734778793,-0.059188436144649,-0.098799948993335));
#1089=CARTESIAN_POINT('',(0.291870179882359,-0.0584849327001021,-0.0986472481362907));
#1090=CARTESIAN_POINT('',(0.293836881088278,-0.0576019072965285,-0.0985362493945053));
#1091=CARTESIAN_POINT('',(0.295332374513232,-0.0566936191335664,-0.0984510683575771));
#1092=CARTESIAN_POINT('',(0.296771043604798,-0.0555919872081129,-0.0983561301603123));
#1093=CARTESIAN_POINT('',(0.298342729768165,-0.0540248401289249,-0.0982352092476878));
#1094=CARTESIAN_POINT('',(0.299868253484313,-0.0518721673703304,-0.098086634259323));
#1095=CARTESIAN_POINT('',(0.300953124934112,-0.0494685918897671,-0.0979381881033516));
#1096=CARTESIAN_POINT('',(0.301509779094031,-0.0473226946385807,-0.0978175106459206));
#1097=CARTESIAN_POINT('',(0.301732663401469,-0.0455282395320213,-0.0977229126670644));
#1098=CARTESIAN_POINT('',(0.301761033734655,-0.0437810994472737,-0.0976379384123592));
#1099=CARTESIAN_POINT('',(0.301528498096608,-0.041630472255274,-0.0975262868716352));
#1100=CARTESIAN_POINT('',(0.300770496203572,-0.0389461807411688,-0.097373431282318));
#1101=CARTESIAN_POINT('',(0.29935728674397,-0.0362666438863905,-0.0972022386151263));
#1102=CARTESIAN_POINT('',(0.297556915318626,-0.0341117243276985,-0.0970460555471244));
#1103=CARTESIAN_POINT('',(0.295882455652907,-0.0326868378517784,-0.0969284156862347));
#1104=CARTESIAN_POINT('',(0.294402780319061,-0.0317213944045779,-0.0968402538646052));
#1105=CARTESIAN_POINT('',(0.292829365016838,-0.0309181332351071,-0.0967525660393669));
#1106=CARTESIAN_POINT('',(0.290760353966595,-0.0301743337047816,-0.0966350874430286));
#1107=CARTESIAN_POINT('',(0.287995388351336,-0.0296845113295443,-0.0964791283510645));
#1108=CARTESIAN_POINT('',(0.284968229116193,-0.029791285908069,-0.0963078996553774));
#1109=CARTESIAN_POINT('',(0.282261444862891,-0.0304695119398318,-0.0961547380054774));
#1110=CARTESIAN_POINT('',(0.28011694406781,-0.0314090141295951,-0.0960335888089117));
#1111=CARTESIAN_POINT('',(0.278335055404735,-0.0325134227619617,-0.0959322748474391));
#1112=CARTESIAN_POINT('',(0.276225250517587,-0.0342830596083528,-0.0957846628801554));
#1113=CARTESIAN_POINT('',(0.274945221459515,-0.035915901247132,-0.0956690956730541));
#1114=CARTESIAN_POINT('',(0.274281494549171,-0.0370499758204757,-0.0955946716466613));
#1115=CARTESIAN_POINT('',(0.295993233292306,-0.0339623906743634,-0.107398130429038));
#1116=CARTESIAN_POINT('',(0.295199146171025,-0.0332890961474961,-0.107337505369019));
#1117=CARTESIAN_POINT('',(0.293980456520718,-0.0324612020663775,-0.107262776540057));
#1118=CARTESIAN_POINT('',(0.291997580302813,-0.0315378450019364,-0.107143943526951));
#1119=CARTESIAN_POINT('',(0.290018892685463,-0.0309107861796719,-0.107024864220098));
#1120=CARTESIAN_POINT('',(0.287394486259501,-0.0305493957372245,-0.1068670621334));
#1121=CARTESIAN_POINT('',(0.284382327050129,-0.0307721718763378,-0.106686069375684));
#1122=CARTESIAN_POINT('',(0.281391826245032,-0.0317134683351812,-0.106505120700214));
#1123=CARTESIAN_POINT('',(0.278822414995915,-0.0331833063151133,-0.106354014388513));
#1124=CARTESIAN_POINT('',(0.27649722238365,-0.0352807621155158,-0.106174254219194));
#1125=CARTESIAN_POINT('',(0.274676127203634,-0.037909869389275,-0.105982621458085));
#1126=CARTESIAN_POINT('',(0.273571404486605,-0.0407058602688397,-0.105804050651729));
#1127=CARTESIAN_POINT('',(0.273142736596523,-0.0432557002711611,-0.105657035832451));
#1128=CARTESIAN_POINT('',(0.2731270198596,-0.0453859283014868,-0.10554788434919));
#1129=CARTESIAN_POINT('',(0.273426573623457,-0.0475854127437423,-0.105423968852898));
#1130=CARTESIAN_POINT('',(0.27421412171081,-0.050092818589347,-0.105269965005063));
#1131=CARTESIAN_POINT('',(0.275616335894285,-0.0525729106653928,-0.105098393021377));
#1132=CARTESIAN_POINT('',(0.277360640893092,-0.0545424321507651,-0.104943694251715));
#1133=CARTESIAN_POINT('',(0.278964902567457,-0.0558305982345803,-0.104827530254865));
#1134=CARTESIAN_POINT('',(0.280366895900486,-0.0566924868521835,-0.104741913241002));
#1135=CARTESIAN_POINT('',(0.281881967810449,-0.0574148696321281,-0.104651209411971));
#1136=CARTESIAN_POINT('',(0.28385196050751,-0.0580597642163433,-0.104532611742468));
#1137=CARTESIAN_POINT('',(0.286471102728584,-0.0584461845319712,-0.104375152595135));
#1138=CARTESIAN_POINT('',(0.28930770873674,-0.0582633794263344,-0.104204707243412));
#1139=CARTESIAN_POINT('',(0.291827857218614,-0.057552679939827,-0.104052309009218));
#1140=CARTESIAN_POINT('',(0.293796215443865,-0.0566259062062093,-0.103935222339349));
#1141=CARTESIAN_POINT('',(0.295594903878506,-0.0554436339499963,-0.103822654854838));
#1142=CARTESIAN_POINT('',(0.297518234322376,-0.0536722083635218,-0.103671072270926));
#1143=CARTESIAN_POINT('',(0.299259190724574,-0.0512092193624138,-0.103490830599899));
#1144=CARTESIAN_POINT('',(0.300392217759189,-0.0484222989049452,-0.1033118766104));
#1145=CARTESIAN_POINT('',(0.300845625364355,-0.0458697501066538,-0.103163735969536));
#1146=CARTESIAN_POINT('',(0.30088025835684,-0.0437396286024544,-0.103054503863101));
#1147=CARTESIAN_POINT('',(0.300601703407644,-0.0415433010043052,-0.102931603254124));
#1148=CARTESIAN_POINT('',(0.299838969720315,-0.0390302675186155,-0.10277794145932));
#1149=CARTESIAN_POINT('',(0.298461002590055,-0.0365371096426338,-0.102606462465734));
#1150=CARTESIAN_POINT('',(0.29673397244268,-0.0345490373391292,-0.102451297873379));
#1151=CARTESIAN_POINT('',(0.29513907987682,-0.0332435940202838,-0.102334542829657));
#1152=CARTESIAN_POINT('',(0.293741647046022,-0.0323672395684927,-0.102248257677925));
#1153=CARTESIAN_POINT('',(0.292238178896118,-0.0316336529627827,-0.102158501273371));
#1154=CARTESIAN_POINT('',(0.290276469496524,-0.030970740689401,-0.10204028263447));
#1155=CARTESIAN_POINT('',(0.287663738942644,-0.0305596018572688,-0.101883303038147));
#1156=CARTESIAN_POINT('',(0.284823557861276,-0.0307153844081786,-0.101712504530756));
#1157=CARTESIAN_POINT('',(0.282296354031214,-0.0314013012110328,-0.101560056454779));
#1158=CARTESIAN_POINT('',(0.280462773977668,-0.0322448226990357,-0.10145032211394));
#1159=CARTESIAN_POINT('',(0.279062091411357,-0.0331130159510492,-0.101364624445513));
#1160=CARTESIAN_POINT('',(0.277717161633781,-0.0341632677153568,-0.101269111306937));
#1161=CARTESIAN_POINT('',(0.276252479972674,-0.0356521317544764,-0.10114776507713));
#1162=CARTESIAN_POINT('',(0.27473696360653,-0.0378369690259782,-0.100988169741972));
#1163=CARTESIAN_POINT('',(0.273645757912916,-0.040449647939104,-0.100819772397251));
#1164=CARTESIAN_POINT('',(0.273167138548907,-0.0430041097115941,-0.100670566411914));
#1165=CARTESIAN_POINT('',(0.273113609605537,-0.0451353249804815,-0.100561029167313));
#1166=CARTESIAN_POINT('',(0.273371285764804,-0.0473277322517595,-0.10043923323322));
#1167=CARTESIAN_POINT('',(0.27410917704142,-0.0498462856898882,-0.100285889937807));
#1168=CARTESIAN_POINT('',(0.275462630087914,-0.0523520214450564,-0.100114557381805));
#1169=CARTESIAN_POINT('',(0.277172354087939,-0.0543585913786996,-0.0999588950568294));
#1170=CARTESIAN_POINT('',(0.278757148857833,-0.0556809447486562,-0.0998416503814888));
#1171=CARTESIAN_POINT('',(0.280150778235349,-0.0565723318583129,-0.0997545186804759));
#1172=CARTESIAN_POINT('',(0.281642284217225,-0.0573167474572807,-0.0996657659702473));
#1173=CARTESIAN_POINT('',(0.283595584307907,-0.0579976061576974,-0.0995479183585427));
#1174=CARTESIAN_POINT('',(0.28620156525605,-0.0584332491748529,-0.0993914377404069));
#1175=CARTESIAN_POINT('',(0.289044577675202,-0.0583047795908204,-0.0992203774693403));
#1176=CARTESIAN_POINT('',(0.291579635162995,-0.0576431254215912,-0.0990676794038062));
#1177=CARTESIAN_POINT('',(0.293427692685443,-0.0568130189638324,-0.0989566922666811));
#1178=CARTESIAN_POINT('',(0.294833200817642,-0.0559590798633106,-0.0988715072807141));
#1179=CARTESIAN_POINT('',(0.296185284032627,-0.0549233798260418,-0.0987765632103733));
#1180=CARTESIAN_POINT('',(0.297662258905023,-0.0534501412527082,-0.0986556379336889));
#1181=CARTESIAN_POINT('',(0.299095698445931,-0.0514266151734777,-0.0985070606966917));
#1182=CARTESIAN_POINT('',(0.300114896087679,-0.0491674369610593,-0.0983586169087525));
#1183=CARTESIAN_POINT('',(0.300637695580006,-0.0471505798806744,-0.0982379437847465));
#1184=CARTESIAN_POINT('',(0.300846877889387,-0.0454641364561611,-0.0981433519024446));
#1185=CARTESIAN_POINT('',(0.300873286527387,-0.0438221316960929,-0.0980583809020478));
#1186=CARTESIAN_POINT('',(0.300654370611016,-0.0418006077828482,-0.0979467181353521));
#1187=CARTESIAN_POINT('',(0.299941464571371,-0.0392778121914094,-0.0977938596420403));
#1188=CARTESIAN_POINT('',(0.298612750095463,-0.0367596143928372,-0.0976226647532701));
#1189=CARTESIAN_POINT('',(0.296920354266468,-0.0347346680102315,-0.0974664869450515));
#1190=CARTESIAN_POINT('',(0.29534640854217,-0.0333957979099848,-0.0973488507311989));
#1191=CARTESIAN_POINT('',(0.29395577553539,-0.0324887551742958,-0.0972606991333797));
#1192=CARTESIAN_POINT('',(0.29247664762928,-0.0317339283471757,-0.097173001439807));
#1193=CARTESIAN_POINT('',(0.290531850537249,-0.0310351786149178,-0.0970555189334491));
#1194=CARTESIAN_POINT('',(0.287932962069103,-0.0305752619468597,-0.0968995545792442));
#1195=CARTESIAN_POINT('',(0.285087899980625,-0.0306761394565342,-0.0967283278466048));
#1196=CARTESIAN_POINT('',(0.282544065898656,-0.0313140355463489,-0.096575169234134));
#1197=CARTESIAN_POINT('',(0.28052891121866,-0.032197254951137,-0.0964540316736197));
#1198=CARTESIAN_POINT('',(0.278854240665513,-0.0332355705781733,-0.0963527128997816));
#1199=CARTESIAN_POINT('',(0.276871453131439,-0.0348992661051848,-0.0962050923371723));
#1200=CARTESIAN_POINT('',(0.275668660471566,-0.0364341739854968,-0.096089523126606));
#1201=CARTESIAN_POINT('',(0.275045039203938,-0.0375001686129926,-0.0960150989117772));
#1202=CARTESIAN_POINT('',(0.295415654369489,-0.0346347674242118,-0.107818541925666));
#1203=CARTESIAN_POINT('',(0.294672274503905,-0.0340047640717375,-0.107757920036265));
#1204=CARTESIAN_POINT('',(0.293531623686182,-0.0332301770633042,-0.107683203633662));
#1205=CARTESIAN_POINT('',(0.291675162103682,-0.0323661636978529,-0.107564355308454));
#1206=CARTESIAN_POINT('',(0.289822844028188,-0.0317796213678094,-0.107445270300476));
#1207=CARTESIAN_POINT('',(0.287366182384349,-0.0314419079703552,-0.107287462866836));
#1208=CARTESIAN_POINT('',(0.284546836199113,-0.0316511056899717,-0.107106472177299));
#1209=CARTESIAN_POINT('',(0.281748140874412,-0.0325327028378529,-0.106925538591829));
#1210=CARTESIAN_POINT('',(0.279343419993918,-0.0339089582670173,-0.106774433670867));
#1211=CARTESIAN_POINT('',(0.277167210474379,-0.0358729094097879,-0.106594657044275));
#1212=CARTESIAN_POINT('',(0.275463207012279,-0.0383342242827588,-0.106403022783445));
#1213=CARTESIAN_POINT('',(0.274429808412178,-0.0409515170936136,-0.106224454975408));
#1214=CARTESIAN_POINT('',(0.274029127414965,-0.0433379762383018,-0.106077457035577));
#1215=CARTESIAN_POINT('',(0.274014808799281,-0.0453319170914206,-0.105968305292267));
#1216=CARTESIAN_POINT('',(0.274295679530111,-0.0473908693427532,-0.105844376323949));
#1217=CARTESIAN_POINT('',(0.27503341782119,-0.0497377538698351,-0.105690367383446));
#1218=CARTESIAN_POINT('',(0.276346468680797,-0.0520588671386211,-0.105518794423175));
#1219=CARTESIAN_POINT('',(0.277979515630366,-0.0539019123405614,-0.105364102075837));
#1220=CARTESIAN_POINT('',(0.279481265020879,-0.055107225349587,-0.105247946907025));
#1221=CARTESIAN_POINT('',(0.280793576451642,-0.0559136270982584,-0.105162338005122));
#1222=CARTESIAN_POINT('',(0.282212077291378,-0.0565895996525272,-0.105071621521044));
#1223=CARTESIAN_POINT('',(0.284056256135478,-0.0571928388934031,-0.104953018385525));
#1224=CARTESIAN_POINT('',(0.286508013942727,-0.0575539803391374,-0.10479555284782));
#1225=CARTESIAN_POINT('',(0.289163010392335,-0.0573822614166591,-0.10462511176906));
#1226=CARTESIAN_POINT('',(0.291521698233019,-0.0567164884108641,-0.10447271694252));
#1227=CARTESIAN_POINT('',(0.29336358946071,-0.0558488246309769,-0.104355650421643));
#1228=CARTESIAN_POINT('',(0.295047253152391,-0.0547416747750795,-0.104243065949785));
#1229=CARTESIAN_POINT('',(0.296847212221861,-0.0530830869373292,-0.104091477103405));
#1230=CARTESIAN_POINT('',(0.298476285349115,-0.0507772509887931,-0.10391123124163));
#1231=CARTESIAN_POINT('',(0.299536169669641,-0.0481684533202594,-0.103732281108046));
#1232=CARTESIAN_POINT('',(0.299960003004102,-0.0457794121047846,-0.103584155272142));
#1233=CARTESIAN_POINT('',(0.299992028981732,-0.0437856310954466,-0.103474926119916));
#1234=CARTESIAN_POINT('',(0.299730817820605,-0.041729602949871,-0.103352010778691));
#1235=CARTESIAN_POINT('',(0.299016305990422,-0.0393774516564749,-0.103198344228068));
#1236=CARTESIAN_POINT('',(0.297725941112732,-0.0370440920209735,-0.103026863506125));
#1237=CARTESIAN_POINT('',(0.296109066461589,-0.0351836840951409,-0.102871705763292));
#1238=CARTESIAN_POINT('',(0.29461605705009,-0.0339621858310359,-0.10275495817683));
#1239=CARTESIAN_POINT('',(0.293308052740597,-0.0331422687276431,-0.102668683575033));
#1240=CARTESIAN_POINT('',(0.291900398886666,-0.0324557952913279,-0.102578913758214));
#1241=CARTESIAN_POINT('',(0.290063971857585,-0.0318356895288198,-0.10246068978112));
#1242=CARTESIAN_POINT('',(0.287618202315424,-0.0314514048639269,-0.102303703345639));
#1243=CARTESIAN_POINT('',(0.284959846656977,-0.0315978350987265,-0.102132908691159));
#1244=CARTESIAN_POINT('',(0.282594551145045,-0.0322404102163499,-0.101980464162653));
#1245=CARTESIAN_POINT('',(0.280878760261646,-0.0330301535719963,-0.101870747564843));
#1246=CARTESIAN_POINT('',(0.279567725209228,-0.0338431467591255,-0.101785041867581));
#1247=CARTESIAN_POINT('',(0.278308952768313,-0.0348265669704868,-0.101689521216509));
#1248=CARTESIAN_POINT('',(0.276938224891192,-0.0362205638891861,-0.101568168677171));
#1249=CARTESIAN_POINT('',(0.275520130940346,-0.0382659805186559,-0.101408570689954));
#1250=CARTESIAN_POINT('',(0.274499345121059,-0.0407116762843902,-0.101240176923076));
#1251=CARTESIAN_POINT('',(0.274051919911758,-0.0431025533312574,-0.101090983837331));
#1252=CARTESIAN_POINT('',(0.274002206564433,-0.0450972981573916,-0.100981452739495));
#1253=CARTESIAN_POINT('',(0.274243869967156,-0.0471496873688792,-0.100859640826525));
#1254=CARTESIAN_POINT('',(0.274935129075484,-0.0495070046504036,-0.10070629311147));
#1255=CARTESIAN_POINT('',(0.27620255767925,-0.0518521541472499,-0.100534958077327));
#1256=CARTESIAN_POINT('',(0.277803230784358,-0.0537298749614273,-0.100379303025161));
#1257=CARTESIAN_POINT('',(0.279286817871822,-0.0549672154386102,-0.100262064432601));
#1258=CARTESIAN_POINT('',(0.280591224271978,-0.0558011775985726,-0.100174945714746));
#1259=CARTESIAN_POINT('',(0.281987695331046,-0.0564978013513919,-0.100086178841371));
#1260=CARTESIAN_POINT('',(0.283816252587815,-0.0571347069344049,-0.0999683260202961));
#1261=CARTESIAN_POINT('',(0.286255717054086,-0.0575419346009221,-0.0998118381352219));
#1262=CARTESIAN_POINT('',(0.288916737524199,-0.0574210645822248,-0.0996407812104736));
#1263=CARTESIAN_POINT('',(0.291289382896451,-0.0568012024364892,-0.0994880870901126));
#1264=CARTESIAN_POINT('',(0.293018748230455,-0.0560239933145656,-0.0993771163689733));
#1265=CARTESIAN_POINT('',(0.294334262845554,-0.0552243690165385,-0.0992919257963421));
#1266=CARTESIAN_POINT('',(0.295599749446974,-0.054254561150909,-0.0991969734188525));
#1267=CARTESIAN_POINT('',(0.29698198611912,-0.0528751897719762,-0.0990760419711592));
#1268=CARTESIAN_POINT('',(0.298323295812491,-0.0509807732641246,-0.0989274615547862));
#1269=CARTESIAN_POINT('',(0.299276763603721,-0.0488659762180366,-0.0987790211150759));
#1270=CARTESIAN_POINT('',(0.299765660011028,-0.0469781605053325,-0.0986583541187303));
#1271=CARTESIAN_POINT('',(0.299961102712808,-0.0453997429804816,-0.0985637708597913));
#1272=CARTESIAN_POINT('',(0.299985517343167,-0.0438628836961041,-0.0984788044632275));
#1273=CARTESIAN_POINT('',(0.299780173716081,-0.0419704364235995,-0.09836712581637));
#1274=CARTESIAN_POINT('',(0.299112301849981,-0.0396091488420679,-0.0982142632187247));
#1275=CARTESIAN_POINT('',(0.297868021111746,-0.0372523185693403,-0.0980430651879103));
#1276=CARTESIAN_POINT('',(0.296283565667315,-0.0353573958932411,-0.0978868948177264));
#1277=CARTESIAN_POINT('',(0.294810112429037,-0.0341045850561973,-0.0977692637606024));
#1278=CARTESIAN_POINT('',(0.293508530983528,-0.0332559864692606,-0.0976811266263228));
#1279=CARTESIAN_POINT('',(0.292123649238996,-0.0325496122631461,-0.0975934149720428));
#1280=CARTESIAN_POINT('',(0.290303041444762,-0.031895954346317,-0.0974759269368544));
#1281=CARTESIAN_POINT('',(0.287870207648233,-0.0314660017429431,-0.0973199551412168));
#1282=CARTESIAN_POINT('',(0.285207252601999,-0.0315610486459279,-0.0971487311849995));
#1283=CARTESIAN_POINT('',(0.282826393305639,-0.0321586719511747,-0.0969955768656812));
#1284=CARTESIAN_POINT('',(0.280940634719067,-0.032985634256005,-0.0968744557652158));
#1285=CARTESIAN_POINT('',(0.279373192091824,-0.0339578974341415,-0.0967731301835693));
#1286=CARTESIAN_POINT('',(0.277517442745726,-0.0355157114978922,-0.0966254974642022));
#1287=CARTESIAN_POINT('',(0.276391921120073,-0.0369527171260393,-0.0965099254216644));
#1288=CARTESIAN_POINT('',(0.275808430566274,-0.0379506458979154,-0.0964355009402417));
#1289=CARTESIAN_POINT('',(0.296109351295705,-0.0318230060568547,-0.1065));
#1290=CARTESIAN_POINT('',(0.295276524894682,-0.0312245591151526,-0.106450078170891));
#1291=CARTESIAN_POINT('',(0.293518621457279,-0.0302049047147697,-0.106358201562578));
#1292=CARTESIAN_POINT('',(0.290578475025848,-0.0292015368594618,-0.106200448642202));
#1293=CARTESIAN_POINT('',(0.287548817117627,-0.0287993059520698,-0.106039337868005));
#1294=CARTESIAN_POINT('',(0.283431476395296,-0.0290593621493938,-0.105817505439739));
#1295=CARTESIAN_POINT('',(0.278568109414929,-0.0308842240063408,-0.105572684048193));
#1296=CARTESIAN_POINT('',(0.273997703192207,-0.0351465638292296,-0.105264629668802));
#1297=CARTESIAN_POINT('',(0.271407537568645,-0.0408338792590898,-0.104926049940538));
#1298=CARTESIAN_POINT('',(0.271193279517826,-0.0470906784706715,-0.104645911396615));
#1299=CARTESIAN_POINT('',(0.27338799200285,-0.0529413569866457,-0.104315299337574));
#1300=CARTESIAN_POINT('',(0.277655175042733,-0.0575060218386181,-0.10399355536854));
#1301=CARTESIAN_POINT('',(0.282381783661905,-0.0596599220166924,-0.103758062923313));
#1302=CARTESIAN_POINT('',(0.286473162453618,-0.0602015508993031,-0.103537399153279));
#1303=CARTESIAN_POINT('',(0.28952301229255,-0.0600072374808159,-0.103375342374543));
#1304=CARTESIAN_POINT('',(0.29252167947568,-0.0592091992506339,-0.103213864575287));
#1305=CARTESIAN_POINT('',(0.295268675745599,-0.057858433300963,-0.103071764976228));
#1306=CARTESIAN_POINT('',(0.297724527041405,-0.055982191211448,-0.102921176516666));
#1307=CARTESIAN_POINT('',(0.300436905458631,-0.0528977385871813,-0.102706119654239));
#1308=CARTESIAN_POINT('',(0.302594982977178,-0.0481568214250508,-0.102426175117268));
#1309=CARTESIAN_POINT('',(0.302804088846935,-0.0419095433848202,-0.102145595399496));
#1310=CARTESIAN_POINT('',(0.300984802943538,-0.03704554501149,-0.101871537539064));
#1311=CARTESIAN_POINT('',(0.298476162442009,-0.0337709156965891,-0.101653441669079));
#1312=CARTESIAN_POINT('',(0.29618139134229,-0.0317506149859035,-0.101498064637253));
#1313=CARTESIAN_POINT('',(0.293495348890951,-0.0301941166218968,-0.101356756341805));
#1314=CARTESIAN_POINT('',(0.290600181914037,-0.0292077751153771,-0.101201755365444));
#1315=CARTESIAN_POINT('',(0.287535600469324,-0.0287969585680443,-0.101038242639483));
#1316=CARTESIAN_POINT('',(0.284461116035511,-0.0289964382788381,-0.100874390663716));
#1317=CARTESIAN_POINT('',(0.281496789189369,-0.0297835126623154,-0.100714892137861));
#1318=CARTESIAN_POINT('',(0.278713819708503,-0.0311518716611711,-0.100570769311174));
#1319=CARTESIAN_POINT('',(0.276286580881318,-0.0330089413292171,-0.100421894739871));
#1320=CARTESIAN_POINT('',(0.273556408859424,-0.0361080403400226,-0.100205675799308));
#1321=CARTESIAN_POINT('',(0.27141027035371,-0.0408346402643087,-0.0999266352875114));
#1322=CARTESIAN_POINT('',(0.271192160775818,-0.0470810725804372,-0.0996462118547827));
#1323=CARTESIAN_POINT('',(0.273381964742748,-0.0529315032535177,-0.0993159152010308));
#1324=CARTESIAN_POINT('',(0.277650027043743,-0.0575060260953165,-0.0989938684361685));
#1325=CARTESIAN_POINT('',(0.283345242219724,-0.060094441428916,-0.0987096048556461));
#1326=CARTESIAN_POINT('',(0.289587620069633,-0.0603058394558777,-0.0983670485597698));
#1327=CARTESIAN_POINT('',(0.295436681555196,-0.0581144612426762,-0.0980724040260888));
#1328=CARTESIAN_POINT('',(0.300001738796968,-0.0538520372678274,-0.0977645971064355));
#1329=CARTESIAN_POINT('',(0.302592489238091,-0.0481694364428224,-0.0974262250395489));
#1330=CARTESIAN_POINT('',(0.302768948949398,-0.0429531755371492,-0.0971926194383922));
#1331=CARTESIAN_POINT('',(0.301715043837093,-0.0389934823132963,-0.096981147420022));
#1332=CARTESIAN_POINT('',(0.300348095775674,-0.0362145068075331,-0.0968162711645583));
#1333=CARTESIAN_POINT('',(0.298493424386978,-0.0337884165027651,-0.0966545610169636));
#1334=CARTESIAN_POINT('',(0.296936769860505,-0.0324175670710192,-0.0965495976690254));
#1335=CARTESIAN_POINT('',(0.296109351295732,-0.0318230060568745,-0.0965000000000017));
#1336=CARTESIAN_POINT('',(0.27640524117861,-0.0369953531900115,-0.106500000000001));
#1337=CARTESIAN_POINT('',(0.27542759895322,-0.0383754832698715,-0.106391910063586));
#1338=CARTESIAN_POINT('',(0.274009904564067,-0.0415441695125055,-0.106167233648625));
#1339=CARTESIAN_POINT('',(0.273868496660044,-0.0467369323566647,-0.105887752335836));
#1340=CARTESIAN_POINT('',(0.275723905360128,-0.0515948160792305,-0.105555948652737));
#1341=CARTESIAN_POINT('',(0.279303252542058,-0.0553731986647581,-0.105235340235684));
#1342=CARTESIAN_POINT('',(0.284051774358938,-0.0574907386105189,-0.104950300899165));
#1343=CARTESIAN_POINT('',(0.289243193599673,-0.0576307522617976,-0.104607580937716));
#1344=CARTESIAN_POINT('',(0.294095353313507,-0.0557736847537489,-0.104314445220551));
#1345=CARTESIAN_POINT('',(0.297868924091629,-0.0522021016134204,-0.104004852613056));
#1346=CARTESIAN_POINT('',(0.299989888773924,-0.0474565370211435,-0.103666986090531));
#1347=CARTESIAN_POINT('',(0.300130681889005,-0.0422506398938915,-0.103387109374193));
#1348=CARTESIAN_POINT('',(0.298269966368907,-0.0373978321672424,-0.103055326576541));
#1349=CARTESIAN_POINT('',(0.294696187413962,-0.0336275151944625,-0.102735354769785));
#1350=CARTESIAN_POINT('',(0.289951508575593,-0.0315101583503873,-0.102450501538984));
#1351=CARTESIAN_POINT('',(0.284760016624925,-0.0313685315402837,-0.102107776815127));
#1352=CARTESIAN_POINT('',(0.279903745824483,-0.0332256829973968,-0.101814438157989));
#1353=CARTESIAN_POINT('',(0.276124643853112,-0.0368054388076123,-0.101504227159327));
#1354=CARTESIAN_POINT('',(0.274008800104584,-0.0415533883321789,-0.101166405190512));
#1355=CARTESIAN_POINT('',(0.273870390121614,-0.0467488177771168,-0.100887122204779));
#1356=CARTESIAN_POINT('',(0.275727659668546,-0.0515979355122105,-0.100555640927554));
#1357=CARTESIAN_POINT('',(0.279299170367627,-0.0553692144707849,-0.10023565680125));
#1358=CARTESIAN_POINT('',(0.284045162614491,-0.0574899711504949,-0.0999507132909964));
#1359=CARTESIAN_POINT('',(0.289245933795857,-0.0576314905937237,-0.0996073984536633));
#1360=CARTESIAN_POINT('',(0.29410266591086,-0.0557695049796988,-0.0993140142623111));
#1361=CARTESIAN_POINT('',(0.29787358541215,-0.0521950053252566,-0.0990042997471925));
#1362=CARTESIAN_POINT('',(0.299989330213538,-0.0474532373296553,-0.0986668198388112));
#1363=CARTESIAN_POINT('',(0.300130992985827,-0.0422588894829605,-0.0983875697977249));
#1364=CARTESIAN_POINT('',(0.298275760001283,-0.0374060613476124,-0.0980559674077889));
#1365=CARTESIAN_POINT('',(0.294698886284727,-0.033627930504281,-0.0977354826667486));
#1366=CARTESIAN_POINT('',(0.28994597013245,-0.0315080900056096,-0.0974501386035404));
#1367=CARTESIAN_POINT('',(0.284752785842779,-0.031370328885156,-0.097107387825242));
#1368=CARTESIAN_POINT('',(0.279902742342326,-0.0332266241972453,-0.0968140807272598));
#1369=CARTESIAN_POINT('',(0.277384164885578,-0.035613414052374,-0.0966082316193947));
#1370=CARTESIAN_POINT('',(0.276405241178611,-0.0369953531900109,-0.096500000000001));
#1371=CARTESIAN_POINT('',(0.287,-0.0445,-0.0645));
#1372=CARTESIAN_POINT('',(0.277777664543164,-0.0570950381176348,-0.106500000000001));
#1373=CARTESIAN_POINT('',(0.27860515090228,-0.057700939959174,-0.106449926914814));
#1374=CARTESIAN_POINT('',(0.280353849841792,-0.0587362518963308,-0.10635810490282));
#1375=CARTESIAN_POINT('',(0.283284955117447,-0.0597658720080285,-0.106200835452924));
#1376=CARTESIAN_POINT('',(0.286310823445833,-0.0601951606721211,-0.106039823976113));
#1377=CARTESIAN_POINT('',(0.290430449786148,-0.0599719085791363,-0.105817980150984));
#1378=CARTESIAN_POINT('',(0.295309820193453,-0.0581906082605492,-0.105572024200952));
#1379=CARTESIAN_POINT('',(0.299918191194165,-0.0539692587553856,-0.105265407167359));
#1380=CARTESIAN_POINT('',(0.302559040024799,-0.0483054126729447,-0.104926251461401));
#1381=CARTESIAN_POINT('',(0.302829269399062,-0.0420507900915048,-0.104645833313128));
#1382=CARTESIAN_POINT('',(0.300686907386428,-0.036180632638687,-0.104316099451025));
#1383=CARTESIAN_POINT('',(0.296460733493546,-0.0315780429253767,-0.103993251637925));
#1384=CARTESIAN_POINT('',(0.291753504414878,-0.0293819594571591,-0.103758351356409));
#1385=CARTESIAN_POINT('',(0.287667227694946,-0.0288037911360538,-0.103537909974584));
#1386=CARTESIAN_POINT('',(0.28461572100164,-0.0289708204592251,-0.103375774505695));
#1387=CARTESIAN_POINT('',(0.281610024889736,-0.0297420421428931,-0.103214063882519));
#1388=CARTESIAN_POINT('',(0.278851198578586,-0.0310680964127567,-0.103071350984809));
#1389=CARTESIAN_POINT('',(0.276378515955059,-0.0329224435779803,-0.102921502434857));
#1390=CARTESIAN_POINT('',(0.273638748412249,-0.0359822843459699,-0.102706665177952));
#1391=CARTESIAN_POINT('',(0.271438757470396,-0.0407044824211576,-0.102426347094144));
#1392=CARTESIAN_POINT('',(0.271171771228883,-0.0469468814795193,-0.102145790265165));
#1393=CARTESIAN_POINT('',(0.273310263158896,-0.0528131612145625,-0.101816459383714));
#1394=CARTESIAN_POINT('',(0.277530079743468,-0.0574170731930813,-0.101493855519163));
#1395=CARTESIAN_POINT('',(0.283194567561609,-0.0600588556914636,-0.101210590498025));
#1396=CARTESIAN_POINT('',(0.289445282030859,-0.0603299833676018,-0.100867769134214));
#1397=CARTESIAN_POINT('',(0.295319933483583,-0.0581865791966277,-0.100571495925728));
#1398=CARTESIAN_POINT('',(0.299922383949179,-0.0539620838515804,-0.100264984831223));
#1399=CARTESIAN_POINT('',(0.302558474729209,-0.0483022182361075,-0.0999261055057211));
#1400=CARTESIAN_POINT('',(0.302829715418397,-0.0420610145259478,-0.0996463264446028));
#1401=CARTESIAN_POINT('',(0.300693019459169,-0.0361904264164507,-0.0993166654714994));
#1402=CARTESIAN_POINT('',(0.296465949328036,-0.0315782157193532,-0.0989935898022439));
#1403=CARTESIAN_POINT('',(0.290794053679169,-0.0289388284366791,-0.0987099955515586));
#1404=CARTESIAN_POINT('',(0.284553757282872,-0.0286716711820379,-0.0983677208471779));
#1405=CARTESIAN_POINT('',(0.278685389195161,-0.0308106477754197,-0.0980717556923206));
#1406=CARTESIAN_POINT('',(0.274082362734559,-0.0350321174413752,-0.0977653685994178));
#1407=CARTESIAN_POINT('',(0.271440968737851,-0.0406913274728361,-0.097426443863307));
#1408=CARTESIAN_POINT('',(0.271217812528779,-0.0459055900114667,-0.0971925388581707));
#1409=CARTESIAN_POINT('',(0.272236338392965,-0.0498748161410888,-0.0969816006576634));
#1410=CARTESIAN_POINT('',(0.273578334493504,-0.0526657717006021,-0.0968167724186228));
#1411=CARTESIAN_POINT('',(0.275411284645276,-0.0551084193284879,-0.0966549369476034));
#1412=CARTESIAN_POINT('',(0.27695557807386,-0.0564930901819765,-0.0965497463255498));
#1413=CARTESIAN_POINT('',(0.277777664543162,-0.057095038117634,-0.0965000000000009));
#1414=CARTESIAN_POINT('',(0.277103642187769,-0.0361210019635361,-0.106563480903459));
#1415=CARTESIAN_POINT('',(0.275934391794586,-0.0374876524118249,-0.106449710409175));
#1416=CARTESIAN_POINT('',(0.274742866618775,-0.0397365208941786,-0.106286499592574));
#1417=CARTESIAN_POINT('',(0.274139899143887,-0.0425773890104426,-0.106108919790216));
#1418=CARTESIAN_POINT('',(0.274013118995213,-0.0441409565683553,-0.106018213235697));
#1419=CARTESIAN_POINT('',(0.274051826781877,-0.04567639344503,-0.105932940737043));
#1420=CARTESIAN_POINT('',(0.27433896475517,-0.0475747587561249,-0.105817247902677));
#1421=CARTESIAN_POINT('',(0.275109233487862,-0.0499065967014756,-0.10566307363758));
#1422=CARTESIAN_POINT('',(0.276451313643316,-0.0522036855900153,-0.105491890345271));
#1423=CARTESIAN_POINT('',(0.278103940359825,-0.0540190634964506,-0.105338107554172));
#1424=CARTESIAN_POINT('',(0.279739033371441,-0.0552973349062338,-0.105214026333876));
#1425=CARTESIAN_POINT('',(0.281464851482671,-0.0562875852687874,-0.10510507767937));
#1426=CARTESIAN_POINT('',(0.283718564172085,-0.0571418327437094,-0.104959111151341));
#1427=CARTESIAN_POINT('',(0.286492030306137,-0.0575706436752946,-0.104781106587011));
#1428=CARTESIAN_POINT('',(0.289470136177744,-0.0573452225402257,-0.104589880453582));
#1429=CARTESIAN_POINT('',(0.292262587479335,-0.0564621528332238,-0.104409708481208));
#1430=CARTESIAN_POINT('',(0.294660642193241,-0.0550873623181475,-0.104258964350454));
#1431=CARTESIAN_POINT('',(0.296829734393987,-0.0531295772978352,-0.104079412338681));
#1432=CARTESIAN_POINT('',(0.298530968959708,-0.0506754701741137,-0.103888236311911));
#1433=CARTESIAN_POINT('',(0.29956516608875,-0.0480653429219431,-0.103710120417337));
#1434=CARTESIAN_POINT('',(0.299968960271639,-0.0456814691349927,-0.103563467162201));
#1435=CARTESIAN_POINT('',(0.299986413659711,-0.0436924373229379,-0.103454571432764));
#1436=CARTESIAN_POINT('',(0.299711054775608,-0.0416410786556459,-0.103331001609908));
#1437=CARTESIAN_POINT('',(0.298982069547239,-0.0392990211455964,-0.103177418054261));
#1438=CARTESIAN_POINT('',(0.297680069836547,-0.036979352284879,-0.103006267189962));
#1439=CARTESIAN_POINT('',(0.296056717371228,-0.0351332424106141,-0.102851846145063));
#1440=CARTESIAN_POINT('',(0.294561261284489,-0.0339230376641484,-0.102735805184019));
#1441=CARTESIAN_POINT('',(0.29325280078794,-0.0331118891116374,-0.102650219217804));
#1442=CARTESIAN_POINT('',(0.291844629276767,-0.0324334063443074,-0.102560008686026));
#1443=CARTESIAN_POINT('',(0.290009706837993,-0.0318230006181465,-0.102441835783309));
#1444=CARTESIAN_POINT('',(0.287568134608107,-0.0314495698110787,-0.102284940313733));
#1445=CARTESIAN_POINT('',(0.284916717101743,-0.0316052152778346,-0.102114708081816));
#1446=CARTESIAN_POINT('',(0.282559159107296,-0.0322534317044653,-0.101962763655941));
#1447=CARTESIAN_POINT('',(0.280848904486091,-0.033046313440144,-0.101853895051198));
#1448=CARTESIAN_POINT('',(0.279543367386224,-0.0338603491813611,-0.101768115554109));
#1449=CARTESIAN_POINT('',(0.278290067431721,-0.0348438304675573,-0.101672620172983));
#1450=CARTESIAN_POINT('',(0.276925449003506,-0.0362366270038804,-0.101551397997668));
#1451=CARTESIAN_POINT('',(0.275513671172976,-0.0382788736097266,-0.101392129479852));
#1452=CARTESIAN_POINT('',(0.274497278229275,-0.0407197848986795,-0.101224211791413));
#1453=CARTESIAN_POINT('',(0.274051605053363,-0.0431068649100917,-0.101075573429016));
#1454=CARTESIAN_POINT('',(0.274002489024972,-0.045097743245597,-0.100966366465328));
#1455=CARTESIAN_POINT('',(0.27424288239399,-0.0471427106938121,-0.100844678898447));
#1456=CARTESIAN_POINT('',(0.274930320303618,-0.0494941232681669,-0.100691690892141));
#1457=CARTESIAN_POINT('',(0.276191314087864,-0.0518349304643863,-0.10052075993978));
#1458=CARTESIAN_POINT('',(0.277785834660484,-0.053712107840429,-0.100365465239036));
#1459=CARTESIAN_POINT('',(0.279264256151374,-0.0549505480258969,-0.10024849025745));
#1460=CARTESIAN_POINT('',(0.280566691777178,-0.0557870859674951,-0.100161490620307));
#1461=CARTESIAN_POINT('',(0.281954777169758,-0.0564836267538206,-0.100073043045429));
#1462=CARTESIAN_POINT('',(0.283775665643659,-0.0571240797494462,-0.099955540176878));
#1463=CARTESIAN_POINT('',(0.286205897097662,-0.0575384751239249,-0.0997995218233756));
#1464=CARTESIAN_POINT('',(0.288861919042017,-0.0574286067950436,-0.099628815485207));
#1465=CARTESIAN_POINT('',(0.291232730247161,-0.0568209248563618,-0.0994764243717019));
#1466=CARTESIAN_POINT('',(0.292966831399257,-0.056050838627901,-0.0993653055966132));
#1467=CARTESIAN_POINT('',(0.294281139546321,-0.0552602196108392,-0.0992804593336603));
#1468=CARTESIAN_POINT('',(0.295546103353009,-0.054301203679121,-0.0991859737578017));
#1469=CARTESIAN_POINT('',(0.29693125847924,-0.0529346491264833,-0.0990655235283465));
#1470=CARTESIAN_POINT('',(0.298280492457978,-0.0510542406999825,-0.0989174091336833));
#1471=CARTESIAN_POINT('',(0.299246422371925,-0.0489498294671479,-0.0987692043026372));
#1472=CARTESIAN_POINT('',(0.299747954384626,-0.0470675227956691,-0.0986485806315946));
#1473=CARTESIAN_POINT('',(0.299954514720084,-0.0454904585544195,-0.0985538579448309));
#1474=CARTESIAN_POINT('',(0.299989475833006,-0.0439549748910918,-0.0984688570131794));
#1475=CARTESIAN_POINT('',(0.299799295396419,-0.0420734074064539,-0.0983582030152122));
#1476=CARTESIAN_POINT('',(0.299153596408838,-0.0397140422391305,-0.0982059217918277));
#1477=CARTESIAN_POINT('',(0.297934253415059,-0.0373531835674077,-0.09803530990308));
#1478=CARTESIAN_POINT('',(0.29636893239,-0.0354453221380193,-0.0978790889338649));
#1479=CARTESIAN_POINT('',(0.294909226993388,-0.0341795350779062,-0.0977614393593608));
#1480=CARTESIAN_POINT('',(0.293611598997424,-0.0333164021689655,-0.0976725919066294));
#1481=CARTESIAN_POINT('',(0.292243651946131,-0.0326023650823312,-0.0975859491827374));
#1482=CARTESIAN_POINT('',(0.290437626292573,-0.031932373551904,-0.0974691529880365));
#1483=CARTESIAN_POINT('',(0.288019578120023,-0.0314774571334712,-0.0973140607743499));
#1484=CARTESIAN_POINT('',(0.285360730534704,-0.0315411374978833,-0.097143066941621));
#1485=CARTESIAN_POINT('',(0.282975949664403,-0.0321087118849991,-0.0969899508904829));
#1486=CARTESIAN_POINT('',(0.28107531244009,-0.0329157848648752,-0.096867827525311));
#1487=CARTESIAN_POINT('',(0.279372318993961,-0.0339447730005794,-0.0967587471067617));
#1488=CARTESIAN_POINT('',(0.277523617523164,-0.0355109608485118,-0.0966105550252541));
#1489=CARTESIAN_POINT('',(0.275805635127768,-0.0377338991417444,-0.0964319600704494));
#1490=CARTESIAN_POINT('',(0.274633242093018,-0.0402942933909481,-0.0962522213264856));
#1491=CARTESIAN_POINT('',(0.274103564656453,-0.0426772429312243,-0.0961011175223716));
#1492=CARTESIAN_POINT('',(0.273990302839652,-0.0446829947661687,-0.0959890207372022));
#1493=CARTESIAN_POINT('',(0.274162272150287,-0.0467082738421403,-0.0958719894131844));
#1494=CARTESIAN_POINT('',(0.274766310072523,-0.0490772466741068,-0.0957199645012339));
#1495=CARTESIAN_POINT('',(0.276457813115843,-0.0524982314780645,-0.0954754897601139));
#1496=CARTESIAN_POINT('',(0.278633156285457,-0.054594224876342,-0.0952888604142262));
#1497=CARTESIAN_POINT('',(0.280219329049801,-0.0555530272937603,-0.0951847042194375));
#1498=CARTESIAN_POINT('',(0.276425107776807,-0.0355506648388678,-0.106983885459765));
#1499=CARTESIAN_POINT('',(0.275176210026139,-0.0370111146660295,-0.106870109270332));
#1500=CARTESIAN_POINT('',(0.273903844133923,-0.0394139267750904,-0.106706903175537));
#1501=CARTESIAN_POINT('',(0.273260390977849,-0.0424489780942572,-0.106529331723276));
#1502=CARTESIAN_POINT('',(0.273125316896818,-0.0441191927482347,-0.106438637599333));
#1503=CARTESIAN_POINT('',(0.273166996274916,-0.0457597365577779,-0.10635335759675));
#1504=CARTESIAN_POINT('',(0.273474230999893,-0.047787983861569,-0.106237655618622));
#1505=CARTESIAN_POINT('',(0.274297762939242,-0.0502791428121431,-0.106083475037854));
#1506=CARTESIAN_POINT('',(0.275732155161164,-0.0527329047442421,-0.105912292443853));
#1507=CARTESIAN_POINT('',(0.277498140729926,-0.0546718881448996,-0.105758514910195));
#1508=CARTESIAN_POINT('',(0.279245093586672,-0.0560369930807268,-0.105634446500369));
#1509=CARTESIAN_POINT('',(0.281089054405433,-0.0570945479099803,-0.105525499719725));
#1510=CARTESIAN_POINT('',(0.283497357187108,-0.0580068135918191,-0.105379515367702));
#1511=CARTESIAN_POINT('',(0.286460570037876,-0.0584642384656744,-0.105201507869284));
#1512=CARTESIAN_POINT('',(0.289642170116139,-0.0582226543657492,-0.105010283028854));
#1513=CARTESIAN_POINT('',(0.292624988799049,-0.057278642124221,-0.104830126791235));
#1514=CARTESIAN_POINT('',(0.295186667937393,-0.0558093762766604,-0.104679383032976));
#1515=CARTESIAN_POINT('',(0.297503813542876,-0.0537170410275294,-0.104499814991361));
#1516=CARTESIAN_POINT('',(0.299320732041743,-0.0510947265042347,-0.104308637540277));
#1517=CARTESIAN_POINT('',(0.300424936895847,-0.0483059643023543,-0.104130524649246));
#1518=CARTESIAN_POINT('',(0.300855714117477,-0.0457593911735372,-0.103983888555068));
#1519=CARTESIAN_POINT('',(0.300873942869006,-0.0436343763151157,-0.103874992045505));
#1520=CARTESIAN_POINT('',(0.300579264519161,-0.0414425860868251,-0.103751408981452));
#1521=CARTESIAN_POINT('',(0.299799836718599,-0.0389405229033911,-0.103597820282199));
#1522=CARTESIAN_POINT('',(0.298408244568271,-0.0364626003606277,-0.103426668462756));
#1523=CARTESIAN_POINT('',(0.296673546860092,-0.0344907916935475,-0.103272253881486));
#1524=CARTESIAN_POINT('',(0.295075713204601,-0.0331983301320724,-0.103156221594958));
#1525=CARTESIAN_POINT('',(0.293677787142715,-0.032332111043837,-0.10307064397042));
#1526=CARTESIAN_POINT('',(0.292172973135708,-0.0316074346477786,-0.102980420734517));
#1527=CARTESIAN_POINT('',(0.290212374526658,-0.0309557139989455,-0.102862242382854));
#1528=CARTESIAN_POINT('',(0.287603691366782,-0.0305573372579127,-0.102705340460377));
#1529=CARTESIAN_POINT('',(0.284771148536008,-0.030724279363815,-0.102535112415585));
#1530=CARTESIAN_POINT('',(0.282252657156166,-0.031417394389755,-0.102383171295833));
#1531=CARTESIAN_POINT('',(0.28042602604727,-0.0322646879061345,-0.102274321226417));
#1532=CARTESIAN_POINT('',(0.27903124594065,-0.03313474690474,-0.102188532181189));
#1533=CARTESIAN_POINT('',(0.277692391732814,-0.0341858331158892,-0.102093029801468));
#1534=CARTESIAN_POINT('',(0.276234740702322,-0.0356742520234128,-0.101971801244973));
#1535=CARTESIAN_POINT('',(0.274726944593823,-0.0378564899900134,-0.101812530400362));
#1536=CARTESIAN_POINT('',(0.27364171918916,-0.0404644546806994,-0.101644616190697));
#1537=CARTESIAN_POINT('',(0.273166206467745,-0.0430145415298011,-0.101495991432882));
#1538=CARTESIAN_POINT('',(0.273114156433134,-0.0451414142086783,-0.101386789431714));
#1539=CARTESIAN_POINT('',(0.273371467458705,-0.047326434453464,-0.101265086374727));
#1540=CARTESIAN_POINT('',(0.274106508946993,-0.0498384904825565,-0.101112093828322));
#1541=CARTESIAN_POINT('',(0.27545430878453,-0.0523390290057311,-0.100941160576343));
#1542=CARTESIAN_POINT('',(0.277158199092968,-0.0543440257999311,-0.100785873103303));
#1543=CARTESIAN_POINT('',(0.278737888693334,-0.0556666825032484,-0.100668904336752));
#1544=CARTESIAN_POINT('',(0.280129308546442,-0.0565599728382039,-0.100581917407646));
#1545=CARTESIAN_POINT('',(0.281612689036271,-0.0573039698883483,-0.100493455777745));
#1546=CARTESIAN_POINT('',(0.28355829718699,-0.0579877945962355,-0.100375947689745));
#1547=CARTESIAN_POINT('',(0.286154887958889,-0.0584299496597943,-0.100219922115154));
#1548=CARTESIAN_POINT('',(0.288992378429104,-0.0583119050481136,-0.100049219058778));
#1549=CARTESIAN_POINT('',(0.291525025977762,-0.0576620997855465,-0.0998968319667294));
#1550=CARTESIAN_POINT('',(0.293377180417253,-0.0568391193828374,-0.0997857293526739));
#1551=CARTESIAN_POINT('',(0.294781256639586,-0.0559941241633488,-0.0997008779172377));
#1552=CARTESIAN_POINT('',(0.296132607918297,-0.0549691616072526,-0.0996063839212659));
#1553=CARTESIAN_POINT('',(0.297612203366661,-0.0535087776848716,-0.0994859275388016));
#1554=CARTESIAN_POINT('',(0.299053233466159,-0.0514994431780068,-0.0993378098829911));
#1555=CARTESIAN_POINT('',(0.300084636530962,-0.0492509926920468,-0.0991896082326058));
#1556=CARTESIAN_POINT('',(0.300619960732058,-0.0472400102550875,-0.0990689907353238));
#1557=CARTESIAN_POINT('',(0.300840248748993,-0.045555263053746,-0.0989742763176789));
#1558=CARTESIAN_POINT('',(0.30087726704489,-0.0439149323927448,-0.0988892810277318));
#1559=CARTESIAN_POINT('',(0.300673649368258,-0.0419044474721199,-0.0987786106131767));
#1560=CARTESIAN_POINT('',(0.299983199017605,-0.0393838971787537,-0.0986263254445726));
#1561=CARTESIAN_POINT('',(0.29867988634202,-0.0368619061233012,-0.0984557101767451));
#1562=CARTESIAN_POINT('',(0.297007180739327,-0.0348241212722027,-0.098299496346839));
#1563=CARTESIAN_POINT('',(0.295447460128232,-0.0334722340114595,-0.0981818520168245));
#1564=CARTESIAN_POINT('',(0.294061186352007,-0.0325505506055151,-0.0980930184752615));
#1565=CARTESIAN_POINT('',(0.292599353749485,-0.0317878687386279,-0.0980063635105453));
#1566=CARTESIAN_POINT('',(0.290669594365182,-0.031072465983197,-0.0978895608366634));
#1567=CARTESIAN_POINT('',(0.288086011882637,-0.0305870155626183,-0.0977344614765104));
#1568=CARTESIAN_POINT('',(0.285245469751766,-0.0306557185058042,-0.0975634697998605));
#1569=CARTESIAN_POINT('',(0.282697898888262,-0.0312626738751611,-0.0974103583526423));
#1570=CARTESIAN_POINT('',(0.280667817898366,-0.0321252268329601,-0.0972882502400933));
#1571=CARTESIAN_POINT('',(0.27884855217505,-0.0332249540377272,-0.0971791654667587));
#1572=CARTESIAN_POINT('',(0.276873626194257,-0.0348988136817133,-0.0970309594636776));
#1573=CARTESIAN_POINT('',(0.275038730019083,-0.0372741988210311,-0.0968523605497108));
#1574=CARTESIAN_POINT('',(0.273786863360074,-0.0400098321310955,-0.0966726260547709));
#1575=CARTESIAN_POINT('',(0.273221608955796,-0.0425556816817577,-0.0965215288449553));
#1576=CARTESIAN_POINT('',(0.273101053594597,-0.0446982162327126,-0.0964094484503783));
#1577=CARTESIAN_POINT('',(0.273285233010112,-0.0468623161428978,-0.096292397244727));
#1578=CARTESIAN_POINT('',(0.273931180000875,-0.0493931323098062,-0.0961403687757983));
#1579=CARTESIAN_POINT('',(0.275739197034084,-0.0530476397790183,-0.0958958886047019));
#1580=CARTESIAN_POINT('',(0.278063634156458,-0.055286165853909,-0.0957092718523814));
#1581=CARTESIAN_POINT('',(0.279758247219622,-0.0563100492148774,-0.0956051256901551));
#1582=CARTESIAN_POINT('',(0.275746787280473,-0.0349800921418633,-0.107404314476372));
#1583=CARTESIAN_POINT('',(0.274418215518644,-0.0365343024719531,-0.10729053425936));
#1584=CARTESIAN_POINT('',(0.273064948853544,-0.0390910341382116,-0.107127331503564));
#1585=CARTESIAN_POINT('',(0.272380936767088,-0.0423202668568985,-0.106949765956686));
#1586=CARTESIAN_POINT('',(0.272237530696805,-0.0440971504561169,-0.106859080619889));
#1587=CARTESIAN_POINT('',(0.272282149487863,-0.045842785213527,-0.106773795313036));
#1588=CARTESIAN_POINT('',(0.272609434395886,-0.0480009014488983,-0.106658086869943));
#1589=CARTESIAN_POINT('',(0.273486168239356,-0.0506513869985481,-0.10650390182243));
#1590=CARTESIAN_POINT('',(0.275012814059646,-0.0532618548476935,-0.106332719722137));
#1591=CARTESIAN_POINT('',(0.276892117561163,-0.0553244911492939,-0.106178945907336));
#1592=CARTESIAN_POINT('',(0.278750919146675,-0.0567764837153035,-0.106054886554238));
#1593=CARTESIAN_POINT('',(0.280713004104562,-0.0579013810740813,-0.105945941098025));
#1594=CARTESIAN_POINT('',(0.283275842497603,-0.0588717009007441,-0.105799944144896));
#1595=CARTESIAN_POINT('',(0.286428783546921,-0.0593578090223635,-0.10562193456997));
#1596=CARTESIAN_POINT('',(0.28981388310232,-0.0591001377290419,-0.105430710645001));
#1597=CARTESIAN_POINT('',(0.292987118473741,-0.0580952428059467,-0.105250565532897));
#1598=CARTESIAN_POINT('',(0.295712450249351,-0.0565315527398505,-0.105099822037968));
#1599=CARTESIAN_POINT('',(0.298177668906489,-0.0543047401935161,-0.104920242662274));
#1600=CARTESIAN_POINT('',(0.300110330520283,-0.0515142656472247,-0.104729064202848));
#1601=CARTESIAN_POINT('',(0.301284611082148,-0.0485468925218277,-0.104550953437373));
#1602=CARTESIAN_POINT('',(0.301742434147472,-0.0458375970352807,-0.104404329475681));
#1603=CARTESIAN_POINT('',(0.301761480096471,-0.0435766025205288,-0.104295432414813));
#1604=CARTESIAN_POINT('',(0.301447531359366,-0.0412444029806867,-0.104171839989616));
#1605=CARTESIAN_POINT('',(0.300617722466442,-0.0385823271559713,-0.104018247651946));
#1606=CARTESIAN_POINT('',(0.299136598220914,-0.0359461218205099,-0.103847095157199));
#1607=CARTESIAN_POINT('',(0.297290594968287,-0.0338485661853404,-0.103692685147229));
#1608=CARTESIAN_POINT('',(0.295590400841681,-0.0324738014929851,-0.103576658994014));
#1609=CARTESIAN_POINT('',(0.294103013000634,-0.03155247428369,-0.103491087265923));
#1610=CARTESIAN_POINT('',(0.292501595502888,-0.0307815868616528,-0.103400855049556));
#1611=CARTESIAN_POINT('',(0.29041534675321,-0.030088511014673,-0.103282672844246));
#1612=CARTESIAN_POINT('',(0.287639575889707,-0.0296651309335246,-0.103125766358523));
#1613=CARTESIAN_POINT('',(0.284625898404277,-0.0298433034722047,-0.102955541274357));
#1614=CARTESIAN_POINT('',(0.281946453582789,-0.0305812573241491,-0.102803602494457));
#1615=CARTESIAN_POINT('',(0.280003393871094,-0.0314829393489396,-0.102694765527502));
#1616=CARTESIAN_POINT('',(0.278519371969616,-0.0324089837031268,-0.102608969733005));
#1617=CARTESIAN_POINT('',(0.277094952955599,-0.0335276367002826,-0.102513462405022));
#1618=CARTESIAN_POINT('',(0.275544245814148,-0.0351116356156,-0.102392229335947));
#1619=CARTESIAN_POINT('',(0.273940384086737,-0.037433824248305,-0.102232956845438));
#1620=CARTESIAN_POINT('',(0.272786262380336,-0.0402088199139998,-0.102065045096838));
#1621=CARTESIAN_POINT('',(0.272280846976075,-0.0429219278047734,-0.101916429957902));
#1622=CARTESIAN_POINT('',(0.272225820163802,-0.0451848028298213,-0.101807231464732));
#1623=CARTESIAN_POINT('',(0.272500001111685,-0.0475098478746568,-0.101685517457194));
#1624=CARTESIAN_POINT('',(0.273282584592364,-0.0501825544880334,-0.101532521698852));
#1625=CARTESIAN_POINT('',(0.274717128595855,-0.0528428501395939,-0.101361586820954));
#1626=CARTESIAN_POINT('',(0.276530349395844,-0.0549757148346479,-0.101206304459131));
#1627=CARTESIAN_POINT('',(0.27821128463106,-0.0563826312455686,-0.101089340087591));
#1628=CARTESIAN_POINT('',(0.279691691652645,-0.0573327171135908,-0.101002362141353));
#1629=CARTESIAN_POINT('',(0.281270325770125,-0.0581241849335707,-0.100913890576336));
#1630=CARTESIAN_POINT('',(0.283340627292234,-0.0588514213340316,-0.100796378796956));
#1631=CARTESIAN_POINT('',(0.286103551851396,-0.0593213920644158,-0.100640348115967));
#1632=CARTESIAN_POINT('',(0.289122517317521,-0.0591952381528547,-0.100469647380007));
#1633=CARTESIAN_POINT('',(0.291817021566558,-0.0585033689005405,-0.100317263133376));
#1634=CARTESIAN_POINT('',(0.29378727662516,-0.0576275214933839,-0.100206171943787));
#1635=CARTESIAN_POINT('',(0.295281127256758,-0.0567281836075451,-0.100121316852083));
#1636=CARTESIAN_POINT('',(0.296718872941403,-0.0556373138543441,-0.100026816903206));
#1637=CARTESIAN_POINT('',(0.298292931826447,-0.054083142994708,-0.0999063561694081));
#1638=CARTESIAN_POINT('',(0.299825800090807,-0.051944922651541,-0.099758236207136));
#1639=CARTESIAN_POINT('',(0.300922731155666,-0.0495524537936621,-0.0996100368062981));
#1640=CARTESIAN_POINT('',(0.301491896659229,-0.0474127981773985,-0.0994894236750154));
#1641=CARTESIAN_POINT('',(0.301725952021677,-0.0456203575177246,-0.0993947151035626));
#1642=CARTESIAN_POINT('',(0.301765061219166,-0.0438751697378916,-0.0993097238015606));
#1643=CARTESIAN_POINT('',(0.301548049129723,-0.0417357986201009,-0.099199041781928));
#1644=CARTESIAN_POINT('',(0.300812909097325,-0.03905405588501,-0.0990467538217865));
#1645=CARTESIAN_POINT('',(0.299425689590595,-0.0363709097065392,-0.0988761361647457));
#1646=CARTESIAN_POINT('',(0.297645639708132,-0.0342031536456065,-0.0987199273834146));
#1647=CARTESIAN_POINT('',(0.295985928949087,-0.0327651245117575,-0.0986022867624859));
#1648=CARTESIAN_POINT('',(0.294511005549758,-0.0317848454677371,-0.0985134630543817));
#1649=CARTESIAN_POINT('',(0.292955325620882,-0.0309735034693128,-0.098426799437052));
#1650=CARTESIAN_POINT('',(0.290901861736453,-0.0302126516292567,-0.0983099921814672));
#1651=CARTESIAN_POINT('',(0.288152771236822,-0.0296966116996569,-0.0981548877674997));
#1652=CARTESIAN_POINT('',(0.285130531371776,-0.0297702699996237,-0.0979838976152796));
#1653=CARTESIAN_POINT('',(0.2824201500396,-0.0304165470894581,-0.0978307894251005));
#1654=CARTESIAN_POINT('',(0.280260578802686,-0.0313345471172586,-0.0977086920952628));
#1655=CARTESIAN_POINT('',(0.278325028199708,-0.0325049727297174,-0.0975996042435202));
#1656=CARTESIAN_POINT('',(0.27622386491032,-0.0342864424718799,-0.097451388397516));
#1657=CARTESIAN_POINT('',(0.274272004394973,-0.0368142232745854,-0.0972727866827593));
#1658=CARTESIAN_POINT('',(0.272940598092572,-0.03972507131066,-0.0970930551929108));
#1659=CARTESIAN_POINT('',(0.272339703671821,-0.0424338175925257,-0.0969419626470917));
#1660=CARTESIAN_POINT('',(0.272211808749565,-0.0447131654518978,-0.0968298938386404));
#1661=CARTESIAN_POINT('',(0.272408153906009,-0.0470160469609446,-0.0967128285788389));
#1662=CARTESIAN_POINT('',(0.2730959477412,-0.0497087136115954,-0.096560797592753));
#1663=CARTESIAN_POINT('',(0.275020388728642,-0.0535967732380344,-0.0963163135820082));
#1664=CARTESIAN_POINT('',(0.277493877525979,-0.0559779047729107,-0.0961297057363005));
#1665=CARTESIAN_POINT('',(0.279296927657895,-0.0570669149708461,-0.0960255666657455));
#1666=CARTESIAN_POINT('',(0.275068585954974,-0.0344093863711185,-0.107824754622156));
#1667=CARTESIAN_POINT('',(0.273660325053232,-0.0360573354289145,-0.107710971138556));
#1668=CARTESIAN_POINT('',(0.272226123812228,-0.0387679734206274,-0.107547771090828));
#1669=CARTESIAN_POINT('',(0.271501511721556,-0.0421913868810039,-0.107370210333584));
#1670=CARTESIAN_POINT('',(0.271349752472613,-0.0440749519026515,-0.107279532122978));
#1671=CARTESIAN_POINT('',(0.271397292515292,-0.0459256687021056,-0.107194242514516));
#1672=CARTESIAN_POINT('',(0.271744601347085,-0.0482136466616344,-0.107078528828244));
#1673=CARTESIAN_POINT('',(0.27267450264301,-0.0510234621623406,-0.106924340157895));
#1674=CARTESIAN_POINT('',(0.274293369370061,-0.0537906546211508,-0.106753158458002));
#1675=CARTESIAN_POINT('',(0.276285968075686,-0.0559769706028579,-0.106599387659548));
#1676=CARTESIAN_POINT('',(0.278256612472412,-0.05751588117758,-0.106475335651452));
#1677=CARTESIAN_POINT('',(0.280336811297996,-0.0587081424698954,-0.106366391269291));
#1678=CARTESIAN_POINT('',(0.283054154705603,-0.0597365368862375,-0.106220384096682));
#1679=CARTESIAN_POINT('',(0.286396813803114,-0.0602513672659339,-0.106042372837315));
#1680=CARTESIAN_POINT('',(0.289985416112946,-0.0599776512892298,-0.105851149655027));
#1681=CARTESIAN_POINT('',(0.293349096138717,-0.0589119069507299,-0.105671013565961));
#1682=CARTESIAN_POINT('',(0.296238096544025,-0.0572538212372091,-0.10552027028459));
#1683=CARTESIAN_POINT('',(0.298851399552273,-0.0548925724123774,-0.105340681716722));
#1684=CARTESIAN_POINT('',(0.300899837704404,-0.0519339642273858,-0.105149502439282));
#1685=CARTESIAN_POINT('',(0.302144232228137,-0.0487879933597816,-0.104971393398015));
#1686=CARTESIAN_POINT('',(0.302629136191988,-0.0459159622393527,-0.104824779275775));
#1687=CARTESIAN_POINT('',(0.302649022819453,-0.0435189898359714,-0.104715881767841));
#1688=CARTESIAN_POINT('',(0.302315831423253,-0.0410463933649334,-0.104592281750776));
#1689=CARTESIAN_POINT('',(0.301435675976565,-0.0382243007707663,-0.10443868646199));
#1690=CARTESIAN_POINT('',(0.299865053409264,-0.0354297960580686,-0.104267533419564));
#1691=CARTESIAN_POINT('',(0.297907766644333,-0.0332064662509966,-0.104113127117216));
#1692=CARTESIAN_POINT('',(0.296105221383991,-0.0317493723829758,-0.103997105938229));
#1693=CARTESIAN_POINT('',(0.294528373682074,-0.0307729159823889,-0.103911538991983));
#1694=CARTESIAN_POINT('',(0.292830374630386,-0.0299558075898772,-0.103821299492658));
#1695=CARTESIAN_POINT('',(0.290618490247914,-0.0292213538107188,-0.103703114161795));
#1696=CARTESIAN_POINT('',(0.28767564454419,-0.0287729380316421,-0.103546203975068));
#1697=CARTESIAN_POINT('',(0.284480826879982,-0.0289623038970873,-0.103375981292045));
#1698=CARTESIAN_POINT('',(0.281640417094388,-0.0297450631333331,-0.103224044410214));
#1699=CARTESIAN_POINT('',(0.279580899415442,-0.0307011209667597,-0.103115218069059));
#1700=CARTESIAN_POINT('',(0.278007636286368,-0.031683129318175,-0.103029416801098));
#1701=CARTESIAN_POINT('',(0.276497646407551,-0.0328693276671828,-0.102933905460004));
#1702=CARTESIAN_POINT('',(0.274853869794219,-0.0345488828361413,-0.102812668731006));
#1703=CARTESIAN_POINT('',(0.273153915701125,-0.0370109994500477,-0.102653394905511));
#1704=CARTESIAN_POINT('',(0.271930861772173,-0.0399530137907836,-0.102485485153132));
#1705=CARTESIAN_POINT('',(0.271395508383983,-0.0428291510382682,-0.102336877815237));
#1706=CARTESIAN_POINT('',(0.271337480868418,-0.0452280330735551,-0.10222768216698));
#1707=CARTESIAN_POINT('',(0.271628504731397,-0.0476930872924513,-0.102105959278661));
#1708=CARTESIAN_POINT('',(0.272458595610466,-0.0505264487107211,-0.101952960915043));
#1709=CARTESIAN_POINT('',(0.273979849115872,-0.0533465162205284,-0.1017820247185));
#1710=CARTESIAN_POINT('',(0.275902378636025,-0.0556072761902098,-0.101626746502124));
#1711=CARTESIAN_POINT('',(0.27768454711978,-0.0570984766287104,-0.101509785695137));
#1712=CARTESIAN_POINT('',(0.279253943225827,-0.058105382182016,-0.101422815033743));
#1713=CARTESIAN_POINT('',(0.280927807628914,-0.058944329103244,-0.101334335411617));
#1714=CARTESIAN_POINT('',(0.28312278785996,-0.0597149997637835,-0.101216820638286));
#1715=CARTESIAN_POINT('',(0.286052032035886,-0.0602128177275321,-0.101060785815786));
#1716=CARTESIAN_POINT('',(0.289252476416062,-0.060078592077773,-0.100890086961729));
#1717=CARTESIAN_POINT('',(0.292108849056112,-0.0593446920249983,-0.100737705023152));
#1718=CARTESIAN_POINT('',(0.294197231430164,-0.0584159925390658,-0.100626623098616));
#1719=CARTESIAN_POINT('',(0.295780860127578,-0.0574623308277659,-0.100541765041781));
#1720=CARTESIAN_POINT('',(0.297305004246426,-0.0563055760596703,-0.100447260265088));
#1721=CARTESIAN_POINT('',(0.298973539706763,-0.0546576420557003,-0.100326796002127));
#1722=CARTESIAN_POINT('',(0.300598269907625,-0.0523905583369615,-0.100178674169152));
#1723=CARTESIAN_POINT('',(0.301760759839373,-0.0498540825826999,-0.100030476592857));
#1724=CARTESIAN_POINT('',(0.302363794191357,-0.0475857549964232,-0.0999098670026309));
#1725=CARTESIAN_POINT('',(0.30261163906634,-0.0456856147805616,-0.099815163172457));
#1726=CARTESIAN_POINT('',(0.302652858003134,-0.043835564053933,-0.0997301751045653));
#1727=CARTESIAN_POINT('',(0.302422475768838,-0.041567324209841,-0.0996194836734167));
#1728=CARTESIAN_POINT('',(0.30164268069744,-0.038724384706114,-0.0994671934489141));
#1729=CARTESIAN_POINT('',(0.300171589585748,-0.0358800703941972,-0.0992965738541717));
#1730=CARTESIAN_POINT('',(0.298284217791091,-0.033582316133976,-0.0991403691674572));
#1731=CARTESIAN_POINT('',(0.29652453073848,-0.0320581216443474,-0.0990227315548393));
#1732=CARTESIAN_POINT('',(0.294960955274258,-0.0310192216899654,-0.0989339158214072));
#1733=CARTESIAN_POINT('',(0.293311449522206,-0.0301592107754955,-0.0988472451870607));
#1734=CARTESIAN_POINT('',(0.291134297460544,-0.0293528884601872,-0.0987304342155247));
#1735=CARTESIAN_POINT('',(0.288219713545471,-0.0288062277174371,-0.0985753257026585));
#1736=CARTESIAN_POINT('',(0.285015773875232,-0.0288848036568292,-0.0984043367867742));
#1737=CARTESIAN_POINT('',(0.282142570315842,-0.0295703693221194,-0.0982512312384442));
#1738=CARTESIAN_POINT('',(0.279853482587794,-0.0305437982633,-0.098129142653281));
#1739=CARTESIAN_POINT('',(0.277801639910201,-0.0317848994749783,-0.0980200523050099));
#1740=CARTESIAN_POINT('',(0.275574231904084,-0.0336739445987746,-0.097871828476277));
#1741=CARTESIAN_POINT('',(0.273505378447727,-0.0363540924871491,-0.0976932244897646));
#1742=CARTESIAN_POINT('',(0.272094395356463,-0.0394401418864214,-0.0975134954372467));
#1743=CARTESIAN_POINT('',(0.271457825550217,-0.0423117833663326,-0.0973624066742833));
#1744=CARTESIAN_POINT('',(0.271322565478449,-0.0447279619599817,-0.097250347261875));
#1745=CARTESIAN_POINT('',(0.271531051196506,-0.0471696030909848,-0.0971332706044756));
#1746=CARTESIAN_POINT('',(0.272260656930175,-0.050024124462697,-0.0969812375765333));
#1747=CARTESIAN_POINT('',(0.274301471390749,-0.0541457531456431,-0.0967367504516945));
#1748=CARTESIAN_POINT('',(0.276923988541586,-0.0566695311863756,-0.0965501498298323));
#1749=CARTESIAN_POINT('',(0.278835474185447,-0.0578236939387505,-0.0964460165104152));
#1750=CARTESIAN_POINT('',(0.265,-0.0385,-0.0565));
#1751=CARTESIAN_POINT('',(0.265,-0.0445,-0.0565));
#1752=CARTESIAN_POINT('',(0.287,-0.0445,-0.0565));
#1753=CARTESIAN_POINT('',(0.330764920229466,-0.0315874603630994,-0.0527));
#1754=CARTESIAN_POINT('',(0.330764920229466,-0.0325,-0.0965));
#1755=CARTESIAN_POINT('',(0.330764920229466,-0.0376762794124882,-0.0527));
#1756=CARTESIAN_POINT('',(0.340764920229466,-0.0325,-0.0527));
#1757=CARTESIAN_POINT('',(0.340764920229466,-0.0376762794124882,-0.0965));
#1758=MECHANICAL_DESIGN_GEOMETRIC_PRESENTATION_REPRESENTATION('',(#555),
#1759);
#1759=(
GEOMETRIC_REPRESENTATION_CONTEXT(3)
GLOBAL_UNCERTAINTY_ASSIGNED_CONTEXT((#1760))
GLOBAL_UNIT_ASSIGNED_CONTEXT((#1763,#1762,#1761))
REPRESENTATION_CONTEXT('Desk Clamp','TOP_LEVEL_ASSEMBLY_PART')
);
#1760=UNCERTAINTY_MEASURE_WITH_UNIT(LENGTH_MEASURE(2.E-5),#1763,
'DISTANCE_ACCURACY_VALUE','Maximum Tolerance applied to model');
#1761=(
NAMED_UNIT(*)
SI_UNIT($,.STERADIAN.)
SOLID_ANGLE_UNIT()
);
#1762=(
NAMED_UNIT(*)
PLANE_ANGLE_UNIT()
SI_UNIT($,.RADIAN.)
);
#1763=(
LENGTH_UNIT()
NAMED_UNIT(*)
SI_UNIT($,.METRE.)
);
#1764=PRODUCT_DEFINITION_SHAPE('','',#1765);
#1765=PRODUCT_DEFINITION('','',#1767,#1766);
#1766=PRODUCT_DEFINITION_CONTEXT('',#1773,'design');
#1767=PRODUCT_DEFINITION_FORMATION_WITH_SPECIFIED_SOURCE('','',#1769,
 .NOT_KNOWN.);
#1768=PRODUCT_RELATED_PRODUCT_CATEGORY('','',(#1769));
#1769=PRODUCT('Desk Clamp','Desk Clamp','Desk Clamp',(#1771));
#1770=PRODUCT_CATEGORY('','');
#1771=PRODUCT_CONTEXT('',#1773,'mechanical');
#1772=APPLICATION_PROTOCOL_DEFINITION('international standard',
'ap242_managed_model_based_3d_engineering',2020,#1773);
#1773=APPLICATION_CONTEXT('managed model based 3d engineering');
ENDSEC;
END-ISO-10303-21;
