ISO-10303-21;
HEADER;
/* Generated by software containing ST-Developer
 * from STEP Tools, Inc. (www.steptools.com) 
 */
/* OPTION: using custom renumber hook */

FILE_DESCRIPTION(
/* description */ ('STEP AP242 Edition 2',
'CAx-IF Rec.Pracs.---Representation and Presentation of Product Manufa
cturing Information (PMI)---4.0---2014-10-13',
'CAx-IF Rec.Pracs.---3D Tessellated Geometry---0.4---2014-09-14','2;1',
'CAx-IF Rec.Pracs.---User Defined Attributes---1.5---2016-08-15'),
/* implementation_level */ '2;1');

FILE_NAME(
/* name */ 'Assembly 1 - Phone Holder Female',
/* time_stamp */ '2026-07-26T17:36:16Z',
/* author */ (''),
/* organization */ (''),
/* preprocessor_version */ 'ST-DEVELOPER v20',
/* originating_system */ 'ONSHAPE BY PTC INC, 1.218',
/* authorisation */ '  ');

FILE_SCHEMA (('AP242_MANAGED_MODEL_BASED_3D_ENGINEERING_MIM_LF { 1 0 10303 442 3 1 4 }'));
ENDSEC;

DATA;
#10=SHAPE_REPRESENTATION_RELATIONSHIP('','',#790,#11);
#11=ADVANCED_BREP_SHAPE_REPRESENTATION('',(#788),#5264);
#12=CONICAL_SURFACE('',#832,0.0065,0.785398131253394);
#13=B_SPLINE_SURFACE_WITH_KNOTS('',3,3,((#1446,#1447,#1448,#1449,#1450,
#1451,#1452,#1453,#1454,#1455,#1456,#1457,#1458,#1459,#1460,#1461,#1462,
#1463,#1464,#1465,#1466,#1467,#1468,#1469,#1470,#1471,#1472,#1473,#1474,
#1475,#1476,#1477,#1478,#1479,#1480,#1481,#1482,#1483,#1484,#1485,#1486,
#1487,#1488,#1489,#1490,#1491,#1492,#1493,#1494,#1495,#1496,#1497,#1498,
#1499,#1500,#1501,#1502,#1503,#1504,#1505,#1506,#1507,#1508,#1509,#1510,
#1511,#1512,#1513,#1514,#1515,#1516,#1517,#1518,#1519,#1520,#1521,#1522,
#1523,#1524,#1525,#1526,#1527,#1528,#1529,#1530,#1531,#1532,#1533,#1534,
#1535,#1536,#1537,#1538,#1539,#1540,#1541,#1542,#1543,#1544,#1545,#1546,
#1547,#1548,#1549,#1550,#1551,#1552,#1553,#1554,#1555,#1556,#1557,#1558,
#1559,#1560,#1561,#1562,#1563,#1564,#1565,#1566,#1567,#1568,#1569,#1570,
#1571,#1572,#1573,#1574,#1575,#1576,#1577,#1578,#1579,#1580,#1581,#1582,
#1583,#1584,#1585,#1586,#1587,#1588,#1589,#1590,#1591,#1592,#1593,#1594,
#1595,#1596,#1597,#1598,#1599,#1600,#1601,#1602,#1603,#1604,#1605,#1606,
#1607,#1608,#1609,#1610,#1611,#1612,#1613,#1614,#1615,#1616,#1617,#1618,
#1619,#1620,#1621,#1622,#1623,#1624,#1625,#1626,#1627,#1628,#1629,#1630,
#1631,#1632,#1633,#1634,#1635,#1636,#1637,#1638,#1639,#1640,#1641,#1642,
#1643,#1644,#1645,#1646,#1647,#1648,#1649,#1650,#1651,#1652,#1653,#1654,
#1655,#1656,#1657,#1658,#1659,#1660,#1661,#1662,#1663,#1664,#1665,#1666,
#1667,#1668,#1669,#1670,#1671,#1672,#1673,#1674,#1675,#1676,#1677,#1678,
#1679,#1680,#1681,#1682,#1683,#1684,#1685,#1686,#1687,#1688,#1689,#1690,
#1691,#1692,#1693,#1694,#1695,#1696,#1697,#1698,#1699,#1700,#1701,#1702,
#1703,#1704,#1705,#1706,#1707,#1708,#1709,#1710,#1711,#1712,#1713,#1714,
#1715,#1716,#1717,#1718,#1719,#1720,#1721,#1722,#1723,#1724,#1725,#1726,
#1727,#1728),(#1729,#1730,#1731,#1732,#1733,#1734,#1735,#1736,#1737,#1738,
#1739,#1740,#1741,#1742,#1743,#1744,#1745,#1746,#1747,#1748,#1749,#1750,
#1751,#1752,#1753,#1754,#1755,#1756,#1757,#1758,#1759,#1760,#1761,#1762,
#1763,#1764,#1765,#1766,#1767,#1768,#1769,#1770,#1771,#1772,#1773,#1774,
#1775,#1776,#1777,#1778,#1779,#1780,#1781,#1782,#1783,#1784,#1785,#1786,
#1787,#1788,#1789,#1790,#1791,#1792,#1793,#1794,#1795,#1796,#1797,#1798,
#1799,#1800,#1801,#1802,#1803,#1804,#1805,#1806,#1807,#1808,#1809,#1810,
#1811,#1812,#1813,#1814,#1815,#1816,#1817,#1818,#1819,#1820,#1821,#1822,
#1823,#1824,#1825,#1826,#1827,#1828,#1829,#1830,#1831,#1832,#1833,#1834,
#1835,#1836,#1837,#1838,#1839,#1840,#1841,#1842,#1843,#1844,#1845,#1846,
#1847,#1848,#1849,#1850,#1851,#1852,#1853,#1854,#1855,#1856,#1857,#1858,
#1859,#1860,#1861,#1862,#1863,#1864,#1865,#1866,#1867,#1868,#1869,#1870,
#1871,#1872,#1873,#1874,#1875,#1876,#1877,#1878,#1879,#1880,#1881,#1882,
#1883,#1884,#1885,#1886,#1887,#1888,#1889,#1890,#1891,#1892,#1893,#1894,
#1895,#1896,#1897,#1898,#1899,#1900,#1901,#1902,#1903,#1904,#1905,#1906,
#1907,#1908,#1909,#1910,#1911,#1912,#1913,#1914,#1915,#1916,#1917,#1918,
#1919,#1920,#1921,#1922,#1923,#1924,#1925,#1926,#1927,#1928,#1929,#1930,
#1931,#1932,#1933,#1934,#1935,#1936,#1937,#1938,#1939,#1940,#1941,#1942,
#1943,#1944,#1945,#1946,#1947,#1948,#1949,#1950,#1951,#1952,#1953,#1954,
#1955,#1956,#1957,#1958,#1959,#1960,#1961,#1962,#1963,#1964,#1965,#1966,
#1967,#1968,#1969,#1970,#1971,#1972,#1973,#1974,#1975,#1976,#1977,#1978,
#1979,#1980,#1981,#1982,#1983,#1984,#1985,#1986,#1987,#1988,#1989,#1990,
#1991,#1992,#1993,#1994,#1995,#1996,#1997,#1998,#1999,#2000,#2001,#2002,
#2003,#2004,#2005,#2006,#2007,#2008,#2009,#2010,#2011),(#2012,#2013,#2014,
#2015,#2016,#2017,#2018,#2019,#2020,#2021,#2022,#2023,#2024,#2025,#2026,
#2027,#2028,#2029,#2030,#2031,#2032,#2033,#2034,#2035,#2036,#2037,#2038,
#2039,#2040,#2041,#2042,#2043,#2044,#2045,#2046,#2047,#2048,#2049,#2050,
#2051,#2052,#2053,#2054,#2055,#2056,#2057,#2058,#2059,#2060,#2061,#2062,
#2063,#2064,#2065,#2066,#2067,#2068,#2069,#2070,#2071,#2072,#2073,#2074,
#2075,#2076,#2077,#2078,#2079,#2080,#2081,#2082,#2083,#2084,#2085,#2086,
#2087,#2088,#2089,#2090,#2091,#2092,#2093,#2094,#2095,#2096,#2097,#2098,
#2099,#2100,#2101,#2102,#2103,#2104,#2105,#2106,#2107,#2108,#2109,#2110,
#2111,#2112,#2113,#2114,#2115,#2116,#2117,#2118,#2119,#2120,#2121,#2122,
#2123,#2124,#2125,#2126,#2127,#2128,#2129,#2130,#2131,#2132,#2133,#2134,
#2135,#2136,#2137,#2138,#2139,#2140,#2141,#2142,#2143,#2144,#2145,#2146,
#2147,#2148,#2149,#2150,#2151,#2152,#2153,#2154,#2155,#2156,#2157,#2158,
#2159,#2160,#2161,#2162,#2163,#2164,#2165,#2166,#2167,#2168,#2169,#2170,
#2171,#2172,#2173,#2174,#2175,#2176,#2177,#2178,#2179,#2180,#2181,#2182,
#2183,#2184,#2185,#2186,#2187,#2188,#2189,#2190,#2191,#2192,#2193,#2194,
#2195,#2196,#2197,#2198,#2199,#2200,#2201,#2202,#2203,#2204,#2205,#2206,
#2207,#2208,#2209,#2210,#2211,#2212,#2213,#2214,#2215,#2216,#2217,#2218,
#2219,#2220,#2221,#2222,#2223,#2224,#2225,#2226,#2227,#2228,#2229,#2230,
#2231,#2232,#2233,#2234,#2235,#2236,#2237,#2238,#2239,#2240,#2241,#2242,
#2243,#2244,#2245,#2246,#2247,#2248,#2249,#2250,#2251,#2252,#2253,#2254,
#2255,#2256,#2257,#2258,#2259,#2260,#2261,#2262,#2263,#2264,#2265,#2266,
#2267,#2268,#2269,#2270,#2271,#2272,#2273,#2274,#2275,#2276,#2277,#2278,
#2279,#2280,#2281,#2282,#2283,#2284,#2285,#2286,#2287,#2288,#2289,#2290,
#2291,#2292,#2293,#2294),(#2295,#2296,#2297,#2298,#2299,#2300,#2301,#2302,
#2303,#2304,#2305,#2306,#2307,#2308,#2309,#2310,#2311,#2312,#2313,#2314,
#2315,#2316,#2317,#2318,#2319,#2320,#2321,#2322,#2323,#2324,#2325,#2326,
#2327,#2328,#2329,#2330,#2331,#2332,#2333,#2334,#2335,#2336,#2337,#2338,
#2339,#2340,#2341,#2342,#2343,#2344,#2345,#2346,#2347,#2348,#2349,#2350,
#2351,#2352,#2353,#2354,#2355,#2356,#2357,#2358,#2359,#2360,#2361,#2362,
#2363,#2364,#2365,#2366,#2367,#2368,#2369,#2370,#2371,#2372,#2373,#2374,
#2375,#2376,#2377,#2378,#2379,#2380,#2381,#2382,#2383,#2384,#2385,#2386,
#2387,#2388,#2389,#2390,#2391,#2392,#2393,#2394,#2395,#2396,#2397,#2398,
#2399,#2400,#2401,#2402,#2403,#2404,#2405,#2406,#2407,#2408,#2409,#2410,
#2411,#2412,#2413,#2414,#2415,#2416,#2417,#2418,#2419,#2420,#2421,#2422,
#2423,#2424,#2425,#2426,#2427,#2428,#2429,#2430,#2431,#2432,#2433,#2434,
#2435,#2436,#2437,#2438,#2439,#2440,#2441,#2442,#2443,#2444,#2445,#2446,
#2447,#2448,#2449,#2450,#2451,#2452,#2453,#2454,#2455,#2456,#2457,#2458,
#2459,#2460,#2461,#2462,#2463,#2464,#2465,#2466,#2467,#2468,#2469,#2470,
#2471,#2472,#2473,#2474,#2475,#2476,#2477,#2478,#2479,#2480,#2481,#2482,
#2483,#2484,#2485,#2486,#2487,#2488,#2489,#2490,#2491,#2492,#2493,#2494,
#2495,#2496,#2497,#2498,#2499,#2500,#2501,#2502,#2503,#2504,#2505,#2506,
#2507,#2508,#2509,#2510,#2511,#2512,#2513,#2514,#2515,#2516,#2517,#2518,
#2519,#2520,#2521,#2522,#2523,#2524,#2525,#2526,#2527,#2528,#2529,#2530,
#2531,#2532,#2533,#2534,#2535,#2536,#2537,#2538,#2539,#2540,#2541,#2542,
#2543,#2544,#2545,#2546,#2547,#2548,#2549,#2550,#2551,#2552,#2553,#2554,
#2555,#2556,#2557,#2558,#2559,#2560,#2561,#2562,#2563,#2564,#2565,#2566,
#2567,#2568,#2569,#2570,#2571,#2572,#2573,#2574,#2575,#2576,#2577)),
 .UNSPECIFIED.,.F.,.F.,.F.,(4,4),(4,1,1,1,1,1,1,1,1,1,1,1,1,1,1,1,1,1,1,
1,1,1,1,1,1,1,1,1,1,1,1,1,1,1,1,1,1,1,1,1,1,1,1,1,1,1,1,1,1,1,1,1,1,1,1,
1,1,1,1,1,1,1,1,1,1,1,1,1,1,1,1,1,1,1,1,1,1,1,1,1,1,1,1,1,1,1,1,1,1,1,1,
1,1,1,1,1,1,1,1,1,1,1,1,1,1,1,1,1,1,1,1,1,1,1,1,1,1,1,1,1,1,1,1,1,1,1,1,
1,1,1,1,1,1,1,1,1,1,1,1,1,1,1,1,1,1,1,1,1,1,1,1,1,1,1,1,1,1,1,1,1,1,1,1,
1,1,1,1,1,1,1,1,1,1,1,1,1,1,1,1,1,1,1,1,1,1,1,1,1,1,1,1,1,1,1,1,1,1,1,1,
1,1,1,1,1,1,1,1,1,1,1,1,1,1,1,1,1,1,1,1,1,1,1,1,1,1,1,1,1,1,1,1,1,1,1,1,
1,1,1,1,1,1,1,1,1,1,1,1,1,1,1,1,1,1,1,1,1,1,1,1,1,1,1,1,1,1,1,1,1,1,1,1,
1,1,1,1,1,1,1,1,1,4),(0.462986916308124,1.10018628170355),(0.108202037188209,
0.113765039682803,0.116082957388884,0.117937291553748,0.119791625718613,
0.122109543424694,0.124891044671991,0.127672545919288,0.129990463625369,
0.131844797790234,0.133699131955098,0.136017049661179,0.138798550908476,
0.141580052155773,0.14436155340307,0.147143054650367,0.149924555897664,
0.152242473603745,0.15409680776861,0.155951141933474,0.158269059639555,
0.161050560886852,0.163832062134149,0.16614997984023,0.168004314005095,
0.169858648169959,0.17217656587604,0.174958067123337,0.177739568370634,
0.180521069617931,0.183302570865228,0.186084072112525,0.188865573359822,
0.191647074607119,0.194428575854416,0.197210077101713,0.199527994807794,
0.201382328972659,0.203236663137524,0.205554580843605,0.208336082090902,
0.211117583338199,0.213435501044279,0.215289835209144,0.217144169374009,
0.21946208708009,0.222243588327387,0.225025089574684,0.227806590821981,
0.230588092069278,0.233369593316575,0.236151094563872,0.238932595811169,
0.241714097058466,0.244495598305763,0.24727709955306,0.250058600800357,
0.252840102047654,0.255621603294951,0.258403104542248,0.261184605789545,
0.263966107036842,0.266747608284139,0.269529109531436,0.272310610778733,
0.27509211202603,0.277873613273327,0.280655114520624,0.282973032226705,
0.28482736639157,0.286681700556434,0.288999618262515,0.291781119509812,
0.294562620757109,0.29688053846319,0.298734872628055,0.300589206792919,
0.302907124499,0.305688625746297,0.308470126993594,0.311251628240891,0.314033129488188,
0.316814630735485,0.319596131982782,0.322377633230079,0.325159134477376,
0.327940635724673,0.33072213697197,0.333503638219267,0.336285139466564,
0.339066640713861,0.341848141961158,0.344629643208455,0.347411144455752,
0.350192645703049,0.352974146950346,0.355755648197644,0.358537149444941,
0.361318650692238,0.364100151939535,0.366418069645615,0.36827240381048,
0.370126737975345,0.372444655681426,0.375226156928723,0.37800765817602,
0.380325575882101,0.382179910046965,0.38403424421183,0.386352161917911,
0.389133663165208,0.391915164412505,0.394696665659802,0.397478166907099,
0.400259668154396,0.403041169401693,0.40582267064899,0.408604171896287,
0.411385673143584,0.413703590849665,0.415557925014529,0.417412259179394,
0.419730176885475,0.422511678132772,0.425293179380069,0.42761109708615,
0.429465431251014,0.431319765415879,0.43363768312196,0.436419184369257,
0.439200685616554,0.441982186863851,0.444763688111148,0.447545189358445,
0.449863107064526,0.451717441229391,0.453571775394255,0.455889693100336,
0.458671194347633,0.46145269559493,0.463770613301011,0.465624947465876,
0.46747928163074,0.469797199336821,0.472578700584118,0.475360201831415,
0.478141703078712,0.480923204326009,0.483704705573306,0.486486206820603,
0.4892677080679,0.492049209315198,0.494830710562495,0.497148628268575,0.49900296243344,
0.500857296598305,0.503175214304385,0.505956715551683,0.508738216798979,
0.51105613450506,0.512910468669925,0.51476480283479,0.517082720540871,0.519864221788168,
0.522645723035465,0.525427224282762,0.528208725530059,0.530990226777356,
0.533771728024653,0.53655322927195,0.539334730519247,0.542116231766544,
0.544897733013841,0.547679234261138,0.550460735508435,0.553242236755732,
0.556023738003029,0.558805239250326,0.561586740497623,0.56436824174492,
0.567149742992217,0.569931244239514,0.572712745486811,0.575494246734108,
0.578275747981405,0.580593665687486,0.582447999852351,0.584302334017215,
0.586620251723296,0.589401752970593,0.59218325421789,0.594501171923971,
0.596355506088836,0.5982098402537,0.600527757959781,0.603309259207078,0.606090760454375,
0.608872261701672,0.611653762948969,0.614435264196266,0.617216765443563,
0.61999826669086,0.622779767938157,0.625561269185454,0.628342770432751,
0.631124271680048,0.633905772927345,0.636687274174642,0.639468775421939,
0.642250276669236,0.645031777916533,0.64781327916383,0.650594780411128,
0.653376281658424,0.656157782905722,0.658939284153019,0.661720785400316,
0.664038703106396,0.665893037271261,0.667747371436126,0.670065289142207,
0.672846790389504,0.675628291636801,0.677946209342882,0.679800543507746,
0.681654877672611,0.683972795378692,0.686754296625989,0.689535797873286,
0.692317299120583,0.69509880036788,0.697880301615177,0.700661802862474,
0.703443304109771,0.706224805357068,0.709006306604365,0.711324224310446,
0.71317855847531,0.715032892640175,0.717350810346256,0.720132311593553,
0.72291381284085,0.725231730546931,0.727086064711795,0.72894039887666,0.731258316582741,
0.734039817830038,0.736821319077335,0.739602820324632,0.742384321571929,
0.745165822819226,0.747483740525307,0.749338074690172,0.751192408855036,
0.753510326561117,0.756291827808414,0.759073329055711,0.761391246761792,
0.763245580926657,0.765099915091521,0.767417832797602,0.770199334044899,
0.772980835292196,0.775762336539493,0.77854383778679,0.781325339034087,
0.784106840281384,0.786888341528681,0.789669842775978,0.792451344023275,
0.794769261729356,0.796623595894221,0.798477930059086,0.800795847765166,
0.803577349012463,0.80635885025976,0.808676767965841,0.810531102130706,
0.812385436295571,0.814703354001651,0.820266356496246),.UNSPECIFIED.);
#14=B_SPLINE_SURFACE_WITH_KNOTS('',3,3,((#2714,#2715,#2716,#2717,#2718,
#2719,#2720,#2721,#2722,#2723,#2724,#2725,#2726,#2727,#2728,#2729,#2730,
#2731,#2732,#2733,#2734,#2735,#2736,#2737,#2738,#2739,#2740,#2741,#2742,
#2743,#2744,#2745,#2746,#2747,#2748,#2749,#2750,#2751,#2752,#2753,#2754,
#2755,#2756,#2757,#2758,#2759,#2760,#2761,#2762,#2763,#2764,#2765,#2766,
#2767,#2768,#2769,#2770,#2771,#2772,#2773,#2774,#2775,#2776,#2777,#2778,
#2779,#2780,#2781,#2782,#2783,#2784,#2785,#2786,#2787,#2788,#2789,#2790,
#2791,#2792,#2793,#2794,#2795,#2796,#2797,#2798,#2799,#2800,#2801,#2802,
#2803,#2804,#2805,#2806,#2807,#2808,#2809,#2810,#2811,#2812,#2813,#2814,
#2815,#2816,#2817,#2818,#2819,#2820,#2821,#2822,#2823,#2824,#2825,#2826,
#2827,#2828,#2829,#2830,#2831,#2832,#2833,#2834,#2835,#2836,#2837,#2838,
#2839,#2840,#2841,#2842,#2843,#2844,#2845,#2846,#2847,#2848,#2849,#2850,
#2851,#2852,#2853,#2854,#2855,#2856,#2857,#2858,#2859,#2860,#2861,#2862,
#2863,#2864,#2865,#2866,#2867,#2868,#2869,#2870,#2871,#2872,#2873,#2874,
#2875,#2876,#2877,#2878,#2879,#2880,#2881,#2882,#2883,#2884,#2885,#2886,
#2887,#2888,#2889,#2890,#2891,#2892,#2893,#2894,#2895,#2896,#2897,#2898,
#2899,#2900,#2901,#2902,#2903,#2904,#2905,#2906,#2907,#2908,#2909,#2910,
#2911,#2912,#2913,#2914,#2915,#2916,#2917,#2918,#2919,#2920,#2921,#2922,
#2923,#2924,#2925,#2926,#2927,#2928,#2929,#2930,#2931,#2932,#2933,#2934,
#2935,#2936,#2937,#2938,#2939,#2940,#2941,#2942,#2943,#2944,#2945,#2946,
#2947,#2948,#2949,#2950,#2951,#2952,#2953,#2954,#2955,#2956,#2957,#2958,
#2959,#2960,#2961,#2962,#2963,#2964,#2965,#2966,#2967,#2968,#2969,#2970,
#2971,#2972,#2973,#2974,#2975,#2976,#2977,#2978,#2979,#2980,#2981,#2982,
#2983,#2984,#2985,#2986,#2987,#2988,#2989,#2990,#2991,#2992,#2993,#2994,
#2995,#2996,#2997,#2998,#2999,#3000,#3001,#3002),(#3003,#3004,#3005,#3006,
#3007,#3008,#3009,#3010,#3011,#3012,#3013,#3014,#3015,#3016,#3017,#3018,
#3019,#3020,#3021,#3022,#3023,#3024,#3025,#3026,#3027,#3028,#3029,#3030,
#3031,#3032,#3033,#3034,#3035,#3036,#3037,#3038,#3039,#3040,#3041,#3042,
#3043,#3044,#3045,#3046,#3047,#3048,#3049,#3050,#3051,#3052,#3053,#3054,
#3055,#3056,#3057,#3058,#3059,#3060,#3061,#3062,#3063,#3064,#3065,#3066,
#3067,#3068,#3069,#3070,#3071,#3072,#3073,#3074,#3075,#3076,#3077,#3078,
#3079,#3080,#3081,#3082,#3083,#3084,#3085,#3086,#3087,#3088,#3089,#3090,
#3091,#3092,#3093,#3094,#3095,#3096,#3097,#3098,#3099,#3100,#3101,#3102,
#3103,#3104,#3105,#3106,#3107,#3108,#3109,#3110,#3111,#3112,#3113,#3114,
#3115,#3116,#3117,#3118,#3119,#3120,#3121,#3122,#3123,#3124,#3125,#3126,
#3127,#3128,#3129,#3130,#3131,#3132,#3133,#3134,#3135,#3136,#3137,#3138,
#3139,#3140,#3141,#3142,#3143,#3144,#3145,#3146,#3147,#3148,#3149,#3150,
#3151,#3152,#3153,#3154,#3155,#3156,#3157,#3158,#3159,#3160,#3161,#3162,
#3163,#3164,#3165,#3166,#3167,#3168,#3169,#3170,#3171,#3172,#3173,#3174,
#3175,#3176,#3177,#3178,#3179,#3180,#3181,#3182,#3183,#3184,#3185,#3186,
#3187,#3188,#3189,#3190,#3191,#3192,#3193,#3194,#3195,#3196,#3197,#3198,
#3199,#3200,#3201,#3202,#3203,#3204,#3205,#3206,#3207,#3208,#3209,#3210,
#3211,#3212,#3213,#3214,#3215,#3216,#3217,#3218,#3219,#3220,#3221,#3222,
#3223,#3224,#3225,#3226,#3227,#3228,#3229,#3230,#3231,#3232,#3233,#3234,
#3235,#3236,#3237,#3238,#3239,#3240,#3241,#3242,#3243,#3244,#3245,#3246,
#3247,#3248,#3249,#3250,#3251,#3252,#3253,#3254,#3255,#3256,#3257,#3258,
#3259,#3260,#3261,#3262,#3263,#3264,#3265,#3266,#3267,#3268,#3269,#3270,
#3271,#3272,#3273,#3274,#3275,#3276,#3277,#3278,#3279,#3280,#3281,#3282,
#3283,#3284,#3285,#3286,#3287,#3288,#3289,#3290,#3291),(#3292,#3293,#3294,
#3295,#3296,#3297,#3298,#3299,#3300,#3301,#3302,#3303,#3304,#3305,#3306,
#3307,#3308,#3309,#3310,#3311,#3312,#3313,#3314,#3315,#3316,#3317,#3318,
#3319,#3320,#3321,#3322,#3323,#3324,#3325,#3326,#3327,#3328,#3329,#3330,
#3331,#3332,#3333,#3334,#3335,#3336,#3337,#3338,#3339,#3340,#3341,#3342,
#3343,#3344,#3345,#3346,#3347,#3348,#3349,#3350,#3351,#3352,#3353,#3354,
#3355,#3356,#3357,#3358,#3359,#3360,#3361,#3362,#3363,#3364,#3365,#3366,
#3367,#3368,#3369,#3370,#3371,#3372,#3373,#3374,#3375,#3376,#3377,#3378,
#3379,#3380,#3381,#3382,#3383,#3384,#3385,#3386,#3387,#3388,#3389,#3390,
#3391,#3392,#3393,#3394,#3395,#3396,#3397,#3398,#3399,#3400,#3401,#3402,
#3403,#3404,#3405,#3406,#3407,#3408,#3409,#3410,#3411,#3412,#3413,#3414,
#3415,#3416,#3417,#3418,#3419,#3420,#3421,#3422,#3423,#3424,#3425,#3426,
#3427,#3428,#3429,#3430,#3431,#3432,#3433,#3434,#3435,#3436,#3437,#3438,
#3439,#3440,#3441,#3442,#3443,#3444,#3445,#3446,#3447,#3448,#3449,#3450,
#3451,#3452,#3453,#3454,#3455,#3456,#3457,#3458,#3459,#3460,#3461,#3462,
#3463,#3464,#3465,#3466,#3467,#3468,#3469,#3470,#3471,#3472,#3473,#3474,
#3475,#3476,#3477,#3478,#3479,#3480,#3481,#3482,#3483,#3484,#3485,#3486,
#3487,#3488,#3489,#3490,#3491,#3492,#3493,#3494,#3495,#3496,#3497,#3498,
#3499,#3500,#3501,#3502,#3503,#3504,#3505,#3506,#3507,#3508,#3509,#3510,
#3511,#3512,#3513,#3514,#3515,#3516,#3517,#3518,#3519,#3520,#3521,#3522,
#3523,#3524,#3525,#3526,#3527,#3528,#3529,#3530,#3531,#3532,#3533,#3534,
#3535,#3536,#3537,#3538,#3539,#3540,#3541,#3542,#3543,#3544,#3545,#3546,
#3547,#3548,#3549,#3550,#3551,#3552,#3553,#3554,#3555,#3556,#3557,#3558,
#3559,#3560,#3561,#3562,#3563,#3564,#3565,#3566,#3567,#3568,#3569,#3570,
#3571,#3572,#3573,#3574,#3575,#3576,#3577,#3578,#3579,#3580),(#3581,#3582,
#3583,#3584,#3585,#3586,#3587,#3588,#3589,#3590,#3591,#3592,#3593,#3594,
#3595,#3596,#3597,#3598,#3599,#3600,#3601,#3602,#3603,#3604,#3605,#3606,
#3607,#3608,#3609,#3610,#3611,#3612,#3613,#3614,#3615,#3616,#3617,#3618,
#3619,#3620,#3621,#3622,#3623,#3624,#3625,#3626,#3627,#3628,#3629,#3630,
#3631,#3632,#3633,#3634,#3635,#3636,#3637,#3638,#3639,#3640,#3641,#3642,
#3643,#3644,#3645,#3646,#3647,#3648,#3649,#3650,#3651,#3652,#3653,#3654,
#3655,#3656,#3657,#3658,#3659,#3660,#3661,#3662,#3663,#3664,#3665,#3666,
#3667,#3668,#3669,#3670,#3671,#3672,#3673,#3674,#3675,#3676,#3677,#3678,
#3679,#3680,#3681,#3682,#3683,#3684,#3685,#3686,#3687,#3688,#3689,#3690,
#3691,#3692,#3693,#3694,#3695,#3696,#3697,#3698,#3699,#3700,#3701,#3702,
#3703,#3704,#3705,#3706,#3707,#3708,#3709,#3710,#3711,#3712,#3713,#3714,
#3715,#3716,#3717,#3718,#3719,#3720,#3721,#3722,#3723,#3724,#3725,#3726,
#3727,#3728,#3729,#3730,#3731,#3732,#3733,#3734,#3735,#3736,#3737,#3738,
#3739,#3740,#3741,#3742,#3743,#3744,#3745,#3746,#3747,#3748,#3749,#3750,
#3751,#3752,#3753,#3754,#3755,#3756,#3757,#3758,#3759,#3760,#3761,#3762,
#3763,#3764,#3765,#3766,#3767,#3768,#3769,#3770,#3771,#3772,#3773,#3774,
#3775,#3776,#3777,#3778,#3779,#3780,#3781,#3782,#3783,#3784,#3785,#3786,
#3787,#3788,#3789,#3790,#3791,#3792,#3793,#3794,#3795,#3796,#3797,#3798,
#3799,#3800,#3801,#3802,#3803,#3804,#3805,#3806,#3807,#3808,#3809,#3810,
#3811,#3812,#3813,#3814,#3815,#3816,#3817,#3818,#3819,#3820,#3821,#3822,
#3823,#3824,#3825,#3826,#3827,#3828,#3829,#3830,#3831,#3832,#3833,#3834,
#3835,#3836,#3837,#3838,#3839,#3840,#3841,#3842,#3843,#3844,#3845,#3846,
#3847,#3848,#3849,#3850,#3851,#3852,#3853,#3854,#3855,#3856,#3857,#3858,
#3859,#3860,#3861,#3862,#3863,#3864,#3865,#3866,#3867,#3868,#3869)),
 .UNSPECIFIED.,.F.,.F.,.F.,(4,4),(4,1,1,1,1,1,1,1,1,1,1,1,1,1,1,1,1,1,1,
1,1,1,1,1,1,1,1,1,1,1,1,1,1,1,1,1,1,1,1,1,1,1,1,1,1,1,1,1,1,1,1,1,1,1,1,
1,1,1,1,1,1,1,1,1,1,1,1,1,1,1,1,1,1,1,1,1,1,1,1,1,1,1,1,1,1,1,1,1,1,1,1,
1,1,1,1,1,1,1,1,1,1,1,1,1,1,1,1,1,1,1,1,1,1,1,1,1,1,1,1,1,1,1,1,1,1,1,1,
1,1,1,1,1,1,1,1,1,1,1,1,1,1,1,1,1,1,1,1,1,1,1,1,1,1,1,1,1,1,1,1,1,1,1,1,
1,1,1,1,1,1,1,1,1,1,1,1,1,1,1,1,1,1,1,1,1,1,1,1,1,1,1,1,1,1,1,1,1,1,1,1,
1,1,1,1,1,1,1,1,1,1,1,1,1,1,1,1,1,1,1,1,1,1,1,1,1,1,1,1,1,1,1,1,1,1,1,1,
1,1,1,1,1,1,1,1,1,1,1,1,1,1,1,1,1,1,1,1,1,1,1,1,1,1,1,1,1,1,1,1,1,1,1,1,
1,1,1,1,1,1,1,1,1,1,1,1,1,1,1,4),(-0.204187422278184,1.20419580335323),
(0.108089366054544,0.113842117910138,0.116239097849969,0.118156681801833,
0.120074265753698,0.122471245693529,0.125347621621326,0.127744601561156,
0.129662185513021,0.131579769464886,0.133976749404716,0.136853125332513,
0.13972950126031,0.142126481200141,0.144044065152005,0.14596164910387,0.148358629043701,
0.151235004971498,0.153631984911328,0.155549568863193,0.157467152815057,
0.159864132754888,0.162740508682685,0.165616884610482,0.168493260538279,
0.171369636466076,0.174246012393873,0.177122388321669,0.179998764249466,
0.182875140177263,0.18575151610506,0.188627892032857,0.191504267960654,
0.194380643888451,0.197257019816248,0.199653999756078,0.201571583707943,
0.203489167659808,0.205886147599638,0.208762523527435,0.211159503467266,
0.21307708741913,0.214994671370995,0.217391651310826,0.220268027238623,
0.22314440316642,0.22554138310625,0.227458967058115,0.229376551009979,0.23177353094981,
0.234649906877607,0.237046886817438,0.238964470769302,0.240882054721167,
0.243279034660998,0.246155410588795,0.249031786516591,0.251908162444388,
0.254784538372185,0.257660914299982,0.260537290227779,0.263413666155576,
0.266290042083373,0.26916641801117,0.272042793938966,0.274919169866763,
0.27779554579456,0.280671921722357,0.283068901662188,0.284986485614052,
0.286904069565917,0.289301049505748,0.292177425433545,0.294574405373375,
0.29649198932524,0.298409573277104,0.300806553216935,0.303682929144732,
0.306559305072529,0.30895628501236,0.310873868964224,0.312791452916089,
0.31518843285592,0.318064808783716,0.320461788723547,0.322379372675412,
0.324296956627276,0.326693936567107,0.329570312494904,0.332446688422701,
0.335323064350498,0.338199440278295,0.341075816206091,0.343952192133888,
0.346828568061685,0.349704943989482,0.352581319917279,0.355457695845076,
0.358334071772873,0.36121044770067,0.364086823628467,0.366963199556263,
0.36983957548406,0.372715951411857,0.375592327339654,0.377989307279485,
0.379906891231349,0.381824475183214,0.384221455123045,0.387097831050842,
0.389974206978638,0.392850582906435,0.395726958834232,0.398603334762029,
0.401479710689826,0.403876690629657,0.405794274581521,0.407711858533386,
0.410108838473217,0.412985214401013,0.41586159032881,0.418737966256607,
0.421614342184404,0.424490718112201,0.427367094039998,0.430243469967795,
0.433119845895592,0.435996221823389,0.438872597751185,0.441748973678982,
0.444625349606779,0.447501725534576,0.450378101462373,0.45325447739017,
0.456130853317967,0.459007229245764,0.461404209185594,0.463321793137459,
0.465239377089323,0.467636357029154,0.470512732956951,0.472909712896782,
0.474827296848646,0.476744880800511,0.479141860740342,0.482018236668138,
0.484894612595935,0.487291592535766,0.489209176487631,0.491126760439495,
0.493523740379326,0.496400116307123,0.498797096246954,0.500714680198818,
0.502632264150683,0.505029244090514,0.50790562001831,0.510781995946107,
0.513658371873904,0.516534747801701,0.519411123729498,0.522287499657295,
0.525163875585092,0.528040251512889,0.530916627440685,0.533793003368482,
0.536669379296279,0.539545755224076,0.542422131151873,0.544819111091704,
0.546736695043568,0.548654278995433,0.551051258935264,0.553927634863061,
0.556324614802891,0.558242198754756,0.56015978270662,0.562556762646451,
0.565433138574248,0.568309514502045,0.570706494441876,0.57262407839374,
0.574541662345605,0.576938642285436,0.579815018213232,0.582211998153063,
0.584129582104928,0.586047166056792,0.588444145996623,0.59132052192442,
0.594196897852217,0.597073273780014,0.599949649707811,0.602826025635607,
0.605702401563404,0.608578777491201,0.611455153418998,0.614331529346795,
0.617207905274592,0.620084281202389,0.622960657130186,0.625837033057982,
0.628234012997813,0.630151596949678,0.632069180901543,0.634466160841373,
0.63734253676917,0.639739516709001,0.641657100660865,0.64357468461273,0.645971664552561,
0.648848040480357,0.651724416408154,0.654121396347985,0.65603898029985,
0.657956564251714,0.660353544191545,0.663229920119342,0.665626900059173,
0.667544484011037,0.669462067962902,0.671859047902732,0.674735423830529,
0.677611799758326,0.680488175686123,0.68336455161392,0.686240927541717,
0.689117303469514,0.691993679397311,0.694870055325107,0.697746431252904,
0.700622807180701,0.703499183108498,0.706375559036295,0.709251934964092,
0.711648914903923,0.713566498855787,0.715484082807652,0.717881062747483,
0.720757438675279,0.72315441861511,0.725072002566975,0.726989586518839,
0.72938656645867,0.732262942386467,0.735139318314264,0.737536298254095,
0.739453882205959,0.741371466157824,0.743768446097654,0.746644822025451,
0.749041801965282,0.750959385917147,0.752876969869011,0.755273949808842,
0.758150325736639,0.761026701664436,0.763903077592233,0.76677945352003,
0.769655829447826,0.772532205375623,0.77540858130342,0.778284957231217,
0.781161333159014,0.784037709086811,0.786914085014608,0.789790460942405,
0.792666836870201,0.795543212797998,0.798419588725795,0.801295964653592,
0.804172340581389,0.80656932052122,0.808486904473084,0.810404488424949,
0.81280146836478,0.815677844292576,0.818554220220373,0.82143059614817,0.824306972075967,
0.827183348003764,0.830059723931561,0.832456703871392,0.834374287823256,
0.836291871775121,0.838688851714951,0.844441603570545),.UNSPECIFIED.);
#15=B_SPLINE_SURFACE_WITH_KNOTS('',3,3,((#4009,#4010,#4011,#4012,#4013,
#4014,#4015,#4016,#4017,#4018,#4019,#4020,#4021,#4022,#4023,#4024,#4025,
#4026,#4027,#4028,#4029,#4030,#4031,#4032,#4033,#4034,#4035,#4036,#4037,
#4038,#4039,#4040,#4041,#4042,#4043,#4044,#4045,#4046,#4047,#4048,#4049,
#4050,#4051,#4052,#4053,#4054,#4055,#4056,#4057,#4058,#4059,#4060,#4061,
#4062,#4063,#4064,#4065,#4066,#4067,#4068,#4069,#4070,#4071,#4072,#4073,
#4074,#4075,#4076,#4077,#4078,#4079,#4080,#4081,#4082,#4083,#4084,#4085,
#4086,#4087,#4088,#4089,#4090,#4091,#4092,#4093,#4094,#4095,#4096,#4097,
#4098,#4099,#4100,#4101,#4102,#4103,#4104,#4105,#4106,#4107,#4108,#4109,
#4110,#4111,#4112,#4113,#4114,#4115,#4116,#4117,#4118,#4119,#4120,#4121,
#4122,#4123,#4124,#4125,#4126,#4127,#4128,#4129,#4130,#4131,#4132,#4133,
#4134,#4135,#4136,#4137,#4138,#4139,#4140,#4141,#4142,#4143,#4144,#4145,
#4146,#4147,#4148,#4149,#4150,#4151,#4152,#4153,#4154,#4155,#4156,#4157,
#4158,#4159,#4160,#4161,#4162,#4163,#4164,#4165,#4166,#4167,#4168,#4169,
#4170,#4171,#4172,#4173,#4174,#4175,#4176,#4177,#4178,#4179,#4180,#4181,
#4182,#4183,#4184,#4185,#4186,#4187,#4188,#4189,#4190,#4191,#4192,#4193,
#4194,#4195,#4196,#4197,#4198,#4199,#4200,#4201,#4202,#4203,#4204,#4205,
#4206,#4207,#4208,#4209,#4210,#4211,#4212,#4213,#4214,#4215,#4216,#4217,
#4218,#4219,#4220,#4221,#4222,#4223,#4224,#4225,#4226,#4227,#4228,#4229,
#4230,#4231,#4232,#4233,#4234,#4235,#4236,#4237,#4238,#4239,#4240,#4241,
#4242,#4243,#4244,#4245,#4246,#4247,#4248,#4249,#4250,#4251,#4252,#4253,
#4254,#4255,#4256,#4257,#4258,#4259,#4260,#4261,#4262,#4263,#4264,#4265,
#4266,#4267,#4268,#4269,#4270,#4271,#4272,#4273,#4274,#4275,#4276,#4277,
#4278,#4279,#4280,#4281,#4282,#4283,#4284,#4285,#4286,#4287,#4288,#4289,
#4290),(#4291,#4292,#4293,#4294,#4295,#4296,#4297,#4298,#4299,#4300,#4301,
#4302,#4303,#4304,#4305,#4306,#4307,#4308,#4309,#4310,#4311,#4312,#4313,
#4314,#4315,#4316,#4317,#4318,#4319,#4320,#4321,#4322,#4323,#4324,#4325,
#4326,#4327,#4328,#4329,#4330,#4331,#4332,#4333,#4334,#4335,#4336,#4337,
#4338,#4339,#4340,#4341,#4342,#4343,#4344,#4345,#4346,#4347,#4348,#4349,
#4350,#4351,#4352,#4353,#4354,#4355,#4356,#4357,#4358,#4359,#4360,#4361,
#4362,#4363,#4364,#4365,#4366,#4367,#4368,#4369,#4370,#4371,#4372,#4373,
#4374,#4375,#4376,#4377,#4378,#4379,#4380,#4381,#4382,#4383,#4384,#4385,
#4386,#4387,#4388,#4389,#4390,#4391,#4392,#4393,#4394,#4395,#4396,#4397,
#4398,#4399,#4400,#4401,#4402,#4403,#4404,#4405,#4406,#4407,#4408,#4409,
#4410,#4411,#4412,#4413,#4414,#4415,#4416,#4417,#4418,#4419,#4420,#4421,
#4422,#4423,#4424,#4425,#4426,#4427,#4428,#4429,#4430,#4431,#4432,#4433,
#4434,#4435,#4436,#4437,#4438,#4439,#4440,#4441,#4442,#4443,#4444,#4445,
#4446,#4447,#4448,#4449,#4450,#4451,#4452,#4453,#4454,#4455,#4456,#4457,
#4458,#4459,#4460,#4461,#4462,#4463,#4464,#4465,#4466,#4467,#4468,#4469,
#4470,#4471,#4472,#4473,#4474,#4475,#4476,#4477,#4478,#4479,#4480,#4481,
#4482,#4483,#4484,#4485,#4486,#4487,#4488,#4489,#4490,#4491,#4492,#4493,
#4494,#4495,#4496,#4497,#4498,#4499,#4500,#4501,#4502,#4503,#4504,#4505,
#4506,#4507,#4508,#4509,#4510,#4511,#4512,#4513,#4514,#4515,#4516,#4517,
#4518,#4519,#4520,#4521,#4522,#4523,#4524,#4525,#4526,#4527,#4528,#4529,
#4530,#4531,#4532,#4533,#4534,#4535,#4536,#4537,#4538,#4539,#4540,#4541,
#4542,#4543,#4544,#4545,#4546,#4547,#4548,#4549,#4550,#4551,#4552,#4553,
#4554,#4555,#4556,#4557,#4558,#4559,#4560,#4561,#4562,#4563,#4564,#4565,
#4566,#4567,#4568,#4569,#4570,#4571,#4572),(#4573,#4574,#4575,#4576,#4577,
#4578,#4579,#4580,#4581,#4582,#4583,#4584,#4585,#4586,#4587,#4588,#4589,
#4590,#4591,#4592,#4593,#4594,#4595,#4596,#4597,#4598,#4599,#4600,#4601,
#4602,#4603,#4604,#4605,#4606,#4607,#4608,#4609,#4610,#4611,#4612,#4613,
#4614,#4615,#4616,#4617,#4618,#4619,#4620,#4621,#4622,#4623,#4624,#4625,
#4626,#4627,#4628,#4629,#4630,#4631,#4632,#4633,#4634,#4635,#4636,#4637,
#4638,#4639,#4640,#4641,#4642,#4643,#4644,#4645,#4646,#4647,#4648,#4649,
#4650,#4651,#4652,#4653,#4654,#4655,#4656,#4657,#4658,#4659,#4660,#4661,
#4662,#4663,#4664,#4665,#4666,#4667,#4668,#4669,#4670,#4671,#4672,#4673,
#4674,#4675,#4676,#4677,#4678,#4679,#4680,#4681,#4682,#4683,#4684,#4685,
#4686,#4687,#4688,#4689,#4690,#4691,#4692,#4693,#4694,#4695,#4696,#4697,
#4698,#4699,#4700,#4701,#4702,#4703,#4704,#4705,#4706,#4707,#4708,#4709,
#4710,#4711,#4712,#4713,#4714,#4715,#4716,#4717,#4718,#4719,#4720,#4721,
#4722,#4723,#4724,#4725,#4726,#4727,#4728,#4729,#4730,#4731,#4732,#4733,
#4734,#4735,#4736,#4737,#4738,#4739,#4740,#4741,#4742,#4743,#4744,#4745,
#4746,#4747,#4748,#4749,#4750,#4751,#4752,#4753,#4754,#4755,#4756,#4757,
#4758,#4759,#4760,#4761,#4762,#4763,#4764,#4765,#4766,#4767,#4768,#4769,
#4770,#4771,#4772,#4773,#4774,#4775,#4776,#4777,#4778,#4779,#4780,#4781,
#4782,#4783,#4784,#4785,#4786,#4787,#4788,#4789,#4790,#4791,#4792,#4793,
#4794,#4795,#4796,#4797,#4798,#4799,#4800,#4801,#4802,#4803,#4804,#4805,
#4806,#4807,#4808,#4809,#4810,#4811,#4812,#4813,#4814,#4815,#4816,#4817,
#4818,#4819,#4820,#4821,#4822,#4823,#4824,#4825,#4826,#4827,#4828,#4829,
#4830,#4831,#4832,#4833,#4834,#4835,#4836,#4837,#4838,#4839,#4840,#4841,
#4842,#4843,#4844,#4845,#4846,#4847,#4848,#4849,#4850,#4851,#4852,#4853,
#4854),(#4855,#4856,#4857,#4858,#4859,#4860,#4861,#4862,#4863,#4864,#4865,
#4866,#4867,#4868,#4869,#4870,#4871,#4872,#4873,#4874,#4875,#4876,#4877,
#4878,#4879,#4880,#4881,#4882,#4883,#4884,#4885,#4886,#4887,#4888,#4889,
#4890,#4891,#4892,#4893,#4894,#4895,#4896,#4897,#4898,#4899,#4900,#4901,
#4902,#4903,#4904,#4905,#4906,#4907,#4908,#4909,#4910,#4911,#4912,#4913,
#4914,#4915,#4916,#4917,#4918,#4919,#4920,#4921,#4922,#4923,#4924,#4925,
#4926,#4927,#4928,#4929,#4930,#4931,#4932,#4933,#4934,#4935,#4936,#4937,
#4938,#4939,#4940,#4941,#4942,#4943,#4944,#4945,#4946,#4947,#4948,#4949,
#4950,#4951,#4952,#4953,#4954,#4955,#4956,#4957,#4958,#4959,#4960,#4961,
#4962,#4963,#4964,#4965,#4966,#4967,#4968,#4969,#4970,#4971,#4972,#4973,
#4974,#4975,#4976,#4977,#4978,#4979,#4980,#4981,#4982,#4983,#4984,#4985,
#4986,#4987,#4988,#4989,#4990,#4991,#4992,#4993,#4994,#4995,#4996,#4997,
#4998,#4999,#5000,#5001,#5002,#5003,#5004,#5005,#5006,#5007,#5008,#5009,
#5010,#5011,#5012,#5013,#5014,#5015,#5016,#5017,#5018,#5019,#5020,#5021,
#5022,#5023,#5024,#5025,#5026,#5027,#5028,#5029,#5030,#5031,#5032,#5033,
#5034,#5035,#5036,#5037,#5038,#5039,#5040,#5041,#5042,#5043,#5044,#5045,
#5046,#5047,#5048,#5049,#5050,#5051,#5052,#5053,#5054,#5055,#5056,#5057,
#5058,#5059,#5060,#5061,#5062,#5063,#5064,#5065,#5066,#5067,#5068,#5069,
#5070,#5071,#5072,#5073,#5074,#5075,#5076,#5077,#5078,#5079,#5080,#5081,
#5082,#5083,#5084,#5085,#5086,#5087,#5088,#5089,#5090,#5091,#5092,#5093,
#5094,#5095,#5096,#5097,#5098,#5099,#5100,#5101,#5102,#5103,#5104,#5105,
#5106,#5107,#5108,#5109,#5110,#5111,#5112,#5113,#5114,#5115,#5116,#5117,
#5118,#5119,#5120,#5121,#5122,#5123,#5124,#5125,#5126,#5127,#5128,#5129,
#5130,#5131,#5132,#5133,#5134,#5135,#5136)),.UNSPECIFIED.,.F.,.F.,.F.,(4,
4),(4,1,1,1,1,1,1,1,1,1,1,1,1,1,1,1,1,1,1,1,1,1,1,1,1,1,1,1,1,1,1,1,1,1,
1,1,1,1,1,1,1,1,1,1,1,1,1,1,1,1,1,1,1,1,1,1,1,1,1,1,1,1,1,1,1,1,1,1,1,1,
1,1,1,1,1,1,1,1,1,1,1,1,1,1,1,1,1,1,1,1,1,1,1,1,1,1,1,1,1,1,1,1,1,1,1,1,
1,1,1,1,1,1,1,1,1,1,1,1,1,1,1,1,1,1,1,1,1,1,1,1,1,1,1,1,1,1,1,1,1,1,1,1,
1,1,1,1,1,1,1,1,1,1,1,1,1,1,1,1,1,1,1,1,1,1,1,1,1,1,1,1,1,1,1,1,1,1,1,1,
1,1,1,1,1,1,1,1,1,1,1,1,1,1,1,1,1,1,1,1,1,1,1,1,1,1,1,1,1,1,1,1,1,1,1,1,
1,1,1,1,1,1,1,1,1,1,1,1,1,1,1,1,1,1,1,1,1,1,1,1,1,1,1,1,1,1,1,1,1,1,1,1,
1,1,1,1,1,1,1,1,1,1,1,1,1,1,1,1,1,1,1,1,1,1,1,1,1,1,1,1,1,4),(-0.10018776178009,
0.537013092010172),(0.132183413594416,0.137852991025749,0.140687779741415,
0.143522568457081,0.146357357172747,0.149192145888413,0.151554469818135,
0.153444328961912,0.155334188105689,0.157696512035411,0.160531300751077,
0.163366089466743,0.165728413396465,0.167618272540242,0.16950813168402,
0.171870455613741,0.174705244329407,0.177540033045074,0.18037482176074,
0.183209610476406,0.186044399192072,0.188879187907738,0.191713976623404,
0.19454876533907,0.197383554054736,0.200218342770402,0.203053131486068,
0.205887920201734,0.2087227089174,0.211085032847122,0.212974891990899,0.214864751134677,
0.217227075064398,0.220061863780065,0.222896652495731,0.225258976425452,
0.22714883556923,0.229038694713007,0.231401018642729,0.234235807358395,
0.237070596074061,0.239905384789727,0.242740173505393,0.245574962221059,
0.248409750936725,0.251244539652391,0.254079328368057,0.256914117083723,
0.259748905799389,0.262583694515055,0.265418483230722,0.268253271946388,
0.270615595876109,0.272505455019887,0.274395314163664,0.276757638093386,
0.279592426809052,0.282427215524718,0.28478953945444,0.286679398598217,
0.288569257741994,0.290931581671716,0.293766370387382,0.296601159103048,
0.299435947818714,0.30227073653438,0.305105525250046,0.307940313965712,
0.310775102681379,0.313609891397045,0.316444680112711,0.319279468828377,
0.322114257544043,0.324949046259709,0.327783834975375,0.330146158905097,
0.332036018048874,0.333925877192651,0.336288201122373,0.339122989838039,
0.341957778553705,0.344320102483427,0.346209961627204,0.348099820770982,
0.350462144700704,0.35329693341637,0.356131722132036,0.358966510847702,
0.361801299563368,0.364636088279034,0.3674708769947,0.370305665710366,0.373140454426032,
0.375975243141698,0.378810031857364,0.38164482057303,0.384479609288696,
0.387314398004362,0.389676721934084,0.391566581077861,0.393456440221639,
0.395818764151361,0.398653552867027,0.401488341582693,0.403850665512414,
0.405740524656192,0.407630383799969,0.409992707729691,0.412827496445357,
0.415662285161023,0.418497073876689,0.421331862592355,0.424166651308021,
0.427001440023687,0.429836228739353,0.432671017455019,0.435505806170686,
0.438340594886352,0.441175383602018,0.444010172317684,0.44684496103335,
0.449207284963071,0.451097144106849,0.452987003250626,0.455349327180348,
0.458184115896014,0.46101890461168,0.463381228541402,0.465271087685179,
0.467160946828957,0.469523270758678,0.472358059474344,0.47519284819001,
0.478027636905676,0.480862425621343,0.483697214337009,0.486532003052675,
0.489366791768341,0.492201580484007,0.495036369199673,0.497871157915339,
0.500705946631005,0.503540735346671,0.506375524062337,0.508737847992059,
0.510627707135836,0.512517566279614,0.514879890209335,0.517714678925001,
0.520549467640667,0.522911791570389,0.524801650714166,0.526691509857944,
0.529053833787666,0.531888622503332,0.534723411218998,0.537558199934664,
0.54039298865033,0.543227777365996,0.546062566081662,0.548897354797328,
0.551732143512994,0.55456693222866,0.557401720944326,0.560236509659992,
0.563071298375659,0.565906087091325,0.568268411021046,0.570158270164824,
0.572048129308601,0.574410453238323,0.577245241953989,0.580080030669655,
0.582442354599377,0.584332213743154,0.586222072886931,0.588584396816653,
0.591419185532319,0.594253974247985,0.597088762963651,0.599923551679317,
0.602758340394983,0.605593129110649,0.608427917826315,0.611262706541981,
0.614097495257648,0.616932283973314,0.61976707268898,0.622601861404646,
0.625436650120312,0.627798974050034,0.629688833193811,0.631578692337588,
0.63394101626731,0.636775804982976,0.639610593698642,0.641972917628364,
0.643862776772141,0.645752635915919,0.64811495984564,0.650949748561306,
0.653784537276973,0.656619325992639,0.659454114708305,0.662288903423971,
0.665123692139637,0.667958480855303,0.670793269570969,0.673628058286635,
0.676462847002301,0.679297635717967,0.682132424433633,0.684967213149299,
0.687329537079021,0.689219396222798,0.691109255366576,0.693471579296297,
0.696306368011963,0.69914115672763,0.701503480657351,0.703393339801129,
0.705283198944906,0.707645522874628,0.710480311590294,0.71331510030596,
0.716149889021626,0.718984677737292,0.721819466452958,0.724654255168624,
0.72748904388429,0.730323832599956,0.733158621315622,0.735993410031289,
0.738828198746955,0.74166298746262,0.744497776178287,0.746860100108009,
0.748749959251786,0.750639818395563,0.753002142325285,0.755836931040951,
0.758671719756617,0.761034043686339,0.762923902830116,0.764813761973893,
0.767176085903615,0.770010874619281,0.772845663334947,0.775680452050613,
0.778515240766279,0.781350029481946,0.784184818197612,0.787019606913277,
0.789854395628944,0.79268918434461,0.795523973060276,0.798358761775942,
0.801193550491608,0.804028339207274,0.806390663136996,0.808280522280773,
0.810170381424551,0.812532705354272,0.815367494069938,0.818202282785604,
0.820564606715326,0.822454465859103,0.824344325002881,0.826706648932603,
0.829541437648269,0.832376226363935,0.835211015079601,0.838045803795267,
0.840880592510933,0.843715381226599,0.846550169942265,0.849384958657931,
0.852219747373597,0.854582071303319,0.857889324804929),.UNSPECIFIED.);
#16=B_SPLINE_CURVE_WITH_KNOTS('',3,(#1139,#1140,#1141,#1142,#1143),
 .UNSPECIFIED.,.F.,.F.,(4,1,4),(3.25152834213061E-5,0.00307294768712344,
0.00611338009082558),.UNSPECIFIED.);
#17=B_SPLINE_CURVE_WITH_KNOTS('',3,(#1145,#1146,#1147,#1148,#1149,#1150,
#1151),.UNSPECIFIED.,.F.,.F.,(4,1,1,1,4),(6.98972429226428E-5,0.00297603041829884,
0.00588216359367503,0.00878829676905122,0.0116944299444274),
 .UNSPECIFIED.);
#18=B_SPLINE_CURVE_WITH_KNOTS('',3,(#1153,#1154,#1155,#1156,#1157),
 .UNSPECIFIED.,.F.,.F.,(4,1,4),(3.95941584510321E-5,0.00306184740535268,
0.00608410065225434),.UNSPECIFIED.);
#19=B_SPLINE_CURVE_WITH_KNOTS('',3,(#1181,#1182,#1183,#1184,#1185,#1186,
#1187,#1188,#1189,#1190,#1191,#1192,#1193,#1194,#1195,#1196,#1197,#1198,
#1199,#1200,#1201,#1202,#1203,#1204,#1205,#1206,#1207,#1208,#1209,#1210,
#1211,#1212,#1213,#1214,#1215,#1216,#1217,#1218,#1219,#1220,#1221,#1222,
#1223,#1224,#1225,#1226,#1227,#1228,#1229,#1230,#1231,#1232,#1233,#1234,
#1235,#1236,#1237,#1238,#1239,#1240,#1241,#1242,#1243,#1244,#1245,#1246,
#1247,#1248,#1249,#1250,#1251,#1252,#1253,#1254,#1255,#1256,#1257,#1258,
#1259,#1260,#1261,#1262,#1263,#1264,#1265,#1266,#1267,#1268,#1269,#1270,
#1271,#1272,#1273,#1274,#1275,#1276,#1277,#1278,#1279,#1280,#1281,#1282,
#1283,#1284,#1285,#1286,#1287,#1288,#1289,#1290,#1291,#1292,#1293,#1294,
#1295,#1296,#1297,#1298,#1299,#1300,#1301,#1302,#1303,#1304,#1305,#1306,
#1307,#1308,#1309,#1310,#1311),.UNSPECIFIED.,.F.,.F.,(4,1,1,1,1,1,1,1,1,
1,1,1,1,1,1,1,1,1,1,1,1,1,1,1,1,1,1,1,1,1,1,1,1,1,1,1,1,1,1,1,1,1,1,1,1,
1,1,1,1,1,1,1,1,1,1,1,1,1,1,1,1,1,1,1,1,1,1,1,1,1,1,1,1,1,1,1,1,1,1,1,1,
1,1,1,1,1,1,1,1,1,1,1,1,1,1,1,1,1,1,1,1,1,1,1,1,1,1,1,1,1,1,1,1,1,1,1,1,
1,1,1,1,1,1,1,1,1,1,1,4),(0.0452533788992582,0.047340998902646,0.0494286189060339,
0.0515162389094218,0.0536038589128096,0.0556914789161975,0.0577790989195853,
0.0598667189229732,0.061954338926361,0.0640419589297489,0.0661295789331368,
0.0682171989365246,0.0703048189399125,0.0723924389433004,0.0744800589466882,
0.0765676789500761,0.0786552989534639,0.0807429189568518,0.0828305389602396,
0.0849181589636275,0.0870057789670154,0.0890933989704032,0.0911810189737911,
0.093268638977179,0.0953562589805668,0.0974438789839547,0.0995314989873425,
0.10161911899073,0.103706738994118,0.105794358997506,0.107881979000894,
0.109969599004282,0.11205721900767,0.114144839011058,0.116232459014445,
0.118320079017833,0.120407699021221,0.122495319024609,0.124582939027997,
0.126670559031385,0.128758179034773,0.13084579903816,0.132933419041548,
0.135021039044936,0.137108659048324,0.139196279051712,0.1412838990551,0.143371519058488,
0.145459139061875,0.147546759065263,0.149634379068651,0.151721999072039,
0.153809619075427,0.155897239078815,0.157984859082203,0.160072479085591,
0.162160099088978,0.164247719092366,0.166335339095754,0.168422959099142,
0.17051057910253,0.172598199105918,0.174685819109306,0.176773439112693,
0.178861059116081,0.180948679119469,0.183036299122857,0.185123919126245,
0.187211539129633,0.189299159133021,0.191386779136408,0.193474399139796,
0.195562019143184,0.197649639146572,0.19973725914996,0.201824879153348,
0.203912499156736,0.206000119160123,0.208087739163511,0.210175359166899,
0.212262979170287,0.214350599173675,0.216438219177063,0.218525839180451,
0.220613459183838,0.222701079187226,0.224788699190614,0.226876319194002,
0.22896393919739,0.231051559200778,0.233139179204166,0.235226799207554,
0.237314419210941,0.239402039214329,0.241489659217717,0.243577279221105,
0.245664899224493,0.247752519227881,0.249840139231269,0.251927759234656,
0.254015379238044,0.256102999241432,0.25819061924482,0.260278239248208,
0.262365859251596,0.264453479254984,0.266541099258371,0.268628719261759,
0.270716339265147,0.272803959268535,0.274891579271923,0.276979199275311,
0.279066819278699,0.281154439282086,0.283242059285474,0.285329679288862,
0.28741729929225,0.289504919295638,0.291592539299026,0.293680159302414,
0.295767779305801,0.297855399309189,0.299943019312577,0.302030639315965,
0.304118259319353,0.306205879322741,0.308293499326129,0.310381119329517,
0.312468739332904),.UNSPECIFIED.);
#20=B_SPLINE_CURVE_WITH_KNOTS('',3,(#1315,#1316,#1317,#1318,#1319,#1320,
#1321,#1322,#1323,#1324,#1325,#1326,#1327,#1328,#1329,#1330,#1331,#1332,
#1333,#1334,#1335,#1336,#1337,#1338,#1339,#1340,#1341,#1342,#1343,#1344,
#1345,#1346,#1347,#1348,#1349,#1350,#1351,#1352,#1353,#1354,#1355,#1356,
#1357,#1358,#1359,#1360,#1361,#1362,#1363,#1364,#1365,#1366,#1367,#1368,
#1369,#1370,#1371,#1372,#1373,#1374,#1375,#1376,#1377,#1378,#1379,#1380,
#1381,#1382,#1383,#1384,#1385,#1386,#1387,#1388,#1389,#1390,#1391,#1392,
#1393,#1394,#1395,#1396,#1397,#1398,#1399,#1400,#1401,#1402,#1403,#1404,
#1405,#1406,#1407,#1408,#1409,#1410,#1411,#1412,#1413,#1414,#1415,#1416,
#1417,#1418,#1419,#1420,#1421,#1422,#1423,#1424,#1425,#1426,#1427,#1428,
#1429,#1430,#1431,#1432,#1433,#1434,#1435,#1436,#1437,#1438,#1439,#1440,
#1441,#1442,#1443,#1444,#1445),.UNSPECIFIED.,.F.,.F.,(4,1,1,1,1,1,1,1,1,
1,1,1,1,1,1,1,1,1,1,1,1,1,1,1,1,1,1,1,1,1,1,1,1,1,1,1,1,1,1,1,1,1,1,1,1,
1,1,1,1,1,1,1,1,1,1,1,1,1,1,1,1,1,1,1,1,1,1,1,1,1,1,1,1,1,1,1,1,1,1,1,1,
1,1,1,1,1,1,1,1,1,1,1,1,1,1,1,1,1,1,1,1,1,1,1,1,1,1,1,1,1,1,1,1,1,1,1,1,
1,1,1,1,1,1,1,1,1,1,1,4),(0.0164567759983948,0.0185436524958188,0.0206305289932429,
0.0227174054906669,0.0248042819880909,0.026891158485515,0.028978034982939,
0.031064911480363,0.0331517879777871,0.0352386644752111,0.0373255409726351,
0.0394124174700592,0.0414992939674832,0.0435861704649072,0.0456730469623313,
0.0477599234597553,0.0498467999571793,0.0519336764546034,0.0540205529520274,
0.0561074294494514,0.0581943059468755,0.0602811824442995,0.0623680589417235,
0.0644549354391476,0.0665418119365716,0.0686286884339956,0.0707155649314197,
0.0728024414288437,0.0748893179262677,0.0769761944236918,0.0790630709211158,
0.0811499474185398,0.0832368239159639,0.0853237004133879,0.0874105769108119,
0.0894974534082359,0.09158432990566,0.093671206403084,0.0957580829005081,
0.0978449593979321,0.0999318358953561,0.10201871239278,0.104105588890204,
0.106192465387628,0.108279341885052,0.110366218382476,0.1124530948799,0.114539971377324,
0.116626847874748,0.118713724372172,0.120800600869596,0.12288747736702,
0.124974353864445,0.127061230361869,0.129148106859293,0.131234983356717,
0.133321859854141,0.135408736351565,0.137495612848989,0.139582489346413,
0.141669365843837,0.143756242341261,0.145843118838685,0.147929995336109,
0.150016871833533,0.152103748330957,0.154190624828381,0.156277501325805,
0.158364377823229,0.160451254320653,0.162538130818077,0.164625007315501,
0.166711883812925,0.168798760310349,0.170885636807773,0.172972513305197,
0.175059389802621,0.177146266300045,0.179233142797469,0.181320019294893,
0.183406895792317,0.185493772289741,0.187580648787166,0.18966752528459,
0.191754401782014,0.193841278279438,0.195928154776862,0.198015031274286,
0.20010190777171,0.202188784269134,0.204275660766558,0.206362537263982,
0.208449413761406,0.21053629025883,0.212623166756254,0.214710043253678,
0.216796919751102,0.218883796248526,0.22097067274595,0.223057549243374,
0.225144425740798,0.227231302238222,0.229318178735646,0.23140505523307,
0.233491931730494,0.235578808227918,0.237665684725342,0.239752561222766,
0.24183943772019,0.243926314217614,0.246013190715038,0.248100067212462,
0.250186943709886,0.25227382020731,0.254360696704735,0.256447573202159,
0.258534449699583,0.260621326197007,0.262708202694431,0.264795079191855,
0.266881955689279,0.268968832186703,0.271055708684127,0.273142585181551,
0.275229461678975,0.277316338176399,0.279403214673823,0.281490091171247,
0.283576967668671),.UNSPECIFIED.);
#21=B_SPLINE_CURVE_WITH_KNOTS('',3,(#2578,#2579,#2580,#2581),
 .UNSPECIFIED.,.F.,.F.,(4,4),(1.16771420630764E-5,0.00205699594415636),
 .UNSPECIFIED.);
#22=B_SPLINE_CURVE_WITH_KNOTS('',3,(#2583,#2584,#2585,#2586,#2587,#2588,
#2589,#2590,#2591,#2592,#2593,#2594,#2595,#2596,#2597,#2598,#2599,#2600,
#2601,#2602,#2603,#2604,#2605,#2606,#2607,#2608,#2609,#2610,#2611,#2612,
#2613,#2614,#2615,#2616,#2617,#2618,#2619,#2620,#2621,#2622,#2623,#2624,
#2625,#2626,#2627,#2628,#2629,#2630,#2631,#2632,#2633,#2634,#2635,#2636,
#2637,#2638,#2639,#2640,#2641,#2642,#2643,#2644,#2645,#2646,#2647,#2648,
#2649,#2650,#2651,#2652,#2653,#2654,#2655,#2656,#2657,#2658,#2659,#2660,
#2661,#2662,#2663,#2664,#2665,#2666,#2667,#2668,#2669,#2670,#2671,#2672,
#2673,#2674,#2675,#2676,#2677,#2678,#2679,#2680,#2681,#2682,#2683,#2684,
#2685,#2686,#2687,#2688,#2689,#2690,#2691,#2692,#2693,#2694,#2695,#2696,
#2697,#2698,#2699,#2700,#2701,#2702,#2703,#2704,#2705,#2706,#2707,#2708,
#2709,#2710,#2711,#2712,#2713),.UNSPECIFIED.,.F.,.F.,(4,1,1,1,1,1,1,1,1,
1,1,1,1,1,1,1,1,1,1,1,1,1,1,1,1,1,1,1,1,1,1,1,1,1,1,1,1,1,1,1,1,1,1,1,1,
1,1,1,1,1,1,1,1,1,1,1,1,1,1,1,1,1,1,1,1,1,1,1,1,1,1,1,1,1,1,1,1,1,1,1,1,
1,1,1,1,1,1,1,1,1,1,1,1,1,1,1,1,1,1,1,1,1,1,1,1,1,1,1,1,1,1,1,1,1,1,1,1,
1,1,1,1,1,1,1,1,1,1,1,4),(0.0509170749789075,0.0535353121032715,0.0561535492276356,
0.0587717863519996,0.0613900234763636,0.0640082606007277,0.0666264977250917,
0.0692447348494557,0.0718629719738198,0.0744812090981838,0.0770994462225478,
0.0797176833469119,0.0823359204712759,0.08495415759564,0.087572394720004,
0.090190631844368,0.0928088689687321,0.0954271060930961,0.0980453432174601,
0.100663580341824,0.103281817466188,0.105900054590552,0.108518291714916,
0.11113652883928,0.113754765963644,0.116373003088008,0.118991240212372,
0.121609477336736,0.124227714461101,0.126845951585465,0.129464188709829,
0.132082425834193,0.134700662958557,0.137318900082921,0.139937137207285,
0.142555374331649,0.145173611456013,0.147791848580377,0.150410085704741,
0.153028322829105,0.155646559953469,0.158264797077833,0.160883034202197,
0.163501271326561,0.166119508450925,0.168737745575289,0.171355982699653,
0.173974219824017,0.176592456948381,0.179210694072745,0.181828931197109,
0.184447168321473,0.187065405445837,0.189683642570201,0.192301879694565,
0.19492011681893,0.197538353943294,0.200156591067658,0.202774828192022,
0.205393065316386,0.20801130244075,0.210629539565114,0.213247776689478,
0.215866013813842,0.218484250938206,0.22110248806257,0.223720725186934,
0.226338962311298,0.228957199435662,0.231575436560026,0.23419367368439,
0.236811910808754,0.239430147933118,0.242048385057482,0.244666622181846,
0.24728485930621,0.249903096430574,0.252521333554938,0.255139570679302,
0.257757807803666,0.26037604492803,0.262994282052395,0.265612519176759,
0.268230756301123,0.270848993425487,0.273467230549851,0.276085467674215,
0.278703704798579,0.281321941922943,0.283940179047307,0.286558416171671,
0.289176653296035,0.291794890420399,0.294413127544763,0.297031364669127,
0.299649601793491,0.302267838917855,0.304886076042219,0.307504313166583,
0.310122550290947,0.312740787415311,0.315359024539675,0.317977261664039,
0.320595498788403,0.323213735912767,0.325831973037131,0.328450210161495,
0.331068447285859,0.333686684410223,0.336304921534587,0.338923158658952,
0.341541395783316,0.34415963290768,0.346777870032044,0.349396107156408,
0.352014344280772,0.354632581405136,0.3572508185295,0.359869055653864,0.362487292778228,
0.365105529902592,0.367723767026956,0.37034200415132,0.372960241275684,
0.375578478400048,0.378196715524412,0.380814952648776,0.38343318977314,
0.386051426897504),.UNSPECIFIED.);
#23=B_SPLINE_CURVE_WITH_KNOTS('',3,(#3870,#3871,#3872,#3873,#3874,#3875,
#3876),.UNSPECIFIED.,.F.,.F.,(4,1,1,1,4),(7.00261567559291E-5,0.00297613460787055,
0.00588224305898518,0.00878835151009981,0.0116944599612144),
 .UNSPECIFIED.);
#24=B_SPLINE_CURVE_WITH_KNOTS('',3,(#3878,#3879,#3880,#3881,#3882,#3883,
#3884,#3885,#3886,#3887,#3888,#3889,#3890,#3891,#3892,#3893,#3894,#3895,
#3896,#3897,#3898,#3899,#3900,#3901,#3902,#3903,#3904,#3905,#3906,#3907,
#3908,#3909,#3910,#3911,#3912,#3913,#3914,#3915,#3916,#3917,#3918,#3919,
#3920,#3921,#3922,#3923,#3924,#3925,#3926,#3927,#3928,#3929,#3930,#3931,
#3932,#3933,#3934,#3935,#3936,#3937,#3938,#3939,#3940,#3941,#3942,#3943,
#3944,#3945,#3946,#3947,#3948,#3949,#3950,#3951,#3952,#3953,#3954,#3955,
#3956,#3957,#3958,#3959,#3960,#3961,#3962,#3963,#3964,#3965,#3966,#3967,
#3968,#3969,#3970,#3971,#3972,#3973,#3974,#3975,#3976,#3977,#3978,#3979,
#3980,#3981,#3982,#3983,#3984,#3985,#3986,#3987,#3988,#3989,#3990,#3991,
#3992,#3993,#3994,#3995,#3996,#3997,#3998,#3999,#4000,#4001,#4002,#4003,
#4004,#4005,#4006,#4007,#4008),.UNSPECIFIED.,.F.,.F.,(4,1,1,1,1,1,1,1,1,
1,1,1,1,1,1,1,1,1,1,1,1,1,1,1,1,1,1,1,1,1,1,1,1,1,1,1,1,1,1,1,1,1,1,1,1,
1,1,1,1,1,1,1,1,1,1,1,1,1,1,1,1,1,1,1,1,1,1,1,1,1,1,1,1,1,1,1,1,1,1,1,1,
1,1,1,1,1,1,1,1,1,1,1,1,1,1,1,1,1,1,1,1,1,1,1,1,1,1,1,1,1,1,1,1,1,1,1,1,
1,1,1,1,1,1,1,1,1,1,1,4),(0.050917562839563,0.053535825068972,0.0561540872983811,
0.0587723495277902,0.0613906117571992,0.0640088739866083,0.0666271362160173,
0.0692453984454264,0.0718636606748354,0.0744819229042445,0.0771001851336535,
0.0797184473630626,0.0823367095924716,0.0849549718218807,0.0875732340512898,
0.0901914962806988,0.0928097585101079,0.0954280207395169,0.098046282968926,
0.100664545198335,0.103282807427744,0.105901069657153,0.108519331886562,
0.111137594115971,0.11375585634538,0.116374118574789,0.118992380804198,
0.121610643033607,0.124228905263017,0.126847167492426,0.129465429721835,
0.132083691951244,0.134701954180653,0.137320216410062,0.139938478639471,
0.14255674086888,0.145175003098289,0.147793265327698,0.150411527557107,
0.153029789786516,0.155648052015925,0.158266314245334,0.160884576474743,
0.163502838704152,0.166121100933561,0.16873936316297,0.17135762539238,0.173975887621789,
0.176594149851198,0.179212412080607,0.181830674310016,0.184448936539425,
0.187067198768834,0.189685460998243,0.192303723227652,0.194921985457061,
0.19754024768647,0.200158509915879,0.202776772145288,0.205395034374697,
0.208013296604106,0.210631558833515,0.213249821062924,0.215868083292333,
0.218486345521743,0.221104607751152,0.223722869980561,0.22634113220997,
0.228959394439379,0.231577656668788,0.234195918898197,0.236814181127606,
0.239432443357015,0.242050705586424,0.244668967815833,0.247287230045242,
0.249905492274651,0.25252375450406,0.255142016733469,0.257760278962878,
0.260378541192287,0.262996803421697,0.265615065651106,0.268233327880515,
0.270851590109924,0.273469852339333,0.276088114568742,0.278706376798151,
0.28132463902756,0.283942901256969,0.286561163486378,0.289179425715787,
0.291797687945196,0.294415950174605,0.297034212404014,0.299652474633423,
0.302270736862832,0.304888999092241,0.30750726132165,0.310125523551059,
0.312743785780468,0.315362048009878,0.317980310239287,0.320598572468696,
0.323216834698105,0.325835096927514,0.328453359156923,0.331071621386332,
0.333689883615741,0.33630814584515,0.338926408074559,0.341544670303968,
0.344162932533377,0.346781194762786,0.349399456992195,0.352017719221604,
0.354635981451013,0.357254243680422,0.359872505909831,0.362490768139241,
0.36510903036865,0.367727292598059,0.370345554827468,0.372963817056877,
0.375582079286286,0.378200341515695,0.380818603745104,0.383436865974513,
0.386055128203922),.UNSPECIFIED.);
#25=B_SPLINE_CURVE_WITH_KNOTS('',3,(#5137,#5138,#5139,#5140,#5141,#5142,
#5143),.UNSPECIFIED.,.F.,.F.,(4,1,1,1,4),(8.89931776167415E-5,0.003490560023715,
0.00689212686981326,0.0102936937159115,0.0136952605620098),
 .UNSPECIFIED.);
#26=CYLINDRICAL_SURFACE('',#801,0.0012);
#27=CYLINDRICAL_SURFACE('',#803,0.0012);
#28=CYLINDRICAL_SURFACE('',#811,0.0044);
#29=CYLINDRICAL_SURFACE('',#826,0.00075);
#30=CYLINDRICAL_SURFACE('',#827,0.00075);
#31=CYLINDRICAL_SURFACE('',#828,0.002);
#32=CYLINDRICAL_SURFACE('',#831,0.00799993776092834);
#33=CYLINDRICAL_SURFACE('',#834,0.00119999999999998);
#34=CYLINDRICAL_SURFACE('',#839,0.0012);
#35=CYLINDRICAL_SURFACE('',#845,0.005);
#36=CYLINDRICAL_SURFACE('',#848,0.00215);
#37=CYLINDRICAL_SURFACE('',#853,0.003);
#38=CYLINDRICAL_SURFACE('',#855,0.004);
#39=CYLINDRICAL_SURFACE('',#862,0.0012);
#40=CYLINDRICAL_SURFACE('',#863,0.0012);
#41=CIRCLE('',#793,0.0012);
#42=CIRCLE('',#794,0.0012);
#43=CIRCLE('',#795,0.00119999999999998);
#44=CIRCLE('',#796,0.0065);
#45=CIRCLE('',#797,0.00799993776092834);
#46=CIRCLE('',#798,0.0012);
#47=CIRCLE('',#799,0.0012);
#48=CIRCLE('',#800,0.0012);
#49=CIRCLE('',#802,0.0012);
#50=CIRCLE('',#804,0.0012);
#51=CIRCLE('',#806,0.00215);
#52=CIRCLE('',#807,0.003);
#53=CIRCLE('',#809,0.0044);
#54=CIRCLE('',#810,0.00799993776092834);
#55=CIRCLE('',#812,0.0044);
#56=CIRCLE('',#816,0.00075);
#57=CIRCLE('',#817,0.00075);
#58=CIRCLE('',#818,0.002);
#59=CIRCLE('',#820,0.002);
#60=CIRCLE('',#821,0.00075);
#61=CIRCLE('',#822,0.00075);
#62=CIRCLE('',#835,0.00119999999999998);
#63=CIRCLE('',#837,0.0012);
#64=CIRCLE('',#840,0.0012);
#65=CIRCLE('',#842,0.0012);
#66=CIRCLE('',#846,0.005);
#67=CIRCLE('',#847,0.005);
#68=CIRCLE('',#849,0.00215);
#69=CIRCLE('',#851,0.004);
#70=CIRCLE('',#854,0.003);
#71=CIRCLE('',#856,0.004);
#72=ORIENTED_EDGE('',*,*,#286,.F.);
#73=ORIENTED_EDGE('',*,*,#287,.T.);
#74=ORIENTED_EDGE('',*,*,#288,.F.);
#75=ORIENTED_EDGE('',*,*,#289,.F.);
#76=ORIENTED_EDGE('',*,*,#290,.F.);
#77=ORIENTED_EDGE('',*,*,#291,.F.);
#78=ORIENTED_EDGE('',*,*,#292,.T.);
#79=ORIENTED_EDGE('',*,*,#293,.F.);
#80=ORIENTED_EDGE('',*,*,#294,.T.);
#81=ORIENTED_EDGE('',*,*,#295,.F.);
#82=ORIENTED_EDGE('',*,*,#296,.F.);
#83=ORIENTED_EDGE('',*,*,#297,.F.);
#84=ORIENTED_EDGE('',*,*,#298,.T.);
#85=ORIENTED_EDGE('',*,*,#299,.T.);
#86=ORIENTED_EDGE('',*,*,#300,.F.);
#87=ORIENTED_EDGE('',*,*,#301,.T.);
#88=ORIENTED_EDGE('',*,*,#302,.T.);
#89=ORIENTED_EDGE('',*,*,#303,.T.);
#90=ORIENTED_EDGE('',*,*,#304,.F.);
#91=ORIENTED_EDGE('',*,*,#305,.F.);
#92=ORIENTED_EDGE('',*,*,#306,.F.);
#93=ORIENTED_EDGE('',*,*,#307,.F.);
#94=ORIENTED_EDGE('',*,*,#308,.T.);
#95=ORIENTED_EDGE('',*,*,#289,.T.);
#96=ORIENTED_EDGE('',*,*,#309,.F.);
#97=ORIENTED_EDGE('',*,*,#310,.F.);
#98=ORIENTED_EDGE('',*,*,#311,.T.);
#99=ORIENTED_EDGE('',*,*,#304,.T.);
#100=ORIENTED_EDGE('',*,*,#312,.T.);
#101=ORIENTED_EDGE('',*,*,#313,.T.);
#102=ORIENTED_EDGE('',*,*,#314,.F.);
#103=ORIENTED_EDGE('',*,*,#315,.T.);
#104=ORIENTED_EDGE('',*,*,#316,.T.);
#105=ORIENTED_EDGE('',*,*,#317,.T.);
#106=ORIENTED_EDGE('',*,*,#318,.F.);
#107=ORIENTED_EDGE('',*,*,#319,.F.);
#108=ORIENTED_EDGE('',*,*,#320,.T.);
#109=ORIENTED_EDGE('',*,*,#321,.T.);
#110=ORIENTED_EDGE('',*,*,#322,.T.);
#111=ORIENTED_EDGE('',*,*,#323,.F.);
#112=ORIENTED_EDGE('',*,*,#324,.F.);
#113=ORIENTED_EDGE('',*,*,#325,.F.);
#114=ORIENTED_EDGE('',*,*,#326,.F.);
#115=ORIENTED_EDGE('',*,*,#327,.T.);
#116=ORIENTED_EDGE('',*,*,#328,.T.);
#117=ORIENTED_EDGE('',*,*,#329,.F.);
#118=ORIENTED_EDGE('',*,*,#330,.T.);
#119=ORIENTED_EDGE('',*,*,#331,.F.);
#120=ORIENTED_EDGE('',*,*,#314,.T.);
#121=ORIENTED_EDGE('',*,*,#332,.F.);
#122=ORIENTED_EDGE('',*,*,#329,.T.);
#123=ORIENTED_EDGE('',*,*,#317,.F.);
#124=ORIENTED_EDGE('',*,*,#333,.F.);
#125=ORIENTED_EDGE('',*,*,#334,.F.);
#126=ORIENTED_EDGE('',*,*,#333,.T.);
#127=ORIENTED_EDGE('',*,*,#316,.F.);
#128=ORIENTED_EDGE('',*,*,#335,.F.);
#129=ORIENTED_EDGE('',*,*,#336,.F.);
#130=ORIENTED_EDGE('',*,*,#335,.T.);
#131=ORIENTED_EDGE('',*,*,#315,.F.);
#132=ORIENTED_EDGE('',*,*,#331,.T.);
#133=ORIENTED_EDGE('',*,*,#324,.T.);
#134=ORIENTED_EDGE('',*,*,#337,.T.);
#135=ORIENTED_EDGE('',*,*,#293,.T.);
#136=ORIENTED_EDGE('',*,*,#338,.T.);
#137=ORIENTED_EDGE('',*,*,#339,.T.);
#138=ORIENTED_EDGE('',*,*,#340,.T.);
#139=ORIENTED_EDGE('',*,*,#341,.F.);
#140=ORIENTED_EDGE('',*,*,#342,.F.);
#141=ORIENTED_EDGE('',*,*,#339,.F.);
#142=ORIENTED_EDGE('',*,*,#343,.F.);
#143=ORIENTED_EDGE('',*,*,#344,.F.);
#144=ORIENTED_EDGE('',*,*,#345,.F.);
#145=ORIENTED_EDGE('',*,*,#346,.F.);
#146=ORIENTED_EDGE('',*,*,#347,.T.);
#147=ORIENTED_EDGE('',*,*,#325,.T.);
#148=ORIENTED_EDGE('',*,*,#338,.F.);
#149=ORIENTED_EDGE('',*,*,#299,.F.);
#150=ORIENTED_EDGE('',*,*,#348,.T.);
#151=ORIENTED_EDGE('',*,*,#349,.F.);
#152=ORIENTED_EDGE('',*,*,#320,.F.);
#153=ORIENTED_EDGE('',*,*,#350,.T.);
#154=ORIENTED_EDGE('',*,*,#351,.F.);
#155=ORIENTED_EDGE('',*,*,#352,.T.);
#156=ORIENTED_EDGE('',*,*,#353,.F.);
#157=ORIENTED_EDGE('',*,*,#354,.F.);
#158=ORIENTED_EDGE('',*,*,#341,.T.);
#159=ORIENTED_EDGE('',*,*,#355,.T.);
#160=ORIENTED_EDGE('',*,*,#297,.T.);
#161=ORIENTED_EDGE('',*,*,#348,.F.);
#162=ORIENTED_EDGE('',*,*,#298,.F.);
#163=ORIENTED_EDGE('',*,*,#355,.F.);
#164=ORIENTED_EDGE('',*,*,#340,.F.);
#165=ORIENTED_EDGE('',*,*,#345,.T.);
#166=ORIENTED_EDGE('',*,*,#356,.F.);
#167=ORIENTED_EDGE('',*,*,#352,.F.);
#168=ORIENTED_EDGE('',*,*,#357,.F.);
#169=ORIENTED_EDGE('',*,*,#347,.F.);
#170=ORIENTED_EDGE('',*,*,#358,.F.);
#171=ORIENTED_EDGE('',*,*,#350,.F.);
#172=ORIENTED_EDGE('',*,*,#319,.T.);
#173=ORIENTED_EDGE('',*,*,#359,.F.);
#174=ORIENTED_EDGE('',*,*,#326,.T.);
#175=ORIENTED_EDGE('',*,*,#342,.T.);
#176=ORIENTED_EDGE('',*,*,#354,.T.);
#177=ORIENTED_EDGE('',*,*,#360,.T.);
#178=ORIENTED_EDGE('',*,*,#343,.T.);
#179=ORIENTED_EDGE('',*,*,#344,.T.);
#180=ORIENTED_EDGE('',*,*,#360,.F.);
#181=ORIENTED_EDGE('',*,*,#353,.T.);
#182=ORIENTED_EDGE('',*,*,#356,.T.);
#183=ORIENTED_EDGE('',*,*,#346,.T.);
#184=ORIENTED_EDGE('',*,*,#357,.T.);
#185=ORIENTED_EDGE('',*,*,#351,.T.);
#186=ORIENTED_EDGE('',*,*,#358,.T.);
#187=ORIENTED_EDGE('',*,*,#294,.F.);
#188=ORIENTED_EDGE('',*,*,#337,.F.);
#189=ORIENTED_EDGE('',*,*,#323,.T.);
#190=ORIENTED_EDGE('',*,*,#361,.T.);
#191=ORIENTED_EDGE('',*,*,#296,.T.);
#192=ORIENTED_EDGE('',*,*,#362,.F.);
#193=ORIENTED_EDGE('',*,*,#321,.F.);
#194=ORIENTED_EDGE('',*,*,#349,.T.);
#195=ORIENTED_EDGE('',*,*,#295,.T.);
#196=ORIENTED_EDGE('',*,*,#361,.F.);
#197=ORIENTED_EDGE('',*,*,#322,.F.);
#198=ORIENTED_EDGE('',*,*,#362,.T.);
#199=ORIENTED_EDGE('',*,*,#332,.T.);
#200=ORIENTED_EDGE('',*,*,#334,.T.);
#201=ORIENTED_EDGE('',*,*,#336,.T.);
#202=ORIENTED_EDGE('',*,*,#330,.F.);
#203=ORIENTED_EDGE('',*,*,#292,.F.);
#204=ORIENTED_EDGE('',*,*,#290,.T.);
#205=ORIENTED_EDGE('',*,*,#308,.F.);
#206=ORIENTED_EDGE('',*,*,#363,.F.);
#207=ORIENTED_EDGE('',*,*,#364,.T.);
#208=ORIENTED_EDGE('',*,*,#365,.F.);
#209=ORIENTED_EDGE('',*,*,#366,.T.);
#210=ORIENTED_EDGE('',*,*,#291,.T.);
#211=ORIENTED_EDGE('',*,*,#364,.F.);
#212=ORIENTED_EDGE('',*,*,#367,.T.);
#213=ORIENTED_EDGE('',*,*,#368,.T.);
#214=ORIENTED_EDGE('',*,*,#369,.T.);
#215=ORIENTED_EDGE('',*,*,#365,.T.);
#216=ORIENTED_EDGE('',*,*,#363,.T.);
#217=ORIENTED_EDGE('',*,*,#307,.T.);
#218=ORIENTED_EDGE('',*,*,#305,.T.);
#219=ORIENTED_EDGE('',*,*,#311,.F.);
#220=ORIENTED_EDGE('',*,*,#370,.F.);
#221=ORIENTED_EDGE('',*,*,#371,.T.);
#222=ORIENTED_EDGE('',*,*,#372,.F.);
#223=ORIENTED_EDGE('',*,*,#373,.T.);
#224=ORIENTED_EDGE('',*,*,#300,.T.);
#225=ORIENTED_EDGE('',*,*,#371,.F.);
#226=ORIENTED_EDGE('',*,*,#374,.F.);
#227=ORIENTED_EDGE('',*,*,#375,.T.);
#228=ORIENTED_EDGE('',*,*,#376,.F.);
#229=ORIENTED_EDGE('',*,*,#372,.T.);
#230=ORIENTED_EDGE('',*,*,#370,.T.);
#231=ORIENTED_EDGE('',*,*,#310,.T.);
#232=ORIENTED_EDGE('',*,*,#377,.T.);
#233=ORIENTED_EDGE('',*,*,#378,.F.);
#234=ORIENTED_EDGE('',*,*,#379,.F.);
#235=ORIENTED_EDGE('',*,*,#359,.T.);
#236=ORIENTED_EDGE('',*,*,#380,.F.);
#237=ORIENTED_EDGE('',*,*,#328,.F.);
#238=ORIENTED_EDGE('',*,*,#381,.T.);
#239=ORIENTED_EDGE('',*,*,#382,.T.);
#240=ORIENTED_EDGE('',*,*,#383,.F.);
#241=ORIENTED_EDGE('',*,*,#382,.F.);
#242=ORIENTED_EDGE('',*,*,#384,.T.);
#243=ORIENTED_EDGE('',*,*,#378,.T.);
#244=ORIENTED_EDGE('',*,*,#312,.F.);
#245=ORIENTED_EDGE('',*,*,#385,.T.);
#246=ORIENTED_EDGE('',*,*,#386,.F.);
#247=ORIENTED_EDGE('',*,*,#379,.T.);
#248=ORIENTED_EDGE('',*,*,#384,.F.);
#249=ORIENTED_EDGE('',*,*,#381,.F.);
#250=ORIENTED_EDGE('',*,*,#327,.F.);
#251=ORIENTED_EDGE('',*,*,#377,.F.);
#252=ORIENTED_EDGE('',*,*,#318,.T.);
#253=ORIENTED_EDGE('',*,*,#380,.T.);
#254=ORIENTED_EDGE('',*,*,#383,.T.);
#255=ORIENTED_EDGE('',*,*,#385,.F.);
#256=ORIENTED_EDGE('',*,*,#387,.T.);
#257=ORIENTED_EDGE('',*,*,#313,.F.);
#258=ORIENTED_EDGE('',*,*,#388,.F.);
#259=ORIENTED_EDGE('',*,*,#386,.T.);
#260=ORIENTED_EDGE('',*,*,#387,.F.);
#261=ORIENTED_EDGE('',*,*,#388,.T.);
#262=ORIENTED_EDGE('',*,*,#376,.T.);
#263=ORIENTED_EDGE('',*,*,#389,.T.);
#264=ORIENTED_EDGE('',*,*,#301,.F.);
#265=ORIENTED_EDGE('',*,*,#373,.F.);
#266=ORIENTED_EDGE('',*,*,#303,.F.);
#267=ORIENTED_EDGE('',*,*,#390,.T.);
#268=ORIENTED_EDGE('',*,*,#374,.T.);
#269=ORIENTED_EDGE('',*,*,#309,.T.);
#270=ORIENTED_EDGE('',*,*,#288,.T.);
#271=ORIENTED_EDGE('',*,*,#391,.T.);
#272=ORIENTED_EDGE('',*,*,#367,.F.);
#273=ORIENTED_EDGE('',*,*,#306,.T.);
#274=ORIENTED_EDGE('',*,*,#369,.F.);
#275=ORIENTED_EDGE('',*,*,#392,.T.);
#276=ORIENTED_EDGE('',*,*,#286,.T.);
#277=ORIENTED_EDGE('',*,*,#366,.F.);
#278=ORIENTED_EDGE('',*,*,#368,.F.);
#279=ORIENTED_EDGE('',*,*,#391,.F.);
#280=ORIENTED_EDGE('',*,*,#287,.F.);
#281=ORIENTED_EDGE('',*,*,#392,.F.);
#282=ORIENTED_EDGE('',*,*,#375,.F.);
#283=ORIENTED_EDGE('',*,*,#390,.F.);
#284=ORIENTED_EDGE('',*,*,#302,.F.);
#285=ORIENTED_EDGE('',*,*,#389,.F.);
#286=EDGE_CURVE('',#393,#394,#466,.T.);
#287=EDGE_CURVE('',#393,#395,#41,.F.);
#288=EDGE_CURVE('',#396,#395,#467,.T.);
#289=EDGE_CURVE('',#397,#396,#42,.T.);
#290=EDGE_CURVE('',#398,#397,#468,.T.);
#291=EDGE_CURVE('',#394,#398,#43,.T.);
#292=EDGE_CURVE('',#399,#399,#44,.T.);
#293=EDGE_CURVE('',#400,#401,#469,.T.);
#294=EDGE_CURVE('',#400,#402,#470,.T.);
#295=EDGE_CURVE('',#403,#402,#45,.T.);
#296=EDGE_CURVE('',#404,#403,#471,.T.);
#297=EDGE_CURVE('',#405,#404,#472,.T.);
#298=EDGE_CURVE('',#405,#406,#473,.T.);
#299=EDGE_CURVE('',#406,#401,#474,.T.);
#300=EDGE_CURVE('',#407,#408,#46,.T.);
#301=EDGE_CURVE('',#407,#409,#475,.T.);
#302=EDGE_CURVE('',#409,#410,#47,.F.);
#303=EDGE_CURVE('',#410,#411,#476,.T.);
#304=EDGE_CURVE('',#412,#411,#48,.T.);
#305=EDGE_CURVE('',#408,#412,#477,.T.);
#306=EDGE_CURVE('',#413,#396,#478,.T.);
#307=EDGE_CURVE('',#414,#413,#49,.T.);
#308=EDGE_CURVE('',#414,#397,#479,.T.);
#309=EDGE_CURVE('',#415,#411,#480,.T.);
#310=EDGE_CURVE('',#416,#415,#50,.T.);
#311=EDGE_CURVE('',#416,#412,#481,.T.);
#312=EDGE_CURVE('',#417,#417,#51,.T.);
#313=EDGE_CURVE('',#418,#418,#52,.T.);
#314=EDGE_CURVE('',#419,#420,#53,.F.);
#315=EDGE_CURVE('',#419,#421,#16,.T.);
#316=EDGE_CURVE('',#421,#422,#17,.T.);
#317=EDGE_CURVE('',#422,#420,#18,.T.);
#318=EDGE_CURVE('',#423,#424,#482,.T.);
#319=EDGE_CURVE('',#425,#423,#483,.T.);
#320=EDGE_CURVE('',#425,#426,#484,.T.);
#321=EDGE_CURVE('',#426,#427,#485,.T.);
#322=EDGE_CURVE('',#427,#428,#54,.T.);
#323=EDGE_CURVE('',#429,#428,#486,.T.);
#324=EDGE_CURVE('',#430,#429,#487,.T.);
#325=EDGE_CURVE('',#431,#430,#488,.T.);
#326=EDGE_CURVE('',#432,#431,#489,.T.);
#327=EDGE_CURVE('',#432,#433,#490,.T.);
#328=EDGE_CURVE('',#433,#424,#491,.T.);
#329=EDGE_CURVE('',#434,#420,#19,.T.);
#330=EDGE_CURVE('',#434,#435,#55,.T.);
#331=EDGE_CURVE('',#419,#435,#20,.T.);
#332=EDGE_CURVE('',#434,#436,#21,.T.);
#333=EDGE_CURVE('',#436,#422,#22,.T.);
#334=EDGE_CURVE('',#436,#437,#23,.T.);
#335=EDGE_CURVE('',#437,#421,#24,.T.);
#336=EDGE_CURVE('',#437,#435,#25,.T.);
#337=EDGE_CURVE('',#429,#400,#492,.T.);
#338=EDGE_CURVE('',#401,#430,#493,.T.);
#339=EDGE_CURVE('',#438,#439,#494,.T.);
#340=EDGE_CURVE('',#439,#440,#495,.T.);
#341=EDGE_CURVE('',#441,#440,#496,.T.);
#342=EDGE_CURVE('',#438,#441,#497,.T.);
#343=EDGE_CURVE('',#442,#438,#56,.T.);
#344=EDGE_CURVE('',#443,#442,#57,.F.);
#345=EDGE_CURVE('',#444,#443,#498,.T.);
#346=EDGE_CURVE('',#445,#444,#58,.F.);
#347=EDGE_CURVE('',#445,#431,#499,.T.);
#348=EDGE_CURVE('',#406,#439,#500,.T.);
#349=EDGE_CURVE('',#426,#404,#501,.T.);
#350=EDGE_CURVE('',#425,#446,#502,.T.);
#351=EDGE_CURVE('',#447,#446,#59,.F.);
#352=EDGE_CURVE('',#447,#448,#503,.T.);
#353=EDGE_CURVE('',#449,#448,#60,.F.);
#354=EDGE_CURVE('',#441,#449,#61,.T.);
#355=EDGE_CURVE('',#440,#405,#504,.T.);
#356=EDGE_CURVE('',#448,#443,#505,.F.);
#357=EDGE_CURVE('',#444,#447,#506,.T.);
#358=EDGE_CURVE('',#446,#445,#507,.F.);
#359=EDGE_CURVE('',#432,#423,#508,.T.);
#360=EDGE_CURVE('',#449,#442,#509,.F.);
#361=EDGE_CURVE('',#428,#402,#510,.T.);
#362=EDGE_CURVE('',#427,#403,#511,.T.);
#363=EDGE_CURVE('',#450,#414,#512,.T.);
#364=EDGE_CURVE('',#450,#398,#513,.T.);
#365=EDGE_CURVE('',#451,#450,#62,.T.);
#366=EDGE_CURVE('',#451,#394,#514,.T.);
#367=EDGE_CURVE('',#413,#452,#515,.T.);
#368=EDGE_CURVE('',#452,#453,#63,.F.);
#369=EDGE_CURVE('',#453,#451,#516,.T.);
#370=EDGE_CURVE('',#454,#416,#517,.T.);
#371=EDGE_CURVE('',#454,#408,#518,.T.);
#372=EDGE_CURVE('',#455,#454,#64,.T.);
#373=EDGE_CURVE('',#455,#407,#519,.T.);
#374=EDGE_CURVE('',#456,#415,#520,.T.);
#375=EDGE_CURVE('',#456,#457,#65,.F.);
#376=EDGE_CURVE('',#455,#457,#521,.T.);
#377=EDGE_CURVE('',#423,#458,#522,.T.);
#378=EDGE_CURVE('',#459,#458,#523,.T.);
#379=EDGE_CURVE('',#432,#459,#524,.T.);
#380=EDGE_CURVE('',#424,#460,#525,.T.);
#381=EDGE_CURVE('',#433,#461,#526,.T.);
#382=EDGE_CURVE('',#461,#460,#527,.T.);
#383=EDGE_CURVE('',#460,#458,#66,.T.);
#384=EDGE_CURVE('',#461,#459,#67,.T.);
#385=EDGE_CURVE('',#462,#462,#68,.T.);
#386=EDGE_CURVE('',#463,#463,#69,.T.);
#387=EDGE_CURVE('',#464,#464,#70,.T.);
#388=EDGE_CURVE('',#465,#465,#71,.T.);
#389=EDGE_CURVE('',#457,#409,#528,.T.);
#390=EDGE_CURVE('',#410,#456,#529,.F.);
#391=EDGE_CURVE('',#395,#452,#530,.F.);
#392=EDGE_CURVE('',#453,#393,#531,.T.);
#393=VERTEX_POINT('',#1079);
#394=VERTEX_POINT('',#1080);
#395=VERTEX_POINT('',#1082);
#396=VERTEX_POINT('',#1084);
#397=VERTEX_POINT('',#1086);
#398=VERTEX_POINT('',#1088);
#399=VERTEX_POINT('',#1091);
#400=VERTEX_POINT('',#1093);
#401=VERTEX_POINT('',#1094);
#402=VERTEX_POINT('',#1096);
#403=VERTEX_POINT('',#1098);
#404=VERTEX_POINT('',#1100);
#405=VERTEX_POINT('',#1102);
#406=VERTEX_POINT('',#1104);
#407=VERTEX_POINT('',#1107);
#408=VERTEX_POINT('',#1108);
#409=VERTEX_POINT('',#1110);
#410=VERTEX_POINT('',#1112);
#411=VERTEX_POINT('',#1114);
#412=VERTEX_POINT('',#1116);
#413=VERTEX_POINT('',#1120);
#414=VERTEX_POINT('',#1122);
#415=VERTEX_POINT('',#1126);
#416=VERTEX_POINT('',#1128);
#417=VERTEX_POINT('',#1132);
#418=VERTEX_POINT('',#1134);
#419=VERTEX_POINT('',#1137);
#420=VERTEX_POINT('',#1138);
#421=VERTEX_POINT('',#1144);
#422=VERTEX_POINT('',#1152);
#423=VERTEX_POINT('',#1159);
#424=VERTEX_POINT('',#1160);
#425=VERTEX_POINT('',#1162);
#426=VERTEX_POINT('',#1164);
#427=VERTEX_POINT('',#1166);
#428=VERTEX_POINT('',#1168);
#429=VERTEX_POINT('',#1170);
#430=VERTEX_POINT('',#1172);
#431=VERTEX_POINT('',#1174);
#432=VERTEX_POINT('',#1176);
#433=VERTEX_POINT('',#1178);
#434=VERTEX_POINT('',#1312);
#435=VERTEX_POINT('',#1314);
#436=VERTEX_POINT('',#2582);
#437=VERTEX_POINT('',#3877);
#438=VERTEX_POINT('',#5149);
#439=VERTEX_POINT('',#5150);
#440=VERTEX_POINT('',#5152);
#441=VERTEX_POINT('',#5154);
#442=VERTEX_POINT('',#5158);
#443=VERTEX_POINT('',#5160);
#444=VERTEX_POINT('',#5162);
#445=VERTEX_POINT('',#5164);
#446=VERTEX_POINT('',#5170);
#447=VERTEX_POINT('',#5172);
#448=VERTEX_POINT('',#5174);
#449=VERTEX_POINT('',#5176);
#450=VERTEX_POINT('',#5198);
#451=VERTEX_POINT('',#5202);
#452=VERTEX_POINT('',#5206);
#453=VERTEX_POINT('',#5208);
#454=VERTEX_POINT('',#5212);
#455=VERTEX_POINT('',#5216);
#456=VERTEX_POINT('',#5220);
#457=VERTEX_POINT('',#5222);
#458=VERTEX_POINT('',#5226);
#459=VERTEX_POINT('',#5228);
#460=VERTEX_POINT('',#5232);
#461=VERTEX_POINT('',#5234);
#462=VERTEX_POINT('',#5241);
#463=VERTEX_POINT('',#5244);
#464=VERTEX_POINT('',#5248);
#465=VERTEX_POINT('',#5251);
#466=LINE('',#1078,#532);
#467=LINE('',#1083,#533);
#468=LINE('',#1087,#534);
#469=LINE('',#1092,#535);
#470=LINE('',#1095,#536);
#471=LINE('',#1099,#537);
#472=LINE('',#1101,#538);
#473=LINE('',#1103,#539);
#474=LINE('',#1105,#540);
#475=LINE('',#1109,#541);
#476=LINE('',#1113,#542);
#477=LINE('',#1117,#543);
#478=LINE('',#1119,#544);
#479=LINE('',#1123,#545);
#480=LINE('',#1125,#546);
#481=LINE('',#1129,#547);
#482=LINE('',#1158,#548);
#483=LINE('',#1161,#549);
#484=LINE('',#1163,#550);
#485=LINE('',#1165,#551);
#486=LINE('',#1169,#552);
#487=LINE('',#1171,#553);
#488=LINE('',#1173,#554);
#489=LINE('',#1175,#555);
#490=LINE('',#1177,#556);
#491=LINE('',#1179,#557);
#492=LINE('',#5145,#558);
#493=LINE('',#5146,#559);
#494=LINE('',#5148,#560);
#495=LINE('',#5151,#561);
#496=LINE('',#5153,#562);
#497=LINE('',#5155,#563);
#498=LINE('',#5161,#564);
#499=LINE('',#5165,#565);
#500=LINE('',#5166,#566);
#501=LINE('',#5168,#567);
#502=LINE('',#5169,#568);
#503=LINE('',#5173,#569);
#504=LINE('',#5178,#570);
#505=LINE('',#5181,#571);
#506=LINE('',#5182,#572);
#507=LINE('',#5184,#573);
#508=LINE('',#5185,#574);
#509=LINE('',#5187,#575);
#510=LINE('',#5191,#576);
#511=LINE('',#5193,#577);
#512=LINE('',#5197,#578);
#513=LINE('',#5199,#579);
#514=LINE('',#5203,#580);
#515=LINE('',#5205,#581);
#516=LINE('',#5209,#582);
#517=LINE('',#5211,#583);
#518=LINE('',#5213,#584);
#519=LINE('',#5217,#585);
#520=LINE('',#5219,#586);
#521=LINE('',#5223,#587);
#522=LINE('',#5225,#588);
#523=LINE('',#5227,#589);
#524=LINE('',#5229,#590);
#525=LINE('',#5231,#591);
#526=LINE('',#5233,#592);
#527=LINE('',#5235,#593);
#528=LINE('',#5254,#594);
#529=LINE('',#5256,#595);
#530=LINE('',#5258,#596);
#531=LINE('',#5260,#597);
#532=VECTOR('',#868,1.);
#533=VECTOR('',#871,1.);
#534=VECTOR('',#874,1.);
#535=VECTOR('',#879,1.);
#536=VECTOR('',#880,1.);
#537=VECTOR('',#883,1.);
#538=VECTOR('',#884,1.);
#539=VECTOR('',#885,1.);
#540=VECTOR('',#886,1.);
#541=VECTOR('',#889,1.);
#542=VECTOR('',#892,1.);
#543=VECTOR('',#895,1.);
#544=VECTOR('',#898,1.);
#545=VECTOR('',#901,1.);
#546=VECTOR('',#904,1.);
#547=VECTOR('',#907,1.);
#548=VECTOR('',#918,1.);
#549=VECTOR('',#919,1.);
#550=VECTOR('',#920,1.);
#551=VECTOR('',#921,1.);
#552=VECTOR('',#924,1.);
#553=VECTOR('',#925,1.);
#554=VECTOR('',#926,1.);
#555=VECTOR('',#927,1.);
#556=VECTOR('',#928,1.);
#557=VECTOR('',#929,1.);
#558=VECTOR('',#936,1.);
#559=VECTOR('',#937,1.);
#560=VECTOR('',#940,1.);
#561=VECTOR('',#941,1.);
#562=VECTOR('',#942,1.);
#563=VECTOR('',#943,1.);
#564=VECTOR('',#950,1.);
#565=VECTOR('',#953,1.);
#566=VECTOR('',#954,1.);
#567=VECTOR('',#957,1.);
#568=VECTOR('',#958,1.);
#569=VECTOR('',#961,1.);
#570=VECTOR('',#966,1.);
#571=VECTOR('',#971,1.);
#572=VECTOR('',#972,1.);
#573=VECTOR('',#975,1.);
#574=VECTOR('',#976,1.);
#575=VECTOR('',#979,1.);
#576=VECTOR('',#986,1.);
#577=VECTOR('',#989,1.);
#578=VECTOR('',#996,1.);
#579=VECTOR('',#997,1.);
#580=VECTOR('',#1002,1.);
#581=VECTOR('',#1005,1.);
#582=VECTOR('',#1008,1.);
#583=VECTOR('',#1011,1.);
#584=VECTOR('',#1012,1.);
#585=VECTOR('',#1017,1.);
#586=VECTOR('',#1020,1.);
#587=VECTOR('',#1023,1.);
#588=VECTOR('',#1026,1.);
#589=VECTOR('',#1027,1.);
#590=VECTOR('',#1028,1.);
#591=VECTOR('',#1031,1.);
#592=VECTOR('',#1032,1.);
#593=VECTOR('',#1033,1.);
#594=VECTOR('',#1062,1.);
#595=VECTOR('',#1065,1.);
#596=VECTOR('',#1068,1.);
#597=VECTOR('',#1071,1.);
#598=EDGE_LOOP('',(#72,#73,#74,#75,#76,#77));
#599=EDGE_LOOP('',(#78));
#600=EDGE_LOOP('',(#79,#80,#81,#82,#83,#84,#85));
#601=EDGE_LOOP('',(#86,#87,#88,#89,#90,#91));
#602=EDGE_LOOP('',(#92,#93,#94,#95));
#603=EDGE_LOOP('',(#96,#97,#98,#99));
#604=EDGE_LOOP('',(#100));
#605=EDGE_LOOP('',(#101));
#606=EDGE_LOOP('',(#102,#103,#104,#105));
#607=EDGE_LOOP('',(#106,#107,#108,#109,#110,#111,#112,#113,#114,#115,#116));
#608=EDGE_LOOP('',(#117,#118,#119,#120));
#609=EDGE_LOOP('',(#121,#122,#123,#124));
#610=EDGE_LOOP('',(#125,#126,#127,#128));
#611=EDGE_LOOP('',(#129,#130,#131,#132));
#612=EDGE_LOOP('',(#133,#134,#135,#136));
#613=EDGE_LOOP('',(#137,#138,#139,#140));
#614=EDGE_LOOP('',(#141,#142,#143,#144,#145,#146,#147,#148,#149,#150));
#615=EDGE_LOOP('',(#151,#152,#153,#154,#155,#156,#157,#158,#159,#160));
#616=EDGE_LOOP('',(#161,#162,#163,#164));
#617=EDGE_LOOP('',(#165,#166,#167,#168));
#618=EDGE_LOOP('',(#169,#170,#171,#172,#173,#174));
#619=EDGE_LOOP('',(#175,#176,#177,#178));
#620=EDGE_LOOP('',(#179,#180,#181,#182));
#621=EDGE_LOOP('',(#183,#184,#185,#186));
#622=EDGE_LOOP('',(#187,#188,#189,#190));
#623=EDGE_LOOP('',(#191,#192,#193,#194));
#624=EDGE_LOOP('',(#195,#196,#197,#198));
#625=EDGE_LOOP('',(#199,#200,#201,#202));
#626=EDGE_LOOP('',(#203));
#627=EDGE_LOOP('',(#204,#205,#206,#207));
#628=EDGE_LOOP('',(#208,#209,#210,#211));
#629=EDGE_LOOP('',(#212,#213,#214,#215,#216,#217));
#630=EDGE_LOOP('',(#218,#219,#220,#221));
#631=EDGE_LOOP('',(#222,#223,#224,#225));
#632=EDGE_LOOP('',(#226,#227,#228,#229,#230,#231));
#633=EDGE_LOOP('',(#232,#233,#234,#235));
#634=EDGE_LOOP('',(#236,#237,#238,#239));
#635=EDGE_LOOP('',(#240,#241,#242,#243));
#636=EDGE_LOOP('',(#244));
#637=EDGE_LOOP('',(#245));
#638=EDGE_LOOP('',(#246));
#639=EDGE_LOOP('',(#247,#248,#249,#250));
#640=EDGE_LOOP('',(#251,#252,#253,#254));
#641=EDGE_LOOP('',(#255));
#642=EDGE_LOOP('',(#256));
#643=EDGE_LOOP('',(#257));
#644=EDGE_LOOP('',(#258));
#645=EDGE_LOOP('',(#259));
#646=EDGE_LOOP('',(#260));
#647=EDGE_LOOP('',(#261));
#648=EDGE_LOOP('',(#262,#263,#264,#265));
#649=EDGE_LOOP('',(#266,#267,#268,#269));
#650=EDGE_LOOP('',(#270,#271,#272,#273));
#651=EDGE_LOOP('',(#274,#275,#276,#277));
#652=EDGE_LOOP('',(#278,#279,#280,#281));
#653=EDGE_LOOP('',(#282,#283,#284,#285));
#654=FACE_BOUND('',#598,.T.);
#655=FACE_BOUND('',#599,.T.);
#656=FACE_BOUND('',#600,.T.);
#657=FACE_BOUND('',#601,.T.);
#658=FACE_BOUND('',#602,.T.);
#659=FACE_BOUND('',#603,.T.);
#660=FACE_BOUND('',#604,.T.);
#661=FACE_BOUND('',#605,.T.);
#662=FACE_BOUND('',#606,.T.);
#663=FACE_BOUND('',#607,.T.);
#664=FACE_BOUND('',#608,.T.);
#665=FACE_BOUND('',#609,.T.);
#666=FACE_BOUND('',#610,.T.);
#667=FACE_BOUND('',#611,.T.);
#668=FACE_BOUND('',#612,.T.);
#669=FACE_BOUND('',#613,.T.);
#670=FACE_BOUND('',#614,.T.);
#671=FACE_BOUND('',#615,.T.);
#672=FACE_BOUND('',#616,.T.);
#673=FACE_BOUND('',#617,.T.);
#674=FACE_BOUND('',#618,.T.);
#675=FACE_BOUND('',#619,.T.);
#676=FACE_BOUND('',#620,.T.);
#677=FACE_BOUND('',#621,.T.);
#678=FACE_BOUND('',#622,.T.);
#679=FACE_BOUND('',#623,.T.);
#680=FACE_BOUND('',#624,.T.);
#681=FACE_BOUND('',#625,.T.);
#682=FACE_BOUND('',#626,.T.);
#683=FACE_BOUND('',#627,.T.);
#684=FACE_BOUND('',#628,.T.);
#685=FACE_BOUND('',#629,.T.);
#686=FACE_BOUND('',#630,.T.);
#687=FACE_BOUND('',#631,.T.);
#688=FACE_BOUND('',#632,.T.);
#689=FACE_BOUND('',#633,.T.);
#690=FACE_BOUND('',#634,.T.);
#691=FACE_BOUND('',#635,.T.);
#692=FACE_BOUND('',#636,.T.);
#693=FACE_BOUND('',#637,.T.);
#694=FACE_BOUND('',#638,.T.);
#695=FACE_BOUND('',#639,.T.);
#696=FACE_BOUND('',#640,.T.);
#697=FACE_BOUND('',#641,.T.);
#698=FACE_BOUND('',#642,.T.);
#699=FACE_BOUND('',#643,.T.);
#700=FACE_BOUND('',#644,.T.);
#701=FACE_BOUND('',#645,.T.);
#702=FACE_BOUND('',#646,.T.);
#703=FACE_BOUND('',#647,.T.);
#704=FACE_BOUND('',#648,.T.);
#705=FACE_BOUND('',#649,.T.);
#706=FACE_BOUND('',#650,.T.);
#707=FACE_BOUND('',#651,.T.);
#708=FACE_BOUND('',#652,.T.);
#709=FACE_BOUND('',#653,.T.);
#710=PLANE('',#792);
#711=PLANE('',#805);
#712=PLANE('',#808);
#713=PLANE('',#813);
#714=PLANE('',#814);
#715=PLANE('',#815);
#716=PLANE('',#819);
#717=PLANE('',#823);
#718=PLANE('',#824);
#719=PLANE('',#825);
#720=PLANE('',#829);
#721=PLANE('',#830);
#722=PLANE('',#833);
#723=PLANE('',#836);
#724=PLANE('',#838);
#725=PLANE('',#841);
#726=PLANE('',#843);
#727=PLANE('',#844);
#728=PLANE('',#850);
#729=PLANE('',#852);
#730=PLANE('',#857);
#731=PLANE('',#858);
#732=PLANE('',#859);
#733=PLANE('',#860);
#734=PLANE('',#861);
#735=ADVANCED_FACE('',(#654,#655,#656,#657),#710,.T.);
#736=ADVANCED_FACE('',(#658),#26,.T.);
#737=ADVANCED_FACE('',(#659),#27,.T.);
#738=ADVANCED_FACE('',(#660,#661),#711,.F.);
#739=ADVANCED_FACE('',(#662,#663),#712,.F.);
#740=ADVANCED_FACE('',(#664),#28,.F.);
#741=ADVANCED_FACE('',(#665),#13,.F.);
#742=ADVANCED_FACE('',(#666),#14,.F.);
#743=ADVANCED_FACE('',(#667),#15,.F.);
#744=ADVANCED_FACE('',(#668),#713,.F.);
#745=ADVANCED_FACE('',(#669),#714,.T.);
#746=ADVANCED_FACE('',(#670),#715,.F.);
#747=ADVANCED_FACE('',(#671),#716,.F.);
#748=ADVANCED_FACE('',(#672),#717,.T.);
#749=ADVANCED_FACE('',(#673),#718,.T.);
#750=ADVANCED_FACE('',(#674),#719,.T.);
#751=ADVANCED_FACE('',(#675),#29,.F.);
#752=ADVANCED_FACE('',(#676),#30,.T.);
#753=ADVANCED_FACE('',(#677),#31,.T.);
#754=ADVANCED_FACE('',(#678),#720,.T.);
#755=ADVANCED_FACE('',(#679),#721,.F.);
#756=ADVANCED_FACE('',(#680),#32,.T.);
#757=ADVANCED_FACE('',(#681,#682),#12,.F.);
#758=ADVANCED_FACE('',(#683),#722,.F.);
#759=ADVANCED_FACE('',(#684),#33,.T.);
#760=ADVANCED_FACE('',(#685),#723,.F.);
#761=ADVANCED_FACE('',(#686),#724,.F.);
#762=ADVANCED_FACE('',(#687),#34,.T.);
#763=ADVANCED_FACE('',(#688),#725,.F.);
#764=ADVANCED_FACE('',(#689),#726,.F.);
#765=ADVANCED_FACE('',(#690),#727,.T.);
#766=ADVANCED_FACE('',(#691),#35,.T.);
#767=ADVANCED_FACE('',(#692,#693),#36,.F.);
#768=ADVANCED_FACE('',(#694,#695),#728,.F.);
#769=ADVANCED_FACE('',(#696,#697),#729,.T.);
#770=ADVANCED_FACE('',(#698,#699),#37,.T.);
#771=ADVANCED_FACE('',(#700,#701),#38,.F.);
#772=ADVANCED_FACE('',(#702,#703),#730,.T.);
#773=ADVANCED_FACE('',(#704),#731,.T.);
#774=ADVANCED_FACE('',(#705),#732,.T.);
#775=ADVANCED_FACE('',(#706),#733,.F.);
#776=ADVANCED_FACE('',(#707),#734,.F.);
#777=ADVANCED_FACE('',(#708),#39,.T.);
#778=ADVANCED_FACE('',(#709),#40,.T.);
#779=CLOSED_SHELL('',(#735,#736,#737,#738,#739,#740,#741,#742,#743,#744,
#745,#746,#747,#748,#749,#750,#751,#752,#753,#754,#755,#756,#757,#758,#759,
#760,#761,#762,#763,#764,#765,#766,#767,#768,#769,#770,#771,#772,#773,#774,
#775,#776,#777,#778));
#780=STYLED_ITEM('',(#781),#788);
#781=PRESENTATION_STYLE_ASSIGNMENT((#782));
#782=SURFACE_STYLE_USAGE(.BOTH.,#783);
#783=SURFACE_SIDE_STYLE('',(#784));
#784=SURFACE_STYLE_FILL_AREA(#785);
#785=FILL_AREA_STYLE('',(#786));
#786=FILL_AREA_STYLE_COLOUR('',#787);
#787=COLOUR_RGB('',0.917647058823529,0.917647058823529,0.917647058823529);
#788=MANIFOLD_SOLID_BREP('Phone Holder Female',#779);
#789=SHAPE_DEFINITION_REPRESENTATION(#5269,#790);
#790=SHAPE_REPRESENTATION('Phone Holder Female',(#791),#5264);
#791=AXIS2_PLACEMENT_3D('',#1076,#864,#865);
#792=AXIS2_PLACEMENT_3D('',#1077,#866,#867);
#793=AXIS2_PLACEMENT_3D('',#1081,#869,#870);
#794=AXIS2_PLACEMENT_3D('',#1085,#872,#873);
#795=AXIS2_PLACEMENT_3D('',#1089,#875,#876);
#796=AXIS2_PLACEMENT_3D('',#1090,#877,#878);
#797=AXIS2_PLACEMENT_3D('',#1097,#881,#882);
#798=AXIS2_PLACEMENT_3D('',#1106,#887,#888);
#799=AXIS2_PLACEMENT_3D('',#1111,#890,#891);
#800=AXIS2_PLACEMENT_3D('',#1115,#893,#894);
#801=AXIS2_PLACEMENT_3D('',#1118,#896,#897);
#802=AXIS2_PLACEMENT_3D('',#1121,#899,#900);
#803=AXIS2_PLACEMENT_3D('',#1124,#902,#903);
#804=AXIS2_PLACEMENT_3D('',#1127,#905,#906);
#805=AXIS2_PLACEMENT_3D('',#1130,#908,#909);
#806=AXIS2_PLACEMENT_3D('',#1131,#910,#911);
#807=AXIS2_PLACEMENT_3D('',#1133,#912,#913);
#808=AXIS2_PLACEMENT_3D('',#1135,#914,#915);
#809=AXIS2_PLACEMENT_3D('',#1136,#916,#917);
#810=AXIS2_PLACEMENT_3D('',#1167,#922,#923);
#811=AXIS2_PLACEMENT_3D('',#1180,#930,#931);
#812=AXIS2_PLACEMENT_3D('',#1313,#932,#933);
#813=AXIS2_PLACEMENT_3D('',#5144,#934,#935);
#814=AXIS2_PLACEMENT_3D('',#5147,#938,#939);
#815=AXIS2_PLACEMENT_3D('',#5156,#944,#945);
#816=AXIS2_PLACEMENT_3D('',#5157,#946,#947);
#817=AXIS2_PLACEMENT_3D('',#5159,#948,#949);
#818=AXIS2_PLACEMENT_3D('',#5163,#951,#952);
#819=AXIS2_PLACEMENT_3D('',#5167,#955,#956);
#820=AXIS2_PLACEMENT_3D('',#5171,#959,#960);
#821=AXIS2_PLACEMENT_3D('',#5175,#962,#963);
#822=AXIS2_PLACEMENT_3D('',#5177,#964,#965);
#823=AXIS2_PLACEMENT_3D('',#5179,#967,#968);
#824=AXIS2_PLACEMENT_3D('',#5180,#969,#970);
#825=AXIS2_PLACEMENT_3D('',#5183,#973,#974);
#826=AXIS2_PLACEMENT_3D('',#5186,#977,#978);
#827=AXIS2_PLACEMENT_3D('',#5188,#980,#981);
#828=AXIS2_PLACEMENT_3D('',#5189,#982,#983);
#829=AXIS2_PLACEMENT_3D('',#5190,#984,#985);
#830=AXIS2_PLACEMENT_3D('',#5192,#987,#988);
#831=AXIS2_PLACEMENT_3D('',#5194,#990,#991);
#832=AXIS2_PLACEMENT_3D('',#5195,#992,#993);
#833=AXIS2_PLACEMENT_3D('',#5196,#994,#995);
#834=AXIS2_PLACEMENT_3D('',#5200,#998,#999);
#835=AXIS2_PLACEMENT_3D('',#5201,#1000,#1001);
#836=AXIS2_PLACEMENT_3D('',#5204,#1003,#1004);
#837=AXIS2_PLACEMENT_3D('',#5207,#1006,#1007);
#838=AXIS2_PLACEMENT_3D('',#5210,#1009,#1010);
#839=AXIS2_PLACEMENT_3D('',#5214,#1013,#1014);
#840=AXIS2_PLACEMENT_3D('',#5215,#1015,#1016);
#841=AXIS2_PLACEMENT_3D('',#5218,#1018,#1019);
#842=AXIS2_PLACEMENT_3D('',#5221,#1021,#1022);
#843=AXIS2_PLACEMENT_3D('',#5224,#1024,#1025);
#844=AXIS2_PLACEMENT_3D('',#5230,#1029,#1030);
#845=AXIS2_PLACEMENT_3D('',#5236,#1034,#1035);
#846=AXIS2_PLACEMENT_3D('',#5237,#1036,#1037);
#847=AXIS2_PLACEMENT_3D('',#5238,#1038,#1039);
#848=AXIS2_PLACEMENT_3D('',#5239,#1040,#1041);
#849=AXIS2_PLACEMENT_3D('',#5240,#1042,#1043);
#850=AXIS2_PLACEMENT_3D('',#5242,#1044,#1045);
#851=AXIS2_PLACEMENT_3D('',#5243,#1046,#1047);
#852=AXIS2_PLACEMENT_3D('',#5245,#1048,#1049);
#853=AXIS2_PLACEMENT_3D('',#5246,#1050,#1051);
#854=AXIS2_PLACEMENT_3D('',#5247,#1052,#1053);
#855=AXIS2_PLACEMENT_3D('',#5249,#1054,#1055);
#856=AXIS2_PLACEMENT_3D('',#5250,#1056,#1057);
#857=AXIS2_PLACEMENT_3D('',#5252,#1058,#1059);
#858=AXIS2_PLACEMENT_3D('',#5253,#1060,#1061);
#859=AXIS2_PLACEMENT_3D('',#5255,#1063,#1064);
#860=AXIS2_PLACEMENT_3D('',#5257,#1066,#1067);
#861=AXIS2_PLACEMENT_3D('',#5259,#1069,#1070);
#862=AXIS2_PLACEMENT_3D('',#5261,#1072,#1073);
#863=AXIS2_PLACEMENT_3D('',#5262,#1074,#1075);
#864=DIRECTION('',(0.,0.,1.));
#865=DIRECTION('',(1.,0.,0.));
#866=DIRECTION('',(-1.,0.,0.));
#867=DIRECTION('',(0.,0.,1.));
#868=DIRECTION('',(0.,-0.892645036145483,0.45076029044807));
#869=DIRECTION('',(-1.,0.,0.));
#870=DIRECTION('',(0.,0.,1.));
#871=DIRECTION('',(0.,0.,-1.));
#872=DIRECTION('',(-1.,0.,0.));
#873=DIRECTION('',(0.,0.,-1.));
#874=DIRECTION('',(0.,1.,0.));
#875=DIRECTION('',(-1.,0.,0.));
#876=DIRECTION('',(0.,0.,-1.));
#877=DIRECTION('',(1.,0.,0.));
#878=DIRECTION('',(0.,0.,-1.));
#879=DIRECTION('',(0.,1.,0.));
#880=DIRECTION('',(0.,-0.867020152935184,-0.498273072124364));
#881=DIRECTION('',(1.,0.,0.));
#882=DIRECTION('',(0.,0.,-1.));
#883=DIRECTION('',(0.,0.867020152935184,-0.498273072124364));
#884=DIRECTION('',(0.,0.,-1.));
#885=DIRECTION('',(0.,1.,0.));
#886=DIRECTION('',(0.,0.,-1.));
#887=DIRECTION('',(-1.,0.,0.));
#888=DIRECTION('',(0.,0.,-1.));
#889=DIRECTION('',(0.,0.,-1.));
#890=DIRECTION('',(-1.,0.,0.));
#891=DIRECTION('',(0.,0.,1.));
#892=DIRECTION('',(0.,0.892645036145483,0.45076029044807));
#893=DIRECTION('',(-1.,0.,0.));
#894=DIRECTION('',(0.,0.,-1.));
#895=DIRECTION('',(0.,1.,3.46944695195362E-16));
#896=DIRECTION('',(1.,0.,0.));
#897=DIRECTION('',(0.,0.,-1.));
#898=DIRECTION('',(1.,0.,0.));
#899=DIRECTION('',(-1.,0.,0.));
#900=DIRECTION('',(0.,0.,-1.));
#901=DIRECTION('',(1.,0.,0.));
#902=DIRECTION('',(1.,0.,0.));
#903=DIRECTION('',(0.,0.,-1.));
#904=DIRECTION('',(1.,0.,0.));
#905=DIRECTION('',(-1.,0.,0.));
#906=DIRECTION('',(0.,0.,-1.));
#907=DIRECTION('',(1.,0.,0.));
#908=DIRECTION('',(0.,-1.,0.));
#909=DIRECTION('',(1.,0.,0.));
#910=DIRECTION('',(0.,-1.,0.));
#911=DIRECTION('',(0.,0.,-1.));
#912=DIRECTION('',(0.,1.,0.));
#913=DIRECTION('',(0.,0.,1.));
#914=DIRECTION('',(-1.,0.,0.));
#915=DIRECTION('',(0.,0.,-1.));
#916=DIRECTION('',(-1.,0.,0.));
#917=DIRECTION('',(0.,0.,1.));
#918=DIRECTION('',(0.,0.,-1.));
#919=DIRECTION('',(0.,1.,0.));
#920=DIRECTION('',(0.,0.,-1.));
#921=DIRECTION('',(0.,0.867020152935184,-0.498273072124364));
#922=DIRECTION('',(1.,0.,0.));
#923=DIRECTION('',(0.,0.,-1.));
#924=DIRECTION('',(0.,-0.867020152935184,-0.498273072124364));
#925=DIRECTION('',(0.,-1.,0.));
#926=DIRECTION('',(0.,0.,-1.));
#927=DIRECTION('',(0.,1.,0.));
#928=DIRECTION('',(0.,0.,-1.));
#929=DIRECTION('',(0.,-1.,0.));
#930=DIRECTION('',(-1.,0.,0.));
#931=DIRECTION('',(0.,-1.,0.));
#932=DIRECTION('',(-1.,0.,0.));
#933=DIRECTION('',(0.,0.,1.));
#934=DIRECTION('',(0.,0.,1.));
#935=DIRECTION('',(-1.,0.,0.));
#936=DIRECTION('',(-1.,0.,0.));
#937=DIRECTION('',(1.,0.,0.));
#938=DIRECTION('',(-1.,0.,0.));
#939=DIRECTION('',(0.,0.,-1.));
#940=DIRECTION('',(0.,0.,-1.));
#941=DIRECTION('',(0.,-1.,0.));
#942=DIRECTION('',(0.,0.,-1.));
#943=DIRECTION('',(0.,-1.,0.));
#944=DIRECTION('',(0.,-1.,0.));
#945=DIRECTION('',(0.,0.,-1.));
#946=DIRECTION('',(0.,1.,0.));
#947=DIRECTION('',(0.,0.,-1.));
#948=DIRECTION('',(0.,1.,0.));
#949=DIRECTION('',(0.,0.,-1.));
#950=DIRECTION('',(0.,0.,-1.));
#951=DIRECTION('',(0.,1.,0.));
#952=DIRECTION('',(0.,0.,-1.));
#953=DIRECTION('',(1.,0.,0.));
#954=DIRECTION('',(1.,0.,0.));
#955=DIRECTION('',(0.,1.,0.));
#956=DIRECTION('',(0.,0.,1.));
#957=DIRECTION('',(-1.,0.,0.));
#958=DIRECTION('',(-1.,0.,0.));
#959=DIRECTION('',(0.,-1.,0.));
#960=DIRECTION('',(0.,0.,1.));
#961=DIRECTION('',(0.,0.,-1.));
#962=DIRECTION('',(0.,-1.,0.));
#963=DIRECTION('',(0.,0.,1.));
#964=DIRECTION('',(0.,-1.,0.));
#965=DIRECTION('',(0.,0.,1.));
#966=DIRECTION('',(-1.,0.,0.));
#967=DIRECTION('',(0.,0.,1.));
#968=DIRECTION('',(-1.,0.,0.));
#969=DIRECTION('',(-1.,0.,0.));
#970=DIRECTION('',(0.,0.,-1.));
#971=DIRECTION('',(0.,-1.,0.));
#972=DIRECTION('',(0.,-1.,0.));
#973=DIRECTION('',(0.,0.,1.));
#974=DIRECTION('',(-1.,0.,0.));
#975=DIRECTION('',(0.,-1.,0.));
#976=DIRECTION('',(0.,-1.,0.));
#977=DIRECTION('',(0.,-1.,0.));
#978=DIRECTION('',(0.,0.,-1.));
#979=DIRECTION('',(0.,-1.,0.));
#980=DIRECTION('',(0.,1.,0.));
#981=DIRECTION('',(0.,0.,1.));
#982=DIRECTION('',(0.,-1.,0.));
#983=DIRECTION('',(0.,0.,-1.));
#984=DIRECTION('',(0.,0.498273072124364,-0.867020152935184));
#985=DIRECTION('',(0.,0.867020152935184,0.498273072124364));
#986=DIRECTION('',(-1.,0.,0.));
#987=DIRECTION('',(0.,0.498273072124364,0.867020152935184));
#988=DIRECTION('',(0.,-0.867020152935184,0.498273072124364));
#989=DIRECTION('',(-1.,0.,0.));
#990=DIRECTION('',(-1.,0.,0.));
#991=DIRECTION('',(0.,0.,1.));
#992=DIRECTION('',(-1.,0.,0.));
#993=DIRECTION('',(0.,0.,1.));
#994=DIRECTION('',(0.,0.,-1.));
#995=DIRECTION('',(-1.,0.,0.));
#996=DIRECTION('',(0.,1.,0.));
#997=DIRECTION('',(1.,0.,0.));
#998=DIRECTION('',(1.,0.,0.));
#999=DIRECTION('',(0.,0.,-1.));
#1000=DIRECTION('',(-1.,0.,0.));
#1001=DIRECTION('',(0.,0.,-1.));
#1002=DIRECTION('',(1.,0.,0.));
#1003=DIRECTION('',(1.,0.,0.));
#1004=DIRECTION('',(0.,1.,0.));
#1005=DIRECTION('',(0.,0.,-1.));
#1006=DIRECTION('',(1.,0.,0.));
#1007=DIRECTION('',(0.,0.,-1.));
#1008=DIRECTION('',(0.,-0.892645036145483,0.45076029044807));
#1009=DIRECTION('',(0.,3.46944695195362E-16,-1.));
#1010=DIRECTION('',(0.,1.,3.46944695195362E-16));
#1011=DIRECTION('',(0.,1.,3.46944695195362E-16));
#1012=DIRECTION('',(1.,0.,0.));
#1013=DIRECTION('',(1.,0.,0.));
#1014=DIRECTION('',(0.,0.,-1.));
#1015=DIRECTION('',(-1.,0.,0.));
#1016=DIRECTION('',(0.,0.,-1.));
#1017=DIRECTION('',(1.,0.,0.));
#1018=DIRECTION('',(1.,0.,0.));
#1019=DIRECTION('',(0.,1.,0.));
#1020=DIRECTION('',(0.,0.892645036145483,0.45076029044807));
#1021=DIRECTION('',(1.,0.,0.));
#1022=DIRECTION('',(0.,0.,-1.));
#1023=DIRECTION('',(0.,0.,-1.));
#1024=DIRECTION('',(-0.528301886792453,0.,-0.849056603773585));
#1025=DIRECTION('',(-0.849056603773585,0.,0.528301886792453));
#1026=DIRECTION('',(0.849056603773585,0.,-0.528301886792453));
#1027=DIRECTION('',(0.,-1.,0.));
#1028=DIRECTION('',(0.849056603773585,0.,-0.528301886792453));
#1029=DIRECTION('',(0.528301886792454,0.,-0.849056603773584));
#1030=DIRECTION('',(-0.849056603773584,0.,-0.528301886792454));
#1031=DIRECTION('',(0.849056603773584,0.,0.528301886792454));
#1032=DIRECTION('',(0.849056603773584,0.,0.528301886792454));
#1033=DIRECTION('',(0.,-1.,0.));
#1034=DIRECTION('',(0.,-1.,0.));
#1035=DIRECTION('',(0.,0.,-1.));
#1036=DIRECTION('',(0.,-1.,0.));
#1037=DIRECTION('',(0.,0.,-1.));
#1038=DIRECTION('',(0.,-1.,0.));
#1039=DIRECTION('',(0.,0.,-1.));
#1040=DIRECTION('',(0.,-1.,0.));
#1041=DIRECTION('',(0.,0.,-1.));
#1042=DIRECTION('',(0.,-1.,0.));
#1043=DIRECTION('',(0.,0.,-1.));
#1044=DIRECTION('',(0.,-1.,0.));
#1045=DIRECTION('',(1.,0.,0.));
#1046=DIRECTION('',(0.,1.,0.));
#1047=DIRECTION('',(0.,0.,1.));
#1048=DIRECTION('',(0.,-1.,0.));
#1049=DIRECTION('',(1.,0.,0.));
#1050=DIRECTION('',(0.,1.,0.));
#1051=DIRECTION('',(0.,0.,1.));
#1052=DIRECTION('',(0.,1.,0.));
#1053=DIRECTION('',(0.,0.,1.));
#1054=DIRECTION('',(0.,1.,0.));
#1055=DIRECTION('',(0.,0.,1.));
#1056=DIRECTION('',(0.,1.,0.));
#1057=DIRECTION('',(0.,0.,1.));
#1058=DIRECTION('',(0.,1.,0.));
#1059=DIRECTION('',(-1.,0.,0.));
#1060=DIRECTION('',(0.,-1.,0.));
#1061=DIRECTION('',(0.,0.,-1.));
#1062=DIRECTION('',(1.,0.,0.));
#1063=DIRECTION('',(0.,0.45076029044807,-0.892645036145483));
#1064=DIRECTION('',(0.,0.892645036145484,0.45076029044807));
#1065=DIRECTION('',(1.,0.,0.));
#1066=DIRECTION('',(0.,-1.,0.));
#1067=DIRECTION('',(0.,0.,-1.));
#1068=DIRECTION('',(1.,0.,0.));
#1069=DIRECTION('',(0.,0.45076029044807,0.892645036145483));
#1070=DIRECTION('',(0.,-0.892645036145484,0.45076029044807));
#1071=DIRECTION('',(1.,0.,0.));
#1072=DIRECTION('',(1.,0.,0.));
#1073=DIRECTION('',(0.,0.,-1.));
#1074=DIRECTION('',(1.,0.,0.));
#1075=DIRECTION('',(0.,0.,-1.));
#1076=CARTESIAN_POINT('',(0.,0.,0.));
#1077=CARTESIAN_POINT('',(-0.006,-0.03,0.006));
#1078=CARTESIAN_POINT('',(-0.006,-0.0496704561742688,-0.00103558702168729));
#1079=CARTESIAN_POINT('',(-0.006,-0.0455409123485377,-0.00312088890421659));
#1080=CARTESIAN_POINT('',(-0.006,-0.0555409123485376,0.00192882595662543));
#1081=CARTESIAN_POINT('',(-0.006,-0.045,-0.00204971486084201));
#1082=CARTESIAN_POINT('',(-0.006,-0.0438,-0.00204971486084201));
#1083=CARTESIAN_POINT('',(-0.006,-0.0438,-0.0005));
#1084=CARTESIAN_POINT('',(-0.006,-0.0438,0.003));
#1085=CARTESIAN_POINT('',(-0.006,-0.045,0.003));
#1086=CARTESIAN_POINT('',(-0.006,-0.045,0.0042));
#1087=CARTESIAN_POINT('',(-0.006,-0.05,0.0042));
#1088=CARTESIAN_POINT('',(-0.006,-0.055,0.0042));
#1089=CARTESIAN_POINT('',(-0.006,-0.055,0.003));
#1090=CARTESIAN_POINT('',(-0.006,-0.0300244434622573,-0.00799990041787271));
#1091=CARTESIAN_POINT('',(-0.006,-0.0300244434622573,-0.0144999004178727));
#1092=CARTESIAN_POINT('',(-0.006,-0.03,0.));
#1093=CARTESIAN_POINT('',(-0.006,-4.88869245146781E-5,0.));
#1094=CARTESIAN_POINT('',(-0.006,-1.54074395550979E-33,0.));
#1095=CARTESIAN_POINT('',(-0.006,-0.0130435884109153,-0.00746800383941237));
#1096=CARTESIAN_POINT('',(-0.006,-0.0260382898973158,-0.0149360076788247));
#1097=CARTESIAN_POINT('',(-0.006,-0.0300244434622573,-0.00799990041787271));
#1098=CARTESIAN_POINT('',(-0.006,-0.0340105970271987,-0.0149360076788247));
#1099=CARTESIAN_POINT('',(-0.006,-0.0470052985135994,-0.00746800383941237));
#1100=CARTESIAN_POINT('',(-0.006,-0.06,0.));
#1101=CARTESIAN_POINT('',(-0.006,-0.06,0.006));
#1102=CARTESIAN_POINT('',(-0.006,-0.06,0.006));
#1103=CARTESIAN_POINT('',(-0.006,-0.03,0.006));
#1104=CARTESIAN_POINT('',(-0.006,-1.54074395550979E-33,0.006));
#1105=CARTESIAN_POINT('',(-0.006,-1.54074395550979E-33,0.006));
#1106=CARTESIAN_POINT('',(-0.006,-0.015,0.003));
#1107=CARTESIAN_POINT('',(-0.006,-0.0162,0.003));
#1108=CARTESIAN_POINT('',(-0.006,-0.015,0.0042));
#1109=CARTESIAN_POINT('',(-0.006,-0.0162,-0.0005));
#1110=CARTESIAN_POINT('',(-0.006,-0.0162,-0.00204971486084201));
#1111=CARTESIAN_POINT('',(-0.006,-0.015,-0.00204971486084201));
#1112=CARTESIAN_POINT('',(-0.006,-0.0144590876514623,-0.00312088890421659));
#1113=CARTESIAN_POINT('',(-0.006,-0.0103295438257311,-0.00103558702168729));
#1114=CARTESIAN_POINT('',(-0.006,-0.00445908765146227,0.00192882595662543));
#1115=CARTESIAN_POINT('',(-0.006,-0.005,0.003));
#1116=CARTESIAN_POINT('',(-0.006,-0.005,0.0042));
#1117=CARTESIAN_POINT('',(-0.006,-0.01,0.0042));
#1118=CARTESIAN_POINT('',(-0.04125,-0.045,0.003));
#1119=CARTESIAN_POINT('',(-0.04125,-0.0438,0.003));
#1120=CARTESIAN_POINT('',(-0.04125,-0.0438,0.003));
#1121=CARTESIAN_POINT('',(-0.04125,-0.045,0.003));
#1122=CARTESIAN_POINT('',(-0.04125,-0.045,0.0042));
#1123=CARTESIAN_POINT('',(-0.04125,-0.045,0.0042));
#1124=CARTESIAN_POINT('',(-0.04125,-0.005,0.003));
#1125=CARTESIAN_POINT('',(-0.04125,-0.00445908765146227,0.00192882595662543));
#1126=CARTESIAN_POINT('',(-0.04125,-0.00445908765146227,0.00192882595662542));
#1127=CARTESIAN_POINT('',(-0.04125,-0.005,0.003));
#1128=CARTESIAN_POINT('',(-0.04125,-0.005,0.0042));
#1129=CARTESIAN_POINT('',(-0.04125,-0.005,0.0042));
#1130=CARTESIAN_POINT('',(0.019625,-0.03,0.009));
#1131=CARTESIAN_POINT('',(0.04025,-0.03,0.009));
#1132=CARTESIAN_POINT('',(0.04025,-0.03,0.00685));
#1133=CARTESIAN_POINT('',(0.04025,-0.03,0.009));
#1134=CARTESIAN_POINT('',(0.04025,-0.03,0.012));
#1135=CARTESIAN_POINT('',(0.03525,-0.03,0.015));
#1136=CARTESIAN_POINT('',(0.03525,-0.0300244434622573,-0.00799990041787272));
#1137=CARTESIAN_POINT('',(0.03525,-0.0257639696391332,-0.0090991559852795));
#1138=CARTESIAN_POINT('',(0.0352499999999965,-0.0293905929483954,-0.00364579505326831));
#1139=CARTESIAN_POINT('',(0.03525,-0.0257639696391332,-0.00909915598527951));
#1140=CARTESIAN_POINT('',(0.03525,-0.0258328919129716,-0.0101204184683889));
#1141=CARTESIAN_POINT('',(0.03525,-0.0266965408317393,-0.0120789388843659));
#1142=CARTESIAN_POINT('',(0.03525,-0.0285317739360259,-0.0131244907856271));
#1143=CARTESIAN_POINT('',(0.03525,-0.0295211952338082,-0.0133776384171208));
#1144=CARTESIAN_POINT('',(0.03525,-0.0295211952338083,-0.0133776384171208));
#1145=CARTESIAN_POINT('',(0.03525,-0.0295211952338082,-0.0133776384171208));
#1146=CARTESIAN_POINT('',(0.03525,-0.0304939710745664,-0.0134682369543338));
#1147=CARTESIAN_POINT('',(0.03525,-0.0324633301113487,-0.0131146782403395));
#1148=CARTESIAN_POINT('',(0.03525,-0.0347475526069733,-0.011134293478623));
#1149=CARTESIAN_POINT('',(0.03525,-0.0356839416914312,-0.00827115370303993));
#1150=CARTESIAN_POINT('',(0.03525,-0.0352467227658886,-0.00631112810259959));
#1151=CARTESIAN_POINT('',(0.03525,-0.0347855019589572,-0.00544928349870365));
#1152=CARTESIAN_POINT('',(0.0352500000000022,-0.0347855019589572,-0.00544928349870365));
#1153=CARTESIAN_POINT('',(0.03525,-0.0347855019589591,-0.00544928349870163));
#1154=CARTESIAN_POINT('',(0.03525,-0.0341684767441096,-0.00463628592389835));
#1155=CARTESIAN_POINT('',(0.0352500000000004,-0.0324883203480492,-0.00337464767362639));
#1156=CARTESIAN_POINT('',(0.03525,-0.0303578351464493,-0.00331115765478596));
#1157=CARTESIAN_POINT('',(0.03525,-0.0293905929483964,-0.00364579505327245));
#1158=CARTESIAN_POINT('',(0.03525,-0.04,0.015));
#1159=CARTESIAN_POINT('',(0.03525,-0.04,0.018));
#1160=CARTESIAN_POINT('',(0.03525,-0.04,-1.21430643318376E-17));
#1161=CARTESIAN_POINT('',(0.03525,-0.06,0.018));
#1162=CARTESIAN_POINT('',(0.03525,-0.06,0.018));
#1163=CARTESIAN_POINT('',(0.03525,-0.06,0.015));
#1164=CARTESIAN_POINT('',(0.03525,-0.06,0.));
#1165=CARTESIAN_POINT('',(0.03525,-0.0470052985135994,-0.00746800383941237));
#1166=CARTESIAN_POINT('',(0.03525,-0.0340105970271987,-0.0149360076788247));
#1167=CARTESIAN_POINT('',(0.03525,-0.0300244434622573,-0.00799990041787271));
#1168=CARTESIAN_POINT('',(0.03525,-0.0260382898973158,-0.0149360076788247));
#1169=CARTESIAN_POINT('',(0.03525,-0.0130435884109153,-0.00746800383941237));
#1170=CARTESIAN_POINT('',(0.03525,-4.88869245146789E-5,-1.7347234759768E-18));
#1171=CARTESIAN_POINT('',(0.03525,-0.03,0.));
#1172=CARTESIAN_POINT('',(0.03525,2.08166817117217E-17,0.));
#1173=CARTESIAN_POINT('',(0.03525,2.08166817117217E-17,0.015));
#1174=CARTESIAN_POINT('',(0.03525,2.08166817117217E-17,0.018));
#1175=CARTESIAN_POINT('',(0.03525,-0.06,0.018));
#1176=CARTESIAN_POINT('',(0.03525,-0.03,0.018));
#1177=CARTESIAN_POINT('',(0.03525,-0.03,0.015));
#1178=CARTESIAN_POINT('',(0.03525,-0.03,0.));
#1179=CARTESIAN_POINT('',(0.03525,-0.03,0.));
#1180=CARTESIAN_POINT('',(0.039,-0.0300244434622573,-0.00799990041787272));
#1181=CARTESIAN_POINT('',(-0.00389999986499499,-0.0332581909885813,-0.0109836693325163));
#1182=CARTESIAN_POINT('',(-0.00379634132961449,-0.0327847120359117,-0.0114968161061982));
#1183=CARTESIAN_POINT('',(-0.00361742684348782,-0.0316038216781018,-0.0122821662051931));
#1184=CARTESIAN_POINT('',(-0.00328003143472701,-0.029491815884804,-0.0125355455418192));
#1185=CARTESIAN_POINT('',(-0.00300050524392539,-0.0274817503023339,-0.0117931441738669));
#1186=CARTESIAN_POINT('',(-0.0026754875278842,-0.0260400651359256,-0.0102282162788304));
#1187=CARTESIAN_POINT('',(-0.002379008506532,-0.0254607780441352,-0.00817516206486089));
#1188=CARTESIAN_POINT('',(-0.00207338789889542,-0.0258827334649151,-0.00607852092515995));
#1189=CARTESIAN_POINT('',(-0.00175518837830161,-0.0272014922073764,-0.00441097145974826));
#1190=CARTESIAN_POINT('',(-0.00147066088767571,-0.0291473198976064,-0.00351830915016164));
#1191=CARTESIAN_POINT('',(-0.00113657602186472,-0.0312743895236317,-0.00360885616220148));
#1192=CARTESIAN_POINT('',(-0.000863997503774493,-0.033133900931891,-0.00465558270885763));
#1193=CARTESIAN_POINT('',(-0.000524114980617641,-0.0343142734914482,-0.00643519495874941));
#1194=CARTESIAN_POINT('',(-0.000251036342919983,-0.0345563735294463,-0.0085540123978715));
#1195=CARTESIAN_POINT('',(8.21457663691766E-5,-0.0338118478431834,-0.0105513361097426));
#1196=CARTESIAN_POINT('',(0.000368392391016749,-0.0322345051672637,-0.0119952970215466));
#1197=CARTESIAN_POINT('',(0.000684282290541094,-0.030184610132135,-0.0125630189868074));
#1198=CARTESIAN_POINT('',(0.00099285799716976,-0.0280884647256911,-0.0121361769205829));
#1199=CARTESIAN_POINT('',(0.00128644743247062,-0.0264227778141088,-0.0108049883509387));
#1200=CARTESIAN_POINT('',(0.00161354913264702,-0.0255406159096826,-0.00886727273510929));
#1201=CARTESIAN_POINT('',(0.00189187748127251,-0.0256395254774544,-0.0067268649360968));
#1202=CARTESIAN_POINT('',(0.00222878081135101,-0.0266899633645328,-0.00488076976030964));
#1203=CARTESIAN_POINT('',(0.0025014951214483,-0.0284790835624177,-0.00370239408123043));
#1204=CARTESIAN_POINT('',(0.00283900615313327,-0.030595886113891,-0.00347045077709329));
#1205=CARTESIAN_POINT('',(0.00311644566050886,-0.0325919961661601,-0.00422327186333913));
#1206=CARTESIAN_POINT('',(0.00344410691895748,-0.0340289506013835,-0.00580580437650589));
#1207=CARTESIAN_POINT('',(0.00373842495621289,-0.0345881837531014,-0.00786162038588169));
#1208=CARTESIAN_POINT('',(0.00404527846686493,-0.0341529847773227,-0.00995153602991451));
#1209=CARTESIAN_POINT('',(0.00436329978174057,-0.0328138927576995,-0.0116147835129879));
#1210=CARTESIAN_POINT('',(0.00464769692358439,-0.0308694234866963,-0.0124870711814826));
#1211=CARTESIAN_POINT('',(0.00498199828985072,-0.028736005042036,-0.0123812087686319));
#1212=CARTESIAN_POINT('',(0.00525523271784715,-0.0268858540126183,-0.0113152830231909));
#1213=CARTESIAN_POINT('',(0.00559390335870982,-0.02572304678143,-0.00953382529411934));
#1214=CARTESIAN_POINT('',(0.0058681025524172,-0.0254974737309398,-0.00740241087831162));
#1215=CARTESIAN_POINT('',(0.00620111863538836,-0.0262584237873935,-0.00541879579828663));
#1216=CARTESIAN_POINT('',(0.00648618078809242,-0.0278472239798334,-0.00398519194946168));
#1217=CARTESIAN_POINT('',(0.00680453383153976,-0.0299075504334707,-0.003436244175675));
#1218=CARTESIAN_POINT('',(0.00710972054804188,-0.0319903269651169,-0.00387796477230908));
#1219=CARTESIAN_POINT('',(0.00740643135072882,-0.033652663258111,-0.00522751821853246));
#1220=CARTESIAN_POINT('',(0.0077318014120194,-0.0345143042197837,-0.00717151352507445));
#1221=CARTESIAN_POINT('',(0.00801028242078507,-0.0344004414060364,-0.00930583861582544));
#1222=CARTESIAN_POINT('',(0.00834809807124713,-0.0333292426558863,-0.0111502764196142));
#1223=CARTESIAN_POINT('',(0.00861930268869818,-0.0315385225920951,-0.0123077170087291));
#1224=CARTESIAN_POINT('',(0.00895807546956237,-0.0294146077029195,-0.0125255882824388));
#1225=CARTESIAN_POINT('',(0.00923481520926494,-0.0274246867533569,-0.0117529374271889));
#1226=CARTESIAN_POINT('',(0.00956233236201691,-0.0260050654634322,-0.0101671787672027));
#1227=CARTESIAN_POINT('',(0.00985646628855407,-0.0254590763454129,-0.00809732987999735));
#1228=CARTESIAN_POINT('',(0.0101640916683759,-0.0259115564481732,-0.00601808503648039));
#1229=CARTESIAN_POINT('',(0.0104805876072392,-0.0272614866158949,-0.00436336048603692));
#1230=CARTESIAN_POINT('',(0.0107671874798057,-0.0292188848152056,-0.00350621101550191));
#1231=CARTESIAN_POINT('',(0.0110990743500785,-0.0313411310147119,-0.0036272592373066));
#1232=CARTESIAN_POINT('',(0.0113741296210764,-0.0331916962822223,-0.00471031755048068));
#1233=CARTESIAN_POINT('',(0.0117124463272145,-0.0343367806991274,-0.00650084742401967));
#1234=CARTESIAN_POINT('',(0.0119854577640883,-0.034547975133376,-0.00862834323672521));
#1235=CARTESIAN_POINT('',(0.0123207007518602,-0.0337673081216994,-0.0106145918368094));
#1236=CARTESIAN_POINT('',(0.0126031671106185,-0.0321732938760465,-0.012029045940411));
#1237=CARTESIAN_POINT('',(0.0129238390348449,-0.0301041708060822,-0.0125656961128556));
#1238=CARTESIAN_POINT('',(0.0132275843123604,-0.0280228763026604,-0.0121034555905248));
#1239=CARTESIAN_POINT('',(0.0135247613694845,-0.0263772128251579,-0.0107476695015131));
#1240=CARTESIAN_POINT('',(0.0138504127708479,-0.0255263784572781,-0.00878710948780606));
#1241=CARTESIAN_POINT('',(0.0141290793208225,-0.0256600484560264,-0.00665938223680387));
#1242=CARTESIAN_POINT('',(0.0144663355891346,-0.0267439172063732,-0.00482262508775239));
#1243=CARTESIAN_POINT('',(0.0147386871851847,-0.0285513892519329,-0.00367847468467851));
#1244=CARTESIAN_POINT('',(0.015076266677826,-0.0306668854581332,-0.00347900461926655));
#1245=CARTESIAN_POINT('',(0.0153535005640818,-0.032659316934678,-0.00426996613475406));
#1246=CARTESIAN_POINT('',(0.0156820319477612,-0.0340617503775124,-0.00586891661376473));
#1247=CARTESIAN_POINT('',(0.0159735637062833,-0.0345910894166453,-0.00793700855575658));
#1248=CARTESIAN_POINT('',(0.0162844818075106,-0.0341180841227384,-0.0100214304240371));
#1249=CARTESIAN_POINT('',(0.0165979157419448,-0.0327587616271633,-0.0116569733036277));
#1250=CARTESIAN_POINT('',(0.0168866258877104,-0.0307914409915895,-0.0125015802998691));
#1251=CARTESIAN_POINT('',(0.0172179445317744,-0.0286676643497176,-0.0123591222492458));
#1252=CARTESIAN_POINT('',(0.0174921156887084,-0.0268339349855893,-0.0112670398948971));
#1253=CARTESIAN_POINT('',(0.0178318180943162,-0.0256976869708613,-0.00945917882490373));
#1254=CARTESIAN_POINT('',(0.0181036492564489,-0.0255073322256369,-0.00733528602302902));
#1255=CARTESIAN_POINT('',(0.0184393504315471,-0.026300837602572,-0.00535617634491122));
#1256=CARTESIAN_POINT('',(0.0187216160945327,-0.0279127690790486,-0.00395178631125059));
#1257=CARTESIAN_POINT('',(0.0190421813217976,-0.0299755744225556,-0.00343411892539492));
#1258=CARTESIAN_POINT('',(0.0193452538389942,-0.0320614626747101,-0.00391252255587017));
#1259=CARTESIAN_POINT('',(0.0196440990051238,-0.0336931461009011,-0.00528309053888808));
#1260=CARTESIAN_POINT('',(0.0199673701101656,-0.0345282806447196,-0.00724288274759815));
#1261=CARTESIAN_POINT('',(0.0202485344853166,-0.0343769418293345,-0.00937922512936178));
#1262=CARTESIAN_POINT('',(0.0205839240244585,-0.0332820578113548,-0.0111994155095957));
#1263=CARTESIAN_POINT('',(0.0208569975739164,-0.0314640372024469,-0.0123339072423818));
#1264=CARTESIAN_POINT('',(0.0211953865578332,-0.0293432421782965,-0.0125141346451494));
#1265=CARTESIAN_POINT('',(0.0214704882878263,-0.0273652368421909,-0.0117126262829412));
#1266=CARTESIAN_POINT('',(0.0218016164305403,-0.0259678016888742,-0.0100958795840489));
#1267=CARTESIAN_POINT('',(0.0220909585766147,-0.0254586034023268,-0.00802686343336597));
#1268=CARTESIAN_POINT('',(0.0224032438242477,-0.0259448817743968,-0.00594784665400758));
#1269=CARTESIAN_POINT('',(0.0227162314072792,-0.0273240289255199,-0.00431813023915567));
#1270=CARTESIAN_POINT('',(0.0230049482928733,-0.0292889370069453,-0.00349340923092704));
#1271=CARTESIAN_POINT('',(0.0233364603890829,-0.0314198103702751,-0.00365149658379283));
#1272=CARTESIAN_POINT('',(0.0236113201687636,-0.0332427256258137,-0.00476182921584982));
#1273=CARTESIAN_POINT('',(0.023949766617386,-0.0343622338073713,-0.00657183777402226));
#1274=CARTESIAN_POINT('',(0.0242229263604985,-0.0345353317219142,-0.00870783439698009));
#1275=CARTESIAN_POINT('',(0.0245581013111315,-0.033726566214964,-0.0106721067201519));
#1276=CARTESIAN_POINT('',(0.024839659472211,-0.0321019714097104,-0.012067046347923));
#1277=CARTESIAN_POINT('',(0.0251624029218501,-0.0300301886815133,-0.0125650280002332));
#1278=CARTESIAN_POINT('',(0.0254620390937644,-0.0279575232306629,-0.0120722227910692));
#1279=CARTESIAN_POINT('',(0.0257643028355161,-0.0263295308039529,-0.010682555742798));
#1280=CARTESIAN_POINT('',(0.0260854578300415,-0.0255155083390056,-0.00871798647865526));
#1281=CARTESIAN_POINT('',(0.0263672512232109,-0.0256819839698398,-0.00658649439185458));
#1282=CARTESIAN_POINT('',(0.0267032182018549,-0.0267978780492569,-0.00476953505106316));
#1283=CARTESIAN_POINT('',(0.0269749416658087,-0.0286165539242799,-0.00365614703469677));
#1284=CARTESIAN_POINT('',(0.0273145829911939,-0.0307454048894574,-0.00349061044947896));
#1285=CARTESIAN_POINT('',(0.0275889969033325,-0.0327153996494481,-0.00431173541319241));
#1286=CARTESIAN_POINT('',(0.0279199364724119,-0.0340959297814238,-0.00593200309992557));
#1287=CARTESIAN_POINT('',(0.0282092415212127,-0.0345907023439017,-0.00801479802102771));
#1288=CARTESIAN_POINT('',(0.0285220232606907,-0.0340878197511464,-0.0100815454509955));
#1289=CARTESIAN_POINT('',(0.0288336157615292,-0.0326966678405003,-0.0117036076242961));
#1290=CARTESIAN_POINT('',(0.0291245384537384,-0.0307202176287056,-0.0125117850661632));
#1291=CARTESIAN_POINT('',(0.0294534660890883,-0.0286007405785246,-0.0123389987135559));
#1292=CARTESIAN_POINT('',(0.0297304319427841,-0.0267776681340736,-0.0112108285745097));
#1293=CARTESIAN_POINT('',(0.0300681248610822,-0.025676733463947,-0.0093933685957283));
#1294=CARTESIAN_POINT('',(0.0303405054707762,-0.0255177734214036,-0.00726027907672906));
#1295=CARTESIAN_POINT('',(0.030677595895814,-0.0263464556397512,-0.00529483547812703));
#1296=CARTESIAN_POINT('',(0.0309566476012358,-0.0279749340602845,-0.00391923756549007));
#1297=CARTESIAN_POINT('',(0.0312817733701985,-0.0300564747836787,-0.0034335538794956));
#1298=CARTESIAN_POINT('',(0.0315797330324509,-0.0321258516154099,-0.00394656323116174));
#1299=CARTESIAN_POINT('',(0.0318826835071814,-0.0337378705513485,-0.00534221131515961));
#1300=CARTESIAN_POINT('',(0.0322039537252934,-0.0345403816888098,-0.00732320599786706));
#1301=CARTESIAN_POINT('',(0.0324859542663702,-0.0343549263593277,-0.00944646747010631));
#1302=CARTESIAN_POINT('',(0.0328214404939174,-0.0332256957635658,-0.0112570681483703));
#1303=CARTESIAN_POINT('',(0.0330943503588094,-0.0313914879913557,-0.0123559167354797));
#1304=CARTESIAN_POINT('',(0.0334326222046449,-0.0292713179367279,-0.0125038240941286));
#1305=CARTESIAN_POINT('',(0.0337078799820781,-0.0272986579613168,-0.0116637849134625));
#1306=CARTESIAN_POINT('',(0.034039419910479,-0.0259361993285936,-0.0100317188644111));
#1307=CARTESIAN_POINT('',(0.0343266634654091,-0.0254576833303496,-0.00794966549956704));
#1308=CARTESIAN_POINT('',(0.0346420717244296,-0.0259813229622995,-0.00587884076584886));
#1309=CARTESIAN_POINT('',(0.0349522217029959,-0.0273819549822759,-0.00427653263346608));
#1310=CARTESIAN_POINT('',(0.0351433307732087,-0.0287041551047894,-0.00374572349860198));
#1311=CARTESIAN_POINT('',(0.0352499999999965,-0.0293905929483953,-0.00364579505326831));
#1312=CARTESIAN_POINT('',(-0.00389999986499499,-0.0332581909885813,-0.0109836693325163));
#1313=CARTESIAN_POINT('',(-0.00389999986499497,-0.0300244434622573,-0.00799990041787271));
#1314=CARTESIAN_POINT('',(-0.00389999986499362,-0.0327405052026579,-0.00453825216562057));
#1315=CARTESIAN_POINT('',(0.03525,-0.0257639696391333,-0.00909915598527949));
#1316=CARTESIAN_POINT('',(0.035145264627874,-0.0259374588056963,-0.00977156199772393));
#1317=CARTESIAN_POINT('',(0.0349225799439207,-0.0266038225589823,-0.0110233636440197));
#1318=CARTESIAN_POINT('',(0.0346495823602003,-0.0283496087545731,-0.0122477420560319));
#1319=CARTESIAN_POINT('',(0.0343139605229931,-0.0304617142621049,-0.0125453136143573));
#1320=CARTESIAN_POINT('',(0.0340322787745146,-0.0324798003853474,-0.011848935184836));
#1321=CARTESIAN_POINT('',(0.0337114452909778,-0.0339575526877337,-0.0103193587708516));
#1322=CARTESIAN_POINT('',(0.0334087931568541,-0.0345827495718168,-0.00827358960677608));
#1323=CARTESIAN_POINT('',(0.0331099748705196,-0.0342100706383243,-0.00617758979718795));
#1324=CARTESIAN_POINT('',(0.0327867175654564,-0.0329281183807677,-0.00447492826004613));
#1325=CARTESIAN_POINT('',(0.032505822875533,-0.0310038583584047,-0.00354072908472032));
#1326=CARTESIAN_POINT('',(0.0321705709454591,-0.0288807717163229,-0.00357931313373791));
#1327=CARTESIAN_POINT('',(0.0318974689220682,-0.0269897916719696,-0.00458747580322283));
#1328=CARTESIAN_POINT('',(0.0315594526944385,-0.0257748441731777,-0.00633206956061621));
#1329=CARTESIAN_POINT('',(0.0312842664433028,-0.0254795099774033,-0.00844607721154794));
#1330=CARTESIAN_POINT('',(0.0309534266326003,-0.0261801622265148,-0.0104631758371639));
#1331=CARTESIAN_POINT('',(0.0306641841303568,-0.0277151337685667,-0.011938819566314));
#1332=CARTESIAN_POINT('',(0.0303519313061283,-0.0297591084632127,-0.0125586010791824));
#1333=CARTESIAN_POINT('',(0.0300391662220497,-0.0318575149816608,-0.0121813650847302));
#1334=CARTESIAN_POINT('',(0.0297506836939778,-0.0335557890215507,-0.0108945906303381));
#1335=CARTESIAN_POINT('',(0.0294191220677625,-0.0344862531319178,-0.00897206389983118));
#1336=CARTESIAN_POINT('',(0.0291446770106982,-0.0344399521422101,-0.00684014681595288));
#1337=CARTESIAN_POINT('',(0.0288061156238393,-0.0334353840041662,-0.00496341198860525));
#1338=CARTESIAN_POINT('',(0.0285332164098881,-0.0316763511579183,-0.00374344840390628));
#1339=CARTESIAN_POINT('',(0.0281983674071791,-0.0295725297823134,-0.00345652557481739));
#1340=CARTESIAN_POINT('',(0.0279164573597495,-0.0275506703399444,-0.00416113231110592));
#1341=CARTESIAN_POINT('',(0.0275945597735926,-0.026080876686751,-0.00570061075577282));
#1342=CARTESIAN_POINT('',(0.0272942118128666,-0.0254650612366482,-0.00773990745345443));
#1343=CARTESIAN_POINT('',(0.0269928957901067,-0.0258478859375487,-0.00984446543040574));
#1344=CARTESIAN_POINT('',(0.0266713648933688,-0.0271350553384437,-0.0115350812878532));
#1345=CARTESIAN_POINT('',(0.0263899748509687,-0.0290614612586898,-0.0124637466572081));
#1346=CARTESIAN_POINT('',(0.0260540956768463,-0.0311904839390363,-0.0124139134939162));
#1347=CARTESIAN_POINT('',(0.025782532359022,-0.0330680220139319,-0.0114038776787664));
#1348=CARTESIAN_POINT('',(0.025443104075622,-0.0342827018425392,-0.00964861692576309));
#1349=CARTESIAN_POINT('',(0.025168579321496,-0.034566135909329,-0.00753515816152778));
#1350=CARTESIAN_POINT('',(0.0248382025590181,-0.033862593840013,-0.00552585551445641));
#1351=CARTESIAN_POINT('',(0.0245482403524984,-0.0323147438542768,-0.00404985539109727));
#1352=CARTESIAN_POINT('',(0.0242366514384419,-0.0302774577925923,-0.00344136851902354));
#1353=CARTESIAN_POINT('',(0.0239239463504331,-0.0281753433079147,-0.00382410258355235));
#1354=CARTESIAN_POINT('',(0.0236343646286613,-0.026481538299564,-0.00512113536044446));
#1355=CARTESIAN_POINT('',(0.0233047066682683,-0.0255603805429258,-0.00703742140603418));
#1356=CARTESIAN_POINT('',(0.0230284150762153,-0.0256133634333587,-0.00917955703448207));
#1357=CARTESIAN_POINT('',(0.022690749712901,-0.0266244373772337,-0.011046846708419));
#1358=CARTESIAN_POINT('',(0.0224181708181166,-0.0283848309375995,-0.0122622438211386));
#1359=CARTESIAN_POINT('',(0.0220818790421149,-0.0304974725864747,-0.0125406800493154));
#1360=CARTESIAN_POINT('',(0.0218019976629995,-0.0325072626850896,-0.011832351715493));
#1361=CARTESIAN_POINT('',(0.0214781864433199,-0.0339789190871149,-0.0102829922615316));
#1362=CARTESIAN_POINT('',(0.0211787947111416,-0.0345836485043947,-0.00824052563540205));
#1363=CARTESIAN_POINT('',(0.0208775883317959,-0.034196560031823,-0.00614372793565452));
#1364=CARTESIAN_POINT('',(0.0205551538180386,-0.0328960086106365,-0.00444979389138424));
#1365=CARTESIAN_POINT('',(0.02027444087581,-0.0309726464575082,-0.00353379218055898));
#1366=CARTESIAN_POINT('',(0.0199383123664024,-0.0288399197845471,-0.00358942864195952));
#1367=CARTESIAN_POINT('',(0.0196659699074848,-0.0269643023234939,-0.00461207159302185));
#1368=CARTESIAN_POINT('',(0.0193279279996449,-0.025761364725479,-0.00636350519845616));
#1369=CARTESIAN_POINT('',(0.01905218571409,-0.0254842606871373,-0.00848834335553136));
#1370=CARTESIAN_POINT('',(0.018721899411935,-0.0261979121544426,-0.0104895845855519));
#1371=CARTESIAN_POINT('',(0.0184331648166689,-0.0277479480690418,-0.0119590239349666));
#1372=CARTESIAN_POINT('',(0.0181194343655606,-0.0297962342220384,-0.0125594249950715));
#1373=CARTESIAN_POINT('',(0.0178091693098724,-0.0318865026029012,-0.0121692928193898));
#1374=CARTESIAN_POINT('',(0.0175177430573124,-0.0335818390002533,-0.010862747240532));
#1375=CARTESIAN_POINT('',(0.0171886086283357,-0.0344917823126158,-0.0089407732845753));
#1376=CARTESIAN_POINT('',(0.0169132134862144,-0.0344324524917503,-0.00680726964244336));
#1377=CARTESIAN_POINT('',(0.016574117270211,-0.0334089274262984,-0.004935137413533));
#1378=CARTESIAN_POINT('',(0.0163028604104157,-0.031649224593274,-0.00373304254896188));
#1379=CARTESIAN_POINT('',(0.0159660223582838,-0.0295342531198954,-0.00345976838536075));
#1380=CARTESIAN_POINT('',(0.0156859756541529,-0.027523840002815,-0.00418011908538481));
#1381=CARTESIAN_POINT('',(0.0153630917455948,-0.026064596480176,-0.00572647448011543));
#1382=CARTESIAN_POINT('',(0.0150631850011247,-0.0254631893554763,-0.0077797281738054));
#1383=CARTESIAN_POINT('',(0.0147615896658442,-0.0258604991460611,-0.00987105814602192));
#1384=CARTESIAN_POINT('',(0.014440516554707,-0.0271619429669728,-0.0115583870542653));
#1385=CARTESIAN_POINT('',(0.0141579202687155,-0.0290972123692491,-0.0124702536248806));
#1386=CARTESIAN_POINT('',(0.0138236267405229,-0.0312196348439133,-0.0124067824456895));
#1387=CARTESIAN_POINT('',(0.0135502113503902,-0.0330985188214599,-0.0113768738108309));
#1388=CARTESIAN_POINT('',(0.0132118626272476,-0.0342932546937611,-0.0096179587153463));
#1389=CARTESIAN_POINT('',(0.0129376786487512,-0.0345638374116249,-0.00750095529890313));
#1390=CARTESIAN_POINT('',(0.0126053362789299,-0.033839882359864,-0.00549204257849444));
#1391=CARTESIAN_POINT('',(0.0123182321459748,-0.032287410179655,-0.00403425075650949));
#1392=CARTESIAN_POINT('',(0.0120036476654847,-0.0302371455306512,-0.00343842730615954));
#1393=CARTESIAN_POINT('',(0.0116932361769092,-0.0281423916483512,-0.00384019192974651));
#1394=CARTESIAN_POINT('',(0.0114025665899179,-0.0264597351506958,-0.00514649770125439));
#1395=CARTESIAN_POINT('',(0.011072544897839,-0.0255515185375531,-0.00707986238508051));
#1396=CARTESIAN_POINT('',(0.010797022780066,-0.0256228750134512,-0.00921132660916758));
#1397=CARTESIAN_POINT('',(0.0104588901232764,-0.0266490280403189,-0.0110758491339845));
#1398=CARTESIAN_POINT('',(0.0101861783936117,-0.0284226550968635,-0.0122755268191365));
#1399=CARTESIAN_POINT('',(0.00985047258889058,-0.0305296064076967,-0.0125376298446103));
#1400=CARTESIAN_POINT('',(0.00957015503350563,-0.0325430715230215,-0.0118094220174166));
#1401=CARTESIAN_POINT('',(0.00924613713838944,-0.0339948583118854,-0.0102525861280727));
#1402=CARTESIAN_POINT('',(0.00894856384478428,-0.0345865454818921,-0.0082060963340032));
#1403=CARTESIAN_POINT('',(0.00864445838537939,-0.0341790630233326,-0.00610629390118181));
#1404=CARTESIAN_POINT('',(0.00832503193904058,-0.0328715950540392,-0.00443066734023795));
#1405=CARTESIAN_POINT('',(0.00804203355471896,-0.0309350782438364,-0.00352508946014894));
#1406=CARTESIAN_POINT('',(0.00770704549737071,-0.0288060118907952,-0.00359998296167633));
#1407=CARTESIAN_POINT('',(0.00743511306499342,-0.0269408965507215,-0.00463219404917789));
#1408=CARTESIAN_POINT('',(0.00709546774958373,-0.0257469821353341,-0.00640148240710209));
#1409=CARTESIAN_POINT('',(0.00682179299337138,-0.0254886423393087,-0.00851860623752571));
#1410=CARTESIAN_POINT('',(0.00649005732413376,-0.0262155784801822,-0.0105187771017465));
#1411=CARTESIAN_POINT('',(0.00620217912529442,-0.0277811654016057,-0.0119768946655462));
#1412=CARTESIAN_POINT('',(0.00588819233548872,-0.0298251754977677,-0.0125610278059957));
#1413=CARTESIAN_POINT('',(0.00557803821908982,-0.0319225538445554,-0.0121536746037623));
#1414=CARTESIAN_POINT('',(0.00528610770494729,-0.0336010604587079,-0.0108366664174606));
#1415=CARTESIAN_POINT('',(0.00495810426976685,-0.0344994718139769,-0.00890984728229938));
#1416=CARTESIAN_POINT('',(0.00468072994149896,-0.0344214073610794,-0.00676852981333334));
#1417=CARTESIAN_POINT('',(0.00434343646954829,-0.0333882592240413,-0.00491311649702885));
#1418=CARTESIAN_POINT('',(0.00407117681143712,-0.031614254091913,-0.00371875455608374));
#1419=CARTESIAN_POINT('',(0.00373398084269145,-0.0294980414981383,-0.00346492436709479));
#1420=CARTESIAN_POINT('',(0.0034556506995601,-0.0274967828698539,-0.00419696595519623));
#1421=CARTESIAN_POINT('',(0.00312985898091669,-0.0260435492173773,-0.00576307794069567));
#1422=CARTESIAN_POINT('',(0.00283309525436382,-0.0254627251887911,-0.00781320617398602));
#1423=CARTESIAN_POINT('',(0.00252923013015768,-0.0258742681964568,-0.00990454484311959));
#1424=CARTESIAN_POINT('',(0.00220890548457139,-0.0271948782401334,-0.0115836729526174));
#1425=CARTESIAN_POINT('',(0.00192644760057469,-0.0291288376998447,-0.0124767807351427));
#1426=CARTESIAN_POINT('',(0.00159140794683497,-0.0312605164730107,-0.0123962465453115));
#1427=CARTESIAN_POINT('',(0.00131852316796077,-0.0331244252807699,-0.0113513433960603));
#1428=CARTESIAN_POINT('',(0.000980337947375115,-0.0343064458484672,-0.00958605667638153));
#1429=CARTESIAN_POINT('',(0.000705422940799104,-0.0345585936494829,-0.00745786680743926));
#1430=CARTESIAN_POINT('',(0.000373694561891622,-0.0338212105578163,-0.00546509120558364));
#1431=CARTESIAN_POINT('',(8.71285490341251E-5,-0.0322540811947165,-0.00401420433313499));
#1432=CARTESIAN_POINT('',(-0.000229077838006796,-0.030198571187858,-0.00343791523528779));
#1433=CARTESIAN_POINT('',(-0.000536802315491747,-0.0281128414837844,-0.00385303884717268));
#1434=CARTESIAN_POINT('',(-0.000830550475131727,-0.0264334433180362,-0.00517927080106092));
#1435=CARTESIAN_POINT('',(-0.00115809811166267,-0.025546146898983,-0.00711255065559147));
#1436=CARTESIAN_POINT('',(-0.00143456864911255,-0.0256309163314951,-0.00924465504065129));
#1437=CARTESIAN_POINT('',(-0.00177325391606767,-0.0266766786628656,-0.0111048537978366));
#1438=CARTESIAN_POINT('',(-0.00204435574601764,-0.0284508120439189,-0.0122858031791625));
#1439=CARTESIAN_POINT('',(-0.00238188761085817,-0.0305682448566647,-0.0125339407083836));
#1440=CARTESIAN_POINT('',(-0.00266056384025099,-0.0325706718793514,-0.0117895006717736));
#1441=CARTESIAN_POINT('',(-0.00298524950824287,-0.0340107887992153,-0.0102261040842916));
#1442=CARTESIAN_POINT('',(-0.00328296526916811,-0.0345885052874075,-0.00816612341134522));
#1443=CARTESIAN_POINT('',(-0.00358551249988349,-0.0341640617254394,-0.00607779806383932));
#1444=CARTESIAN_POINT('',(-0.00380254318528764,-0.0332887657463694,-0.00496842570667039));
#1445=CARTESIAN_POINT('',(-0.00389999986499254,-0.0327405052026587,-0.00453825216561949));
#1446=CARTESIAN_POINT('',(-0.00436636851087145,-0.034415670025362,-0.00815056056191213));
#1447=CARTESIAN_POINT('',(-0.00426943603865863,-0.0343983731649842,-0.00884600082424901));
#1448=CARTESIAN_POINT('',(-0.00410564322180067,-0.0341029874001443,-0.00988150857866783));
#1449=CARTESIAN_POINT('',(-0.00390992508486298,-0.0333427030953514,-0.0109192135723198));
#1450=CARTESIAN_POINT('',(-0.00379592327121462,-0.0327728098662249,-0.0114517688669032));
#1451=CARTESIAN_POINT('',(-0.00369750190940763,-0.0321561332496185,-0.0118674615532337));
#1452=CARTESIAN_POINT('',(-0.00356961392411344,-0.0313471363033785,-0.0122296204191458));
#1453=CARTESIAN_POINT('',(-0.00340924965083489,-0.0303198074777998,-0.0124305117881537));
#1454=CARTESIAN_POINT('',(-0.003248739402721,-0.0292742104181577,-0.012368847974289));
#1455=CARTESIAN_POINT('',(-0.00311583284848722,-0.0284061402409141,-0.0121091621463324));
#1456=CARTESIAN_POINT('',(-0.00301877815931928,-0.0277463919183048,-0.011778000195648));
#1457=CARTESIAN_POINT('',(-0.00290761331255943,-0.0271206907723746,-0.0113310639947199));
#1458=CARTESIAN_POINT('',(-0.00276891489023775,-0.0264871792250986,-0.010671427313539));
#1459=CARTESIAN_POINT('',(-0.00260667820493908,-0.025950686970302,-0.00976761824752364));
#1460=CARTESIAN_POINT('',(-0.00244408635888519,-0.0256471440707352,-0.00871503263068045));
#1461=CARTESIAN_POINT('',(-0.00230963277947027,-0.0256003555699027,-0.00768901878819217));
#1462=CARTESIAN_POINT('',(-0.00214679892628051,-0.0258043007139927,-0.00661842216047879));
#1463=CARTESIAN_POINT('',(-0.00198456588729883,-0.026254346187793,-0.00566838206759948));
#1464=CARTESIAN_POINT('',(-0.0018459387145982,-0.0268245523126625,-0.00495163644278196));
#1465=CARTESIAN_POINT('',(-0.00173498117168488,-0.0274104968651302,-0.00444575394709759));
#1466=CARTESIAN_POINT('',(-0.00163791398379429,-0.0280371102950246,-0.00405604270295659));
#1467=CARTESIAN_POINT('',(-0.00150476202495383,-0.0288720136681219,-0.0037197473934152));
#1468=CARTESIAN_POINT('',(-0.00134422720691103,-0.0299070503200894,-0.00356109283302902));
#1469=CARTESIAN_POINT('',(-0.00118388928438349,-0.030948840922648,-0.00366505783799372));
#1470=CARTESIAN_POINT('',(-0.00105634840985308,-0.0317959702651291,-0.00395477419126458));
#1471=CARTESIAN_POINT('',(-0.000957765620910194,-0.0324440392834692,-0.00431038884050397));
#1472=CARTESIAN_POINT('',(-0.000843617978720152,-0.0330581923679344,-0.00478606595714282));
#1473=CARTESIAN_POINT('',(-0.000703793933423529,-0.033666131095462,-0.00547237614290501));
#1474=CARTESIAN_POINT('',(-0.000541631725713015,-0.0341654687885578,-0.00639740389143649));
#1475=CARTESIAN_POINT('',(-0.000383608950959992,-0.0344251085352858,-0.00745167999622413));
#1476=CARTESIAN_POINT('',(-0.000247996782703079,-0.0344341822906593,-0.0084797120064768));
#1477=CARTESIAN_POINT('',(-8.15180031078341E-5,-0.0341857305830394,-0.00955004767898298));
#1478=CARTESIAN_POINT('',(8.96426559548826E-5,-0.0336702990728531,-0.0105352661156969));
#1479=CARTESIAN_POINT('',(0.000255151901024865,-0.0329306918229977,-0.0113512543339576));
#1480=CARTESIAN_POINT('',(0.000390156078452546,-0.0320789160348112,-0.0119298719944806));
#1481=CARTESIAN_POINT('',(0.000549693147986415,-0.0310682170942384,-0.0123155196190782));
#1482=CARTESIAN_POINT('',(0.000711930959109075,-0.0300237558061946,-0.012432827652488));
#1483=CARTESIAN_POINT('',(0.000851372937432088,-0.0291123941593365,-0.0123244011001438));
#1484=CARTESIAN_POINT('',(0.000964742119703798,-0.0283696330749484,-0.0120900479968934));
#1485=CARTESIAN_POINT('',(0.00106251212383484,-0.0277062891378264,-0.0117586645343142));
#1486=CARTESIAN_POINT('',(0.001191911831447,-0.0269899317369344,-0.0112300903346413));
#1487=CARTESIAN_POINT('',(0.00135231289791478,-0.0263104569593676,-0.0104337127170259));
#1488=CARTESIAN_POINT('',(0.00151277427415673,-0.025850602339654,-0.00949278506225808));
#1489=CARTESIAN_POINT('',(0.00164452504832385,-0.0256506764753956,-0.00861134844739674));
#1490=CARTESIAN_POINT('',(0.0017416530421798,-0.0256143911120082,-0.00787451069438662));
#1491=CARTESIAN_POINT('',(0.00185369248844929,-0.0256962124794161,-0.00710765549925467));
#1492=CARTESIAN_POINT('',(0.0019926519217756,-0.0259597700817503,-0.00623133128007617));
#1493=CARTESIAN_POINT('',(0.00215490812570204,-0.0264836009482291,-0.00531997930096696));
#1494=CARTESIAN_POINT('',(0.00231645002599126,-0.0272496534189507,-0.00454000081473295));
#1495=CARTESIAN_POINT('',(0.00245094826105802,-0.0281195986090543,-0.00399452854314533));
#1496=CARTESIAN_POINT('',(0.00261492440453519,-0.0291548727646416,-0.00364556072987909));
#1497=CARTESIAN_POINT('',(0.00278607145428253,-0.0302637930620172,-0.00356540123637262));
#1498=CARTESIAN_POINT('',(0.00295374205721241,-0.0313509852309003,-0.00376626911723197));
#1499=CARTESIAN_POINT('',(0.00309056368207611,-0.0322950932936632,-0.00419099326991155));
#1500=CARTESIAN_POINT('',(0.00324642896124942,-0.033146275450969,-0.00484378725496816));
#1501=CARTESIAN_POINT('',(0.00341738948677016,-0.0338336558081135,-0.0057167758775956));
#1502=CARTESIAN_POINT('',(0.00358771042601663,-0.0342785289662117,-0.00673406711648445));
#1503=CARTESIAN_POINT('',(0.00373379204482465,-0.0344530225317703,-0.00777908181184074));
#1504=CARTESIAN_POINT('',(0.003878590258047,-0.0343849967436027,-0.00882294849557577));
#1505=CARTESIAN_POINT('',(0.00404878552688426,-0.0340481604621493,-0.0098794035711495));
#1506=CARTESIAN_POINT('',(0.0042197698322796,-0.033454367594576,-0.0108190678279958));
#1507=CARTESIAN_POINT('',(0.00437666729374339,-0.0326659756299599,-0.0115619792436572));
#1508=CARTESIAN_POINT('',(0.00451288919281171,-0.0317744688633042,-0.0120760362909553));
#1509=CARTESIAN_POINT('',(0.00468008541628321,-0.0307184346598325,-0.0123860697492965));
#1510=CARTESIAN_POINT('',(0.00485123677731098,-0.0296070765523074,-0.0124209170346256));
#1511=CARTESIAN_POINT('',(0.00501589374334315,-0.0285346817155877,-0.0121780257092204));
#1512=CARTESIAN_POINT('',(0.00515055694529812,-0.0276129765559969,-0.0117216482017061));
#1513=CARTESIAN_POINT('',(0.00531126059281408,-0.0267781245658532,-0.0110292531700144));
#1514=CARTESIAN_POINT('',(0.00547352272121688,-0.0261629625085029,-0.0101768963111063));
#1515=CARTESIAN_POINT('',(0.00561267740573903,-0.0258099087924599,-0.00933045425202016));
#1516=CARTESIAN_POINT('',(0.00572532271911286,-0.0256493011381259,-0.00856975896748373));
#1517=CARTESIAN_POINT('',(0.00582265104465797,-0.0256115285324542,-0.00783089828647496));
#1518=CARTESIAN_POINT('',(0.00595343434334279,-0.0257199343588912,-0.00694364909251061));
#1519=CARTESIAN_POINT('',(0.006113876441768,-0.026080063016731,-0.00596060270424866));
#1520=CARTESIAN_POINT('',(0.00627429263136256,-0.0266737261505384,-0.00509797361479436));
#1521=CARTESIAN_POINT('',(0.00640475971676035,-0.0273411938217095,-0.00449235587326702));
#1522=CARTESIAN_POINT('',(0.00650216879796669,-0.027964836751642,-0.00409821956394881));
#1523=CARTESIAN_POINT('',(0.00661499853952349,-0.0286747690986416,-0.00379167765142424));
#1524=CARTESIAN_POINT('',(0.00675423311070456,-0.0295680850223474,-0.00359066568830013));
#1525=CARTESIAN_POINT('',(0.0069164848092585,-0.0306192868489702,-0.00359936604506259));
#1526=CARTESIAN_POINT('',(0.00707690570864598,-0.0316727569475102,-0.00388262122581256));
#1527=CARTESIAN_POINT('',(0.00721163638891102,-0.0325757248496133,-0.00437169747926653));
#1528=CARTESIAN_POINT('',(0.00737651698501473,-0.0333900790156741,-0.00510335840822841));
#1529=CARTESIAN_POINT('',(0.00754767203555861,-0.0340045333225327,-0.00603000446101805));
#1530=CARTESIAN_POINT('',(0.00771469043262801,-0.034363206646671,-0.00707444011878505));
#1531=CARTESIAN_POINT('',(0.00785074430361581,-0.0344577016536058,-0.00810316336466891));
#1532=CARTESIAN_POINT('',(0.00800796651244333,-0.0343072866439772,-0.00916856094104702));
#1533=CARTESIAN_POINT('',(0.00817896683647306,-0.0338843852045976,-0.0101962119879231));
#1534=CARTESIAN_POINT('',(0.00834911314514468,-0.0332167558934433,-0.0110831038855947));
#1535=CARTESIAN_POINT('',(0.00849345039784984,-0.0323962319650597,-0.0117463281895179));
#1536=CARTESIAN_POINT('',(0.00864000350355067,-0.031450163601752,-0.0122024800416964));
#1537=CARTESIAN_POINT('',(0.00881036270632372,-0.030364013938402,-0.012427930872603));
#1538=CARTESIAN_POINT('',(0.00898130334185687,-0.0292539300107438,-0.0123722001303717));
#1539=CARTESIAN_POINT('',(0.00913683091282973,-0.0282222263176905,-0.0120516960897874));
#1540=CARTESIAN_POINT('',(0.00927385385689122,-0.0273348857712652,-0.0115277246487933));
#1541=CARTESIAN_POINT('',(0.00944168667332878,-0.026544837698618,-0.0107590901035154));
#1542=CARTESIAN_POINT('',(0.0096128275248681,-0.0259686915474897,-0.00980811231942083));
#1543=CARTESIAN_POINT('',(0.00977656517915569,-0.0256538679584533,-0.00875656012227186));
#1544=CARTESIAN_POINT('',(0.00991102930907651,-0.0255978026466392,-0.00773047588121829));
#1545=CARTESIAN_POINT('',(0.0100728410562497,-0.02579091118332,-0.00666044355580124));
#1546=CARTESIAN_POINT('',(0.0102351003173444,-0.0262313444949825,-0.00570592342975021));
#1547=CARTESIAN_POINT('',(0.0103739823728534,-0.0267947652380982,-0.00498307940370095));
#1548=CARTESIAN_POINT('',(0.010485819243133,-0.0273771298462426,-0.00447040679128847));
#1549=CARTESIAN_POINT('',(0.0105829136378997,-0.0280007797956253,-0.00407464594666758));
#1550=CARTESIAN_POINT('',(0.0107149528991533,-0.0288297154400804,-0.00373153972373347));
#1551=CARTESIAN_POINT('',(0.0108754398401073,-0.0298630027484686,-0.00356248056196354));
#1552=CARTESIAN_POINT('',(0.0110358146905705,-0.0309058865790839,-0.00365592681169938));
#1553=CARTESIAN_POINT('',(0.0111648707026134,-0.0317586772757882,-0.00393857751012716));
#1554=CARTESIAN_POINT('',(0.0112627685612681,-0.0324090912632997,-0.00428783386933424));
#1555=CARTESIAN_POINT('',(0.0113763038772393,-0.0330264961352463,-0.00475654780620577));
#1556=CARTESIAN_POINT('',(0.0115158281748596,-0.0336408042097582,-0.00543634080834462));
#1557=CARTESIAN_POINT('',(0.0116780481998183,-0.0341494907427636,-0.00635631680794704));
#1558=CARTESIAN_POINT('',(0.0118372898481696,-0.0344199275808698,-0.00741056400699943));
#1559=CARTESIAN_POINT('',(0.0119723948310336,-0.0344383676694534,-0.0084377335636729));
#1560=CARTESIAN_POINT('',(0.0121381126389188,-0.034200844597557,-0.00950857286733607));
#1561=CARTESIAN_POINT('',(0.0123092745476802,-0.0336953891508646,-0.0104989292085284));
#1562=CARTESIAN_POINT('',(0.0124755597668199,-0.0329628492609353,-0.0113233643216898));
#1563=CARTESIAN_POINT('',(0.0126110383572745,-0.0321151473070462,-0.0119106001042434));
#1564=CARTESIAN_POINT('',(0.0127693688114715,-0.0311108955292493,-0.0123047804816976));
#1565=CARTESIAN_POINT('',(0.0129315560354778,-0.0300678658121325,-0.0124326794762251));
#1566=CARTESIAN_POINT('',(0.0130712954387051,-0.029154794699081,-0.0123331589999809));
#1567=CARTESIAN_POINT('',(0.0131852951135357,-0.0284086484555005,-0.0121057585145987));
#1568=CARTESIAN_POINT('',(0.0132837037076502,-0.0277403965542049,-0.0117794862277694));
#1569=CARTESIAN_POINT('',(0.0134116151129947,-0.0270222750046148,-0.0112598187997236));
#1570=CARTESIAN_POINT('',(0.0135719795167403,-0.0263347515866124,-0.010470471661321));
#1571=CARTESIAN_POINT('',(0.0137324891440621,-0.0258654897131095,-0.00953406007593086));
#1572=CARTESIAN_POINT('',(0.0138653801685,-0.025656480289434,-0.00865244610527068));
#1573=CARTESIAN_POINT('',(0.0139624344458556,-0.0256134974259839,-0.00791551071503474));
#1574=CARTESIAN_POINT('',(0.014073612298043,-0.0256878126205564,-0.00715014609727128));
#1575=CARTESIAN_POINT('',(0.0142123143144856,-0.0259424476631473,-0.00627172052136702));
#1576=CARTESIAN_POINT('',(0.0143745515080772,-0.026457056446731,-0.00535527240424995));
#1577=CARTESIAN_POINT('',(0.0145371287023772,-0.0272169410405992,-0.00456623309046479));
#1578=CARTESIAN_POINT('',(0.0146715825161664,-0.0280821687445377,-0.00401282264494722));
#1579=CARTESIAN_POINT('',(0.0148344308348197,-0.0291113887138531,-0.00365427800897136));
#1580=CARTESIAN_POINT('',(0.0149966632601666,-0.0301591824793206,-0.00356916091717881));
#1581=CARTESIAN_POINT('',(0.0151352868764103,-0.0310649778167946,-0.00370472965224439));
#1582=CARTESIAN_POINT('',(0.0152462311589222,-0.0317959966275564,-0.0039593236467945));
#1583=CARTESIAN_POINT('',(0.015343299430691,-0.0324467517808056,-0.00430721299170092));
#1584=CARTESIAN_POINT('',(0.0154764665014949,-0.0331553990316255,-0.0048622354184748));
#1585=CARTESIAN_POINT('',(0.0156370020354795,-0.0338101988815279,-0.00567937215408619));
#1586=CARTESIAN_POINT('',(0.0157973394541907,-0.0342409181968702,-0.00663363337936653));
#1587=CARTESIAN_POINT('',(0.0159248576118956,-0.0344134527021087,-0.00751210450084434));
#1588=CARTESIAN_POINT('',(0.0160234517362908,-0.0344294195970209,-0.00825117560091044));
#1589=CARTESIAN_POINT('',(0.0161376075917828,-0.0343244371330532,-0.00902089390868353));
#1590=CARTESIAN_POINT('',(0.0162774360555564,-0.0340339175243267,-0.00989050650033483));
#1591=CARTESIAN_POINT('',(0.0164395972380965,-0.0334823589925224,-0.0107853781645073));
#1592=CARTESIAN_POINT('',(0.0165976020529115,-0.032699072618551,-0.0115372357313519));
#1593=CARTESIAN_POINT('',(0.0167332225282142,-0.0318132279416395,-0.012058999980064));
#1594=CARTESIAN_POINT('',(0.0168997117919221,-0.0307619933907712,-0.0123788613363715));
#1595=CARTESIAN_POINT('',(0.0170708723986461,-0.0296510466120823,-0.0124249323080176));
#1596=CARTESIAN_POINT('',(0.0172363699959868,-0.028574632635796,-0.012192259655613));
#1597=CARTESIAN_POINT('',(0.0173713683453425,-0.0276477236881367,-0.0117437956238736));
#1598=CARTESIAN_POINT('',(0.0175309223820013,-0.0268084553779029,-0.0110611870690856));
#1599=CARTESIAN_POINT('',(0.0176931607288214,-0.0261847553733773,-0.0102152180193826));
#1600=CARTESIAN_POINT('',(0.0178325985265136,-0.0258230983411597,-0.00937169994459009));
#1601=CARTESIAN_POINT('',(0.0179459580255281,-0.0256547845887804,-0.00861126761070507));
#1602=CARTESIAN_POINT('',(0.0180437203061656,-0.0256101976972338,-0.00787112462024628));
#1603=CARTESIAN_POINT('',(0.0181731405468018,-0.025709902252656,-0.0069864144568985));
#1604=CARTESIAN_POINT('',(0.0183335421688636,-0.0260599932112598,-0.00599983356286727));
#1605=CARTESIAN_POINT('',(0.0184940028769431,-0.0266450571090486,-0.00513120952327403));
#1606=CARTESIAN_POINT('',(0.018625736320846,-0.0273085012561622,-0.0045174661538506));
#1607=CARTESIAN_POINT('',(0.01872286685126,-0.0279285283114792,-0.00411770581777081));
#1608=CARTESIAN_POINT('',(0.0188349181084888,-0.0286336262172183,-0.00380522184415586));
#1609=CARTESIAN_POINT('',(0.018973881345078,-0.0295243616572208,-0.00359543370226551));
#1610=CARTESIAN_POINT('',(0.0191361376753896,-0.0305755326911618,-0.00359356061575051));
#1611=CARTESIAN_POINT('',(0.0192976640705637,-0.031633970082605,-0.00386713283572134));
#1612=CARTESIAN_POINT('',(0.0194321646141853,-0.0325412716362118,-0.00434791002692779));
#1613=CARTESIAN_POINT('',(0.0195961540599237,-0.0333610473823661,-0.00507013646304349));
#1614=CARTESIAN_POINT('',(0.0197673012561776,-0.0339847944004065,-0.00599050107888566));
#1615=CARTESIAN_POINT('',(0.0199349630748529,-0.0343542783121928,-0.00703250795935012));
#1616=CARTESIAN_POINT('',(0.0200717728022779,-0.0344583717494323,-0.00806247208451371));
#1617=CARTESIAN_POINT('',(0.0202276577854761,-0.0343184756925324,-0.00912604257168429));
#1618=CARTESIAN_POINT('',(0.0203986189071502,-0.0339059853369309,-0.0101577679373457));
#1619=CARTESIAN_POINT('',(0.0205689378513226,-0.0332472918037361,-0.0110515866469681));
#1620=CARTESIAN_POINT('',(0.0207149937408165,-0.0324294909646999,-0.0117250607547801));
#1621=CARTESIAN_POINT('',(0.0208598172492758,-0.0314913478795061,-0.0121879860287637));
#1622=CARTESIAN_POINT('',(0.0210300149691757,-0.0304079717796451,-0.0124243479039072));
#1623=CARTESIAN_POINT('',(0.0212009987822557,-0.0292973094469501,-0.0123797796086467));
#1624=CARTESIAN_POINT('',(0.0213578772092375,-0.0282598152663616,-0.012068336145134));
#1625=CARTESIAN_POINT('',(0.0214941094899741,-0.0273689278623452,-0.011553171350851));
#1626=CARTESIAN_POINT('',(0.0216613152244902,-0.0265725040354992,-0.0107935055519901));
#1627=CARTESIAN_POINT('',(0.0218324664697118,-0.0259867837463268,-0.00984837977223488));
#1628=CARTESIAN_POINT('',(0.0219971108458462,-0.0256610928600904,-0.00879819137882103));
#1629=CARTESIAN_POINT('',(0.0221317702301598,-0.0255956106630017,-0.00777178879981692));
#1630=CARTESIAN_POINT('',(0.0222924900190989,-0.0257779706933119,-0.00670257466012686));
#1631=CARTESIAN_POINT('',(0.0224547522971947,-0.0262086928637366,-0.00574371178100879));
#1632=CARTESIAN_POINT('',(0.0225939030082504,-0.0267653045710366,-0.00501482390650529));
#1633=CARTESIAN_POINT('',(0.0227065374353244,-0.0273438391543665,-0.00449548110811382));
#1634=CARTESIAN_POINT('',(0.0228038609857583,-0.0279648604181667,-0.00409343110306915));
#1635=CARTESIAN_POINT('',(0.0229346630095305,-0.0287875359278496,-0.00374378096196385));
#1636=CARTESIAN_POINT('',(0.0230951057180452,-0.0298189708363294,-0.00356428878227339));
#1637=CARTESIAN_POINT('',(0.0232555212936954,-0.0308628475379805,-0.00364725228680843));
#1638=CARTESIAN_POINT('',(0.0233859692363696,-0.0317209870080331,-0.00392259436631557));
#1639=CARTESIAN_POINT('',(0.0234833838036987,-0.0323740990637682,-0.00426570386299883));
#1640=CARTESIAN_POINT('',(0.0235962241557829,-0.0329944971145021,-0.0047273547687794));
#1641=CARTESIAN_POINT('',(0.0237354627384581,-0.0336151454503916,-0.00540057806577071));
#1642=CARTESIAN_POINT('',(0.0238977141772693,-0.0341330792174512,-0.00631537131509458));
#1643=CARTESIAN_POINT('',(0.0240581187419271,-0.0344143517792225,-0.00736933668433928));
#1644=CARTESIAN_POINT('',(0.024192853741903,-0.0344421485645434,-0.00839587535330692));
#1645=CARTESIAN_POINT('',(0.0243577467021161,-0.0342155317834398,-0.00946695563020251));
#1646=CARTESIAN_POINT('',(0.0245289018323548,-0.0337201150489224,-0.0104623401878581));
#1647=CARTESIAN_POINT('',(0.02469591048229,-0.0329948373394176,-0.0112950597637451));
#1648=CARTESIAN_POINT('',(0.0248319544809065,-0.0321511295289381,-0.0118911290242846));
#1649=CARTESIAN_POINT('',(0.0249891954997554,-0.0311531634448339,-0.0122934452072844));
#1650=CARTESIAN_POINT('',(0.0251601963566474,-0.0300517175610038,-0.0124408679637801));
#1651=CARTESIAN_POINT('',(0.0253303396883537,-0.0289498559215541,-0.0123059691523226));
#1652=CARTESIAN_POINT('',(0.0254746531710351,-0.0279653313648558,-0.0119268789448396));
#1653=CARTESIAN_POINT('',(0.0256212307965039,-0.0270972873304411,-0.0113354881218358));
#1654=CARTESIAN_POINT('',(0.0257915921990512,-0.026359083211508,-0.0105074679981596));
#1655=CARTESIAN_POINT('',(0.025962532083399,-0.0258524494494916,-0.00951816953003367));
#1656=CARTESIAN_POINT('',(0.0261180397822392,-0.0256143165874008,-0.00846444472175069));
#1657=CARTESIAN_POINT('',(0.0262550751169061,-0.0256245544869079,-0.00743397868300165));
#1658=CARTESIAN_POINT('',(0.0264229164830922,-0.0258953452947089,-0.00636547657341621));
#1659=CARTESIAN_POINT('',(0.0265940571511038,-0.0264309846130813,-0.00539110855712294));
#1660=CARTESIAN_POINT('',(0.0267577812804469,-0.0271843373413469,-0.00459281391866823));
#1661=CARTESIAN_POINT('',(0.0268922436043771,-0.0280449848767942,-0.0040313365126803));
#1662=CARTESIAN_POINT('',(0.0270540706600784,-0.0290683005709568,-0.00366368669869922));
#1663=CARTESIAN_POINT('',(0.0272163296845507,-0.030115170457751,-0.0035680053951797));
#1664=CARTESIAN_POINT('',(0.0273552079759296,-0.0310228553354149,-0.003694648540262));
#1665=CARTESIAN_POINT('',(0.0274670327617175,-0.0317579678533695,-0.00394274944618375));
#1666=CARTESIAN_POINT('',(0.0275641253315336,-0.0324124750145411,-0.00428504500894056));
#1667=CARTESIAN_POINT('',(0.0276961815019754,-0.0331240422411389,-0.00483149556808909));
#1668=CARTESIAN_POINT('',(0.0278566691067118,-0.033786978442312,-0.00564191651714849));
#1669=CARTESIAN_POINT('',(0.0280170433982726,-0.0342273550465449,-0.00659186613271655));
#1670=CARTESIAN_POINT('',(0.0281460784633708,-0.0344088384150171,-0.00747171293797747));
#1671=CARTESIAN_POINT('',(0.0282439847554303,-0.03443148442078,-0.00820962977125918));
#1672=CARTESIAN_POINT('',(0.0283575294768266,-0.034334158709745,-0.0089786865736695));
#1673=CARTESIAN_POINT('',(0.0284970579919873,-0.0340524673725627,-0.00985055732721384));
#1674=CARTESIAN_POINT('',(0.028659277371476,-0.0335099572779615,-0.0107510016523918));
#1675=CARTESIAN_POINT('',(0.0288185018628391,-0.0327320910391186,-0.0115121966175586));
#1676=CARTESIAN_POINT('',(0.0289536131748471,-0.0318516794196549,-0.0120416396338724));
#1677=CARTESIAN_POINT('',(0.0291193424022106,-0.0308054698879367,-0.0123712193882836));
#1678=CARTESIAN_POINT('',(0.0292905043263454,-0.029695059760592,-0.0124284989380357));
#1679=CARTESIAN_POINT('',(0.0294567788306384,-0.0286148608484603,-0.0122061685398561));
#1680=CARTESIAN_POINT('',(0.029592249613829,-0.0276825284864068,-0.0117655426342462));
#1681=CARTESIAN_POINT('',(0.0297505978416012,-0.026839090617929,-0.0110927830081856));
#1682=CARTESIAN_POINT('',(0.0299127859813784,-0.0262069331757867,-0.0102533471330927));
#1683=CARTESIAN_POINT('',(0.0300525210019225,-0.0258367080130762,-0.00941280096881674));
#1684=CARTESIAN_POINT('',(0.030166512183767,-0.0256606805971974,-0.00865290930717466));
#1685=CARTESIAN_POINT('',(0.0302649101507632,-0.0256092143428483,-0.007911077325798));
#1686=CARTESIAN_POINT('',(0.0303928438629414,-0.0257003217652312,-0.00702928728491471));
#1687=CARTESIAN_POINT('',(0.0305532087677536,-0.0260403008900252,-0.00603925016461938));
#1688=CARTESIAN_POINT('',(0.0307137176742582,-0.0266167503356578,-0.00516473573461548));
#1689=CARTESIAN_POINT('',(0.0308465931625384,-0.0272758114467836,-0.00454303461021963));
#1690=CARTESIAN_POINT('',(0.0309436470677191,-0.0278925693646052,-0.00413742851921727));
#1691=CARTESIAN_POINT('',(0.0310548379091486,-0.0285926262459812,-0.00381918661429089));
#1692=CARTESIAN_POINT('',(0.0311935435223308,-0.0294807211067071,-0.00360062062583362));
#1693=CARTESIAN_POINT('',(0.0313557812188377,-0.0305316968195066,-0.00358821246209948));
#1694=CARTESIAN_POINT('',(0.0315183437495141,-0.0315949002164283,-0.00385191489661372));
#1695=CARTESIAN_POINT('',(0.031652797825907,-0.0325067146697557,-0.00432463592404266));
#1696=CARTESIAN_POINT('',(0.0318156605981447,-0.0333317608102465,-0.00503683256079922));
#1697=CARTESIAN_POINT('',(0.0319778924043478,-0.0339292455703458,-0.00590177661601777));
#1698=CARTESIAN_POINT('',(0.0321165124671554,-0.0342646121069978,-0.00675404308465178));
#1699=CARTESIAN_POINT('',(0.0322274434723693,-0.0344095263733081,-0.00751441462810561));
#1700=CARTESIAN_POINT('',(0.0323245128699064,-0.0344335263888466,-0.00825192627618732));
#1701=CARTESIAN_POINT('',(0.0324576950267426,-0.0343070579868483,-0.00914316647973407));
#1702=CARTESIAN_POINT('',(0.0326182312774149,-0.0339266549561942,-0.0101187544942987));
#1703=CARTESIAN_POINT('',(0.032778568193109,-0.0333154769866759,-0.0109688088110143));
#1704=CARTESIAN_POINT('',(0.0329060636085665,-0.0326409213463273,-0.0115573410783997));
#1705=CARTESIAN_POINT('',(0.0330046691101768,-0.0320087852990408,-0.011940630782213));
#1706=CARTESIAN_POINT('',(0.0331188331617751,-0.0312896366734136,-0.0122344804788258));
#1707=CARTESIAN_POINT('',(0.0332586660469033,-0.03039123530496,-0.0124175630588107));
#1708=CARTESIAN_POINT('',(0.0334208261988099,-0.0293404799947317,-0.012387182065566));
#1709=CARTESIAN_POINT('',(0.0335788130421794,-0.0282977879181577,-0.0120846313057612));
#1710=CARTESIAN_POINT('',(0.0337144418529887,-0.0274030597277817,-0.0115782254417115));
#1711=CARTESIAN_POINT('',(0.0338809415873023,-0.0266005211342191,-0.0108276284965094));
#1712=CARTESIAN_POINT('',(0.0340521021407125,-0.0260052855454744,-0.0098884692252037));
#1713=CARTESIAN_POINT('',(0.0342175880769284,-0.0256687353284314,-0.00883990570679012));
#1714=CARTESIAN_POINT('',(0.0343525806267327,-0.0255937985588371,-0.00781295653766049));
#1715=CARTESIAN_POINT('',(0.0345121516188519,-0.0257654741308151,-0.00674480744968861));
#1716=CARTESIAN_POINT('',(0.0346743904958775,-0.0261863965782319,-0.00578174235795441));
#1717=CARTESIAN_POINT('',(0.0348138241159075,-0.0267361747285045,-0.00504686500317219));
#1718=CARTESIAN_POINT('',(0.0349271739144708,-0.0273106320861708,-0.00452097813969993));
#1719=CARTESIAN_POINT('',(0.035024928513704,-0.027929352042287,-0.00411238931170217));
#1720=CARTESIAN_POINT('',(0.0351543692595968,-0.0287454822587514,-0.00375646909941962));
#1721=CARTESIAN_POINT('',(0.0353147714491758,-0.0297749600141145,-0.00356651750102704));
#1722=CARTESIAN_POINT('',(0.0354752314489647,-0.0308197331576826,-0.00363903448776023));
#1723=CARTESIAN_POINT('',(0.0356069476570959,-0.0316828940945747,-0.00390683653491124));
#1724=CARTESIAN_POINT('',(0.0357040805338766,-0.032339079769522,-0.00424399220042039));
#1725=CARTESIAN_POINT('',(0.0358161442857799,-0.0329621613535996,-0.00469850948076309));
#1726=CARTESIAN_POINT('',(0.0360106896498541,-0.0338404978149952,-0.00563147404910613));
#1727=CARTESIAN_POINT('',(0.0361755948765904,-0.0342638500022586,-0.0066266570851162));
#1728=CARTESIAN_POINT('',(0.0362743767679165,-0.0343658790079246,-0.00732345514615431));
#1729=CARTESIAN_POINT('',(-0.00462721859121458,-0.0347497625583747,-0.00823038158090679));
#1730=CARTESIAN_POINT('',(-0.00453019145649679,-0.0347202684321186,-0.00897936443540201));
#1731=CARTESIAN_POINT('',(-0.00436633860284737,-0.0343857844862125,-0.0100898089757026));
#1732=CARTESIAN_POINT('',(-0.00417068116133932,-0.0335511581206265,-0.0111948150477178));
#1733=CARTESIAN_POINT('',(-0.00405677294408358,-0.0329296830614908,-0.0117589434515455));
#1734=CARTESIAN_POINT('',(-0.00395843166656891,-0.0322597233165236,-0.0121967411134959));
#1735=CARTESIAN_POINT('',(-0.00383033861709168,-0.0313820601847371,-0.0125744729774045));
#1736=CARTESIAN_POINT('',(-0.00366997070808904,-0.0302728436890278,-0.0127745500752999));
#1737=CARTESIAN_POINT('',(-0.00350946542565634,-0.0291481576256447,-0.0126916981822933));
#1738=CARTESIAN_POINT('',(-0.00337672838050531,-0.0282184974289377,-0.0123989226264258));
#1739=CARTESIAN_POINT('',(-0.00327965108650959,-0.0275132006174111,-0.012032133301929));
#1740=CARTESIAN_POINT('',(-0.00316836868729735,-0.0268460337923259,-0.0115407903069118));
#1741=CARTESIAN_POINT('',(-0.00302963434430894,-0.0261742383120685,-0.0108205202459321));
#1742=CARTESIAN_POINT('',(-0.00286739533739242,-0.0256108883115163,-0.00983901668518629));
#1743=CARTESIAN_POINT('',(-0.00270495448663988,-0.0253007118808554,-0.0087018540512949));
#1744=CARTESIAN_POINT('',(-0.00257048088175323,-0.0252661850466757,-0.0075963911345826));
#1745=CARTESIAN_POINT('',(-0.0024075130264926,-0.0255027045726495,-0.00644626918175048));
#1746=CARTESIAN_POINT('',(-0.00224528990967588,-0.0260021518779162,-0.00543057834438033));
#1747=CARTESIAN_POINT('',(-0.00210669418050214,-0.0266272058387499,-0.00466802811831593));
#1748=CARTESIAN_POINT('',(-0.00199587861707425,-0.0272652800868295,-0.00413296420416161));
#1749=CARTESIAN_POINT('',(-0.00189877417066419,-0.0279461038774901,-0.0037229682710397));
#1750=CARTESIAN_POINT('',(-0.00176548998182074,-0.0288509154497367,-0.0033737467012391));
#1751=CARTESIAN_POINT('',(-0.00160494884243515,-0.0299677742717822,-0.00321919847032334));
#1752=CARTESIAN_POINT('',(-0.00144461318478017,-0.0310876991414803,-0.00334759740192711));
#1753=CARTESIAN_POINT('',(-0.00131731403395006,-0.0319940306810909,-0.00367208746544284));
#1754=CARTESIAN_POINT('',(-0.00121859156349183,-0.0326869152015314,-0.00406538949540422));
#1755=CARTESIAN_POINT('',(-0.00110437470138599,-0.0333409452639,-0.00458737619324737));
#1756=CARTESIAN_POINT('',(-0.000964506192914406,-0.0339848395554562,-0.00533598051703702));
#1757=CARTESIAN_POINT('',(-0.000802356404426407,-0.0345077897106531,-0.00633968738319101));
#1758=CARTESIAN_POINT('',(-0.00064451767940401,-0.0347707462739883,-0.00747778322472926));
#1759=CARTESIAN_POINT('',(-0.000508805358805021,-0.0347645965257437,-0.00858527382349051));
#1760=CARTESIAN_POINT('',(-0.000342233277077868,-0.0344801643329618,-0.00973419196957813));
#1761=CARTESIAN_POINT('',(-0.000171073414985457,-0.0339097235086863,-0.0107867480123607));
#1762=CARTESIAN_POINT('',(-5.68612160445003E-6,-0.0331011585860733,-0.0116532036725482));
#1763=CARTESIAN_POINT('',(0.000129278243381292,-0.032175368549939,-0.0122628900601185));
#1764=CARTESIAN_POINT('',(0.000288974456757068,-0.0310803882292432,-0.0126625553122761));
#1765=CARTESIAN_POINT('',(0.000451213422609425,-0.0299540626008619,-0.0127723853040298));
#1766=CARTESIAN_POINT('',(0.000590617426077409,-0.028974788797564,-0.0126413712500044));
#1767=CARTESIAN_POINT('',(0.000703880530730685,-0.0281793216265595,-0.0123776864491611));
#1768=CARTESIAN_POINT('',(0.000801599967408565,-0.0274705109989828,-0.0120108134202208));
#1769=CARTESIAN_POINT('',(0.00093118651380282,-0.0267067118774711,-0.0114299319580745));
#1770=CARTESIAN_POINT('',(0.00109159191393448,-0.0259877214202607,-0.0105618191577301));
#1771=CARTESIAN_POINT('',(0.00125204898966776,-0.0255074887216658,-0.00954159428695524));
#1772=CARTESIAN_POINT('',(0.00138361202958741,-0.0253061072084963,-0.00859053729624864));
#1773=CARTESIAN_POINT('',(0.0014807920379917,-0.025278428251073,-0.00779638882894045));
#1774=CARTESIAN_POINT('',(0.00159293696682813,-0.0253785894340934,-0.0069714928695033));
#1775=CARTESIAN_POINT('',(0.00173193448155657,-0.0256761728036621,-0.00603198942278985));
#1776=CARTESIAN_POINT('',(0.00189418934759448,-0.0262544925962642,-0.00505909546935754));
#1777=CARTESIAN_POINT('',(0.00205557169637163,-0.0270907565531697,-0.00423189622648236));
#1778=CARTESIAN_POINT('',(0.00219011072067894,-0.0280359820124529,-0.00365796206606641));
#1779=CARTESIAN_POINT('',(0.0023542083667268,-0.0291566720768894,-0.0032983062947533));
#1780=CARTESIAN_POINT('',(0.00252535614221342,-0.0303518059960483,-0.00322948584473323));
#1781=CARTESIAN_POINT('',(0.00269293314483266,-0.0315186316117781,-0.00346267784855298));
#1782=CARTESIAN_POINT('',(0.00282965496130694,-0.0325280391787632,-0.00393426978902478));
#1783=CARTESIAN_POINT('',(0.00298570625129306,-0.0334350244912602,-0.00465100347994076));
#1784=CARTESIAN_POINT('',(0.00315667092565658,-0.0341613262026305,-0.00560172223428024));
#1785=CARTESIAN_POINT('',(0.00332696548828657,-0.0346241759101825,-0.0067038075776486));
#1786=CARTESIAN_POINT('',(0.00347280944925183,-0.0347957730254702,-0.00783029163977171));
#1787=CARTESIAN_POINT('',(0.00361785138923258,-0.0347062120692878,-0.00895441335850088));
#1788=CARTESIAN_POINT('',(0.00378806668147248,-0.0343268659532416,-0.010086592640961));
#1789=CARTESIAN_POINT('',(0.00395904530340739,-0.0336728063157328,-0.0110888416765363));
#1790=CARTESIAN_POINT('',(0.00411574759438008,-0.0328132781465135,-0.0118757348934451));
#1791=CARTESIAN_POINT('',(0.00425209028102564,-0.0318449269325819,-0.0124156960775046));
#1792=CARTESIAN_POINT('',(0.00441937006652447,-0.0307026774265105,-0.0127329917022282));
#1793=CARTESIAN_POINT('',(0.00459052016496253,-0.0295056503185799,-0.0127529903767665));
#1794=CARTESIAN_POINT('',(0.00475504581653363,-0.0283555876501289,-0.0124749169779045));
#1795=CARTESIAN_POINT('',(0.0048896891304533,-0.0273704016948241,-0.011969389427861));
#1796=CARTESIAN_POINT('',(0.00505054358800062,-0.0264818189605908,-0.0112103362620532));
#1797=CARTESIAN_POINT('',(0.00521280315356008,-0.025832968956686,-0.0102830048485574));
#1798=CARTESIAN_POINT('',(0.00535192203604565,-0.0254662388018175,-0.00936635233703178));
#1799=CARTESIAN_POINT('',(0.00546444920262964,-0.0253052713226623,-0.00854551765608804));
#1800=CARTESIAN_POINT('',(0.00556175637161714,-0.0252760091837668,-0.00774957974331331));
#1801=CARTESIAN_POINT('',(0.00569270827933269,-0.0254067250904209,-0.00679513759054262));
#1802=CARTESIAN_POINT('',(0.0058531553823294,-0.0258099310912619,-0.00574242703639543));
#1803=CARTESIAN_POINT('',(0.00601356794787686,-0.0264626657855601,-0.00482311206180452));
#1804=CARTESIAN_POINT('',(0.00614382914102763,-0.0271897806700147,-0.00418215171750313));
#1805=CARTESIAN_POINT('',(0.00624131962924088,-0.0278676988313656,-0.00376723466081274));
#1806=CARTESIAN_POINT('',(0.00635424274245642,-0.0286372901732254,-0.00344813450952735));
#1807=CARTESIAN_POINT('',(0.00649351755003982,-0.0296024048577781,-0.00324571483757189));
#1808=CARTESIAN_POINT('',(0.00665576419515621,-0.0307339614199848,-0.00327166246597248));
#1809=CARTESIAN_POINT('',(0.00681601727391428,-0.0318628573356831,-0.00359274567401278));
#1810=CARTESIAN_POINT('',(0.00695080864956701,-0.032827737496829,-0.00413342442231352));
#1811=CARTESIAN_POINT('',(0.00711580134602782,-0.0336934357260671,-0.00493433767368585));
#1812=CARTESIAN_POINT('',(0.00728695661493144,-0.0343403517581683,-0.00594165264025296));
#1813=CARTESIAN_POINT('',(0.00745387186445838,-0.0347099742262416,-0.00707117767714244));
#1814=CARTESIAN_POINT('',(0.00758984602987746,-0.034795810780857,-0.00817974857895422));
#1815=CARTESIAN_POINT('',(0.00774724518461781,-0.0346170647945417,-0.00932536569583961));
#1816=CARTESIAN_POINT('',(0.00791824917345447,-0.0341455635009607,-0.0104251009471466));
#1817=CARTESIAN_POINT('',(0.00808835939624448,-0.0334129491100296,-0.0113692470880965));
#1818=CARTESIAN_POINT('',(0.00823247855385209,-0.0325202899542576,-0.0120699300591669));
#1819=CARTESIAN_POINT('',(0.0083792673896974,-0.0314934725558457,-0.0125468641388317));
#1820=CARTESIAN_POINT('',(0.00854964421712458,-0.0303204608128195,-0.0127724702493797));
#1821=CARTESIAN_POINT('',(0.00872057672881241,-0.0291262804448583,-0.0126949790132098));
#1822=CARTESIAN_POINT('',(0.00887590073708496,-0.0280215459203256,-0.0123342900529365));
#1823=CARTESIAN_POINT('',(0.00901306434865281,-0.0270736773594728,-0.0117560247068307));
#1824=CARTESIAN_POINT('',(0.00918097114302867,-0.02623491719789,-0.0109157881875971));
#1825=CARTESIAN_POINT('',(0.00935211021655777,-0.0256296347522265,-0.00988289692094907));
#1826=CARTESIAN_POINT('',(0.00951570725866113,-0.0253073028761843,-0.00874661136473195));
#1827=CARTESIAN_POINT('',(0.00965017142848647,-0.0252627890137929,-0.00764103904182562));
#1828=CARTESIAN_POINT('',(0.00981212559483611,-0.0254876209802335,-0.00649130367691545));
#1829=CARTESIAN_POINT('',(0.00997437857475461,-0.0259768080497734,-0.0054706265704371));
#1830=CARTESIAN_POINT('',(0.0101132270175363,-0.0265946401399319,-0.00470140767186533));
#1831=CARTESIAN_POINT('',(0.0102249337156857,-0.027229032435314,-0.00415895598725821));
#1832=CARTESIAN_POINT('',(0.0103220363718697,-0.0279066166143761,-0.00374247715138974));
#1833=CARTESIAN_POINT('',(0.0104542259502151,-0.0288051954242038,-0.00338576767975957));
#1834=CARTESIAN_POINT('',(0.0106147185614054,-0.0299203321044253,-0.00322000652290364));
#1835=CARTESIAN_POINT('',(0.0107750904696176,-0.0310415992082059,-0.00333708229883512));
#1836=CARTESIAN_POINT('',(0.0109039225059498,-0.0319542116488339,-0.00365412766154405));
#1837=CARTESIAN_POINT('',(0.0110019311360118,-0.0326495882233439,-0.00404052603281573));
#1838=CARTESIAN_POINT('',(0.0111155476770533,-0.0333072902224246,-0.00455509816332711));
#1839=CARTESIAN_POINT('',(0.011255114348485,-0.033958131871877,-0.00529678123930077));
#1840=CARTESIAN_POINT('',(0.0114173256082414,-0.0344912418763976,-0.00629521098760445));
#1841=CARTESIAN_POINT('',(0.0115763912303905,-0.0347658036596039,-0.00743349320055601));
#1842=CARTESIAN_POINT('',(0.0117115767935142,-0.034769763377615,-0.00854009281662302));
#1843=CARTESIAN_POINT('',(0.0118773972521814,-0.0344970911546095,-0.00968977769844924));
#1844=CARTESIAN_POINT('',(0.0120485588816064,-0.0339373073941569,-0.0107480260633734));
#1845=CARTESIAN_POINT('',(0.01221473141053,-0.0331361696003689,-0.0116237072194171));
#1846=CARTESIAN_POINT('',(0.0123501505652371,-0.0322147236649456,-0.0122426774142839));
#1847=CARTESIAN_POINT('',(0.0125086483181224,-0.0311265151284186,-0.01265166781573));
#1848=CARTESIAN_POINT('',(0.0126708403599083,-0.0300015445103156,-0.0127729149710978));
#1849=CARTESIAN_POINT('',(0.0128105396628969,-0.0290202999201957,-0.012651471444801));
#1850=CARTESIAN_POINT('',(0.0129244451969894,-0.0282210250123183,-0.0123951755938511));
#1851=CARTESIAN_POINT('',(0.0130227742472007,-0.0275069929834276,-0.0120338071667181));
#1852=CARTESIAN_POINT('',(0.0131508903955148,-0.0267410567955827,-0.011462449829348));
#1853=CARTESIAN_POINT('',(0.0133112584663406,-0.026013305016965,-0.0106017731047255));
#1854=CARTESIAN_POINT('',(0.0134717631315543,-0.0255228596073427,-0.00958627129542623));
#1855=CARTESIAN_POINT('',(0.0136044843888451,-0.0253117214891069,-0.0086347774745654));
#1856=CARTESIAN_POINT('',(0.0137015616885073,-0.025276826013409,-0.00784058175357557));
#1857=CARTESIAN_POINT('',(0.0138128569221086,-0.0253688745214114,-0.00701710428649512));
#1858=CARTESIAN_POINT('',(0.0139515948901947,-0.0256568870036534,-0.00607521128558602));
#1859=CARTESIAN_POINT('',(0.0141138343523819,-0.0262253613503792,-0.00509666437554367));
#1860=CARTESIAN_POINT('',(0.0142762604336465,-0.0270551791744451,-0.00425960323642202));
#1861=CARTESIAN_POINT('',(0.014410734552278,-0.0279953473972928,-0.00367709642109936));
#1862=CARTESIAN_POINT('',(0.0145737167536641,-0.0291097292849202,-0.00330701128447025));
#1863=CARTESIAN_POINT('',(0.0147359392038453,-0.030239077442504,-0.00323186377027173));
#1864=CARTESIAN_POINT('',(0.0148745314080237,-0.0312119606420808,-0.00339203936797836));
#1865=CARTESIAN_POINT('',(0.0149853335413538,-0.0319943093300698,-0.00367719374739616));
#1866=CARTESIAN_POINT('',(0.0150824394891707,-0.0326897334799617,-0.00406189502093933));
#1867=CARTESIAN_POINT('',(0.015215738529129,-0.0334445225750525,-0.00467100464687932));
#1868=CARTESIAN_POINT('',(0.0153762803937974,-0.0341366670466538,-0.00556106004643857));
#1869=CARTESIAN_POINT('',(0.0155366155574291,-0.034585281232396,-0.00659520713122354));
#1870=CARTESIAN_POINT('',(0.0156638917364393,-0.0347572928243124,-0.00754233050993657));
#1871=CARTESIAN_POINT('',(0.0157626259583723,-0.0347630213038923,-0.00833905898181918));
#1872=CARTESIAN_POINT('',(0.0158768508606851,-0.0346378634199985,-0.00916646440733728));
#1873=CARTESIAN_POINT('',(0.0160167238175921,-0.0343113641086386,-0.0100983581758753));
#1874=CARTESIAN_POINT('',(0.0161788725283322,-0.033703465100517,-0.0110530098225805));
#1875=CARTESIAN_POINT('',(0.0163366931783518,-0.0328492441242902,-0.0118496380623126));
#1876=CARTESIAN_POINT('',(0.0164724140876184,-0.0318869686994263,-0.0123979386218349));
#1877=CARTESIAN_POINT('',(0.0166389965185477,-0.0307496869265845,-0.0127259188886057));
#1878=CARTESIAN_POINT('',(0.0168101563208511,-0.029552921495967,-0.0127580067275039));
#1879=CARTESIAN_POINT('',(0.0169755318334602,-0.028398329828859,-0.0124908387067037));
#1880=CARTESIAN_POINT('',(0.0171104906530933,-0.0274075136977697,-0.0119938025773641));
#1881=CARTESIAN_POINT('',(0.0172702037157156,-0.0265139727509216,-0.0112452033357593));
#1882=CARTESIAN_POINT('',(0.0174324431644945,-0.0258558276307943,-0.0103245937643005));
#1883=CARTESIAN_POINT('',(0.0175718430180619,-0.0254797860538287,-0.00941096679196362));
#1884=CARTESIAN_POINT('',(0.0176850962678257,-0.0253105296933759,-0.00859022608077325));
#1885=CARTESIAN_POINT('',(0.017782808398454,-0.0252739515150254,-0.00779296383854898));
#1886=CARTESIAN_POINT('',(0.0179124152195312,-0.0253952450151855,-0.00684101474248554));
#1887=CARTESIAN_POINT('',(0.0180728211848185,-0.025787712764239,-0.00578435067607993));
#1888=CARTESIAN_POINT('',(0.0182332776019557,-0.0264312693851468,-0.00485843870717614));
#1889=CARTESIAN_POINT('',(0.0183648230533317,-0.0271542801078936,-0.00420863482347479));
#1890=CARTESIAN_POINT('',(0.0184620060157222,-0.0278282474943126,-0.00378767853897886));
#1891=CARTESIAN_POINT('',(0.0185741625838499,-0.0285927834101025,-0.00346206508555637));
#1892=CARTESIAN_POINT('',(0.0187131639325558,-0.0295552475913224,-0.00325016466222706));
#1893=CARTESIAN_POINT('',(0.0188754188722111,-0.0306869574457322,-0.00326472116570955));
#1894=CARTESIAN_POINT('',(0.0190367855980448,-0.031821386891947,-0.0035754970442406));
#1895=CARTESIAN_POINT('',(0.0191713272136312,-0.0327909718617556,-0.00410724688925802));
#1896=CARTESIAN_POINT('',(0.0193354380287868,-0.03366270292207,-0.00489811064326417));
#1897=CARTESIAN_POINT('',(0.019506585943581,-0.0343197251633264,-0.00589881280703255));
#1898=CARTESIAN_POINT('',(0.0196741540261299,-0.034701019854769,-0.00702594595548384));
#1899=CARTESIAN_POINT('',(0.0198108642303259,-0.0347971641390382,-0.00813589292233913));
#1900=CARTESIAN_POINT('',(0.0199669350961251,-0.0346297840570297,-0.00927975926300788));
#1901=CARTESIAN_POINT('',(0.0201379003597988,-0.0341694275069433,-0.0103840497131035));
#1902=CARTESIAN_POINT('',(0.020308192789407,-0.0334462806107498,-0.0113358236068159));
#1903=CARTESIAN_POINT('',(0.0204540112982055,-0.0325564752232435,-0.0120475130107987));
#1904=CARTESIAN_POINT('',(0.0205990784205054,-0.0315380547555131,-0.0125319060260733));
#1905=CARTESIAN_POINT('',(0.0207692961298327,-0.0303678441667897,-0.0127693027398089));
#1906=CARTESIAN_POINT('',(0.0209402742247681,-0.0291728517203778,-0.0127038220483616));
#1907=CARTESIAN_POINT('',(0.0210969573616011,-0.0280617088942084,-0.0123527555132157));
#1908=CARTESIAN_POINT('',(0.0212333107124691,-0.0271099703584942,-0.0117839837608445));
#1909=CARTESIAN_POINT('',(0.0214005998731835,-0.0262641592718867,-0.0109532762303171));
#1910=CARTESIAN_POINT('',(0.0215717498484879,-0.0256484756448861,-0.00992653032058855));
#1911=CARTESIAN_POINT('',(0.0217362627777962,-0.0253144316155335,-0.00879149013500923));
#1912=CARTESIAN_POINT('',(0.0218709025569544,-0.0252597845016933,-0.00768553757672097));
#1913=CARTESIAN_POINT('',(0.0220317730372008,-0.0254730190246993,-0.00653646428081324));
#1914=CARTESIAN_POINT('',(0.0221940326996646,-0.0259518366404869,-0.00551094661097144));
#1915=CARTESIAN_POINT('',(0.0223331476396512,-0.0265624205090229,-0.00473511749511006));
#1916=CARTESIAN_POINT('',(0.0224456637488979,-0.0271928593583641,-0.00418540190013271));
#1917=CARTESIAN_POINT('',(0.0225429665603903,-0.0278675694985055,-0.00376219003369674));
#1918=CARTESIAN_POINT('',(0.0226739369339268,-0.0287595952772344,-0.00339827394538425));
#1919=CARTESIAN_POINT('',(0.0228343846564999,-0.0298728995596461,-0.00322126748252291));
#1920=CARTESIAN_POINT('',(0.0229947966177449,-0.0309954000560201,-0.00332705707922919));
#1921=CARTESIAN_POINT('',(0.0231250384109088,-0.0319139622093314,-0.00363638985680286));
#1922=CARTESIAN_POINT('',(0.0232225348023462,-0.032612205936688,-0.00401612004439748));
#1923=CARTESIAN_POINT('',(0.0233354683538865,-0.033273303573387,-0.00452316481517049));
#1924=CARTESIAN_POINT('',(0.0234747472034329,-0.0339310621075639,-0.00525786972310572));
#1925=CARTESIAN_POINT('',(0.0236369935360809,-0.0344742251027331,-0.00625087935604667));
#1926=CARTESIAN_POINT('',(0.0237972301631664,-0.0347604387306722,-0.00738907671066221));
#1927=CARTESIAN_POINT('',(0.0239320261409926,-0.0347744920060231,-0.0084950342505929));
#1928=CARTESIAN_POINT('',(0.0240970310677517,-0.0345135609365578,-0.00964520260689497));
#1929=CARTESIAN_POINT('',(0.0242681864091441,-0.0339645037906586,-0.0107090264831363));
#1930=CARTESIAN_POINT('',(0.024435091776288,-0.0331710054867699,-0.0115937619201522));
#1931=CARTESIAN_POINT('',(0.0245710563549567,-0.0322538148104638,-0.0122222468113521));
#1932=CARTESIAN_POINT('',(0.024728474190538,-0.0311722060594453,-0.0126401262291733));
#1933=CARTESIAN_POINT('',(0.024899478705337,-0.0299840342835615,-0.0127814897683307));
#1934=CARTESIAN_POINT('',(0.0250695858134397,-0.0288001015209981,-0.0126189277460826));
#1935=CARTESIAN_POINT('',(0.0252136814793336,-0.0277470775604246,-0.0121960888124137));
#1936=CARTESIAN_POINT('',(0.0253604947208,-0.0268206663636783,-0.0115451476134277));
#1937=CARTESIAN_POINT('',(0.0255308737138679,-0.0260389075418102,-0.0106419737611295));
#1938=CARTESIAN_POINT('',(0.025701805439767,-0.0255090829867462,-0.00956896228328996));
#1939=CARTESIAN_POINT('',(0.0258571094573007,-0.0252692472624152,-0.00843190225138865));
#1940=CARTESIAN_POINT('',(0.0259942857413566,-0.0252962520070437,-0.00732186942246579));
#1941=CARTESIAN_POINT('',(0.0261622009491843,-0.0256047077116876,-0.00617538495425307));
#1942=CARTESIAN_POINT('',(0.0263333398318802,-0.0261967276043044,-0.0051348356814764));
#1943=CARTESIAN_POINT('',(0.0264969232174262,-0.0270197118924027,-0.00428768342609131));
#1944=CARTESIAN_POINT('',(0.026631385864191,-0.0279549783626685,-0.00369647516135531));
#1945=CARTESIAN_POINT('',(0.0267933552195414,-0.0290631846648367,-0.00331645890747277));
#1946=CARTESIAN_POINT('',(0.026955607910053,-0.0301917234972395,-0.00322993287346518));
#1947=CARTESIAN_POINT('',(0.0270944526199015,-0.0311667719303055,-0.00338051974302855));
#1948=CARTESIAN_POINT('',(0.0272061470631722,-0.031953681104704,-0.00365879410597471));
#1949=CARTESIAN_POINT('',(0.0273032483120485,-0.0326530940990628,-0.00403744549655554));
#1950=CARTESIAN_POINT('',(0.0274354545394767,-0.0334112573181389,-0.0046374154841613));
#1951=CARTESIAN_POINT('',(0.0275959478238621,-0.0341122517728548,-0.00552037461038046));
#1952=CARTESIAN_POINT('',(0.0277563191828899,-0.0345713444541479,-0.0065500236304524));
#1953=CARTESIAN_POINT('',(0.0278851300161152,-0.0347529427642077,-0.00749887012223692));
#1954=CARTESIAN_POINT('',(0.0279831474962116,-0.0347658963486175,-0.00829429857681864));
#1955=CARTESIAN_POINT('',(0.0280967732699979,-0.0346489961674616,-0.00912118097664533));
#1956=CARTESIAN_POINT('',(0.0282363441891854,-0.0343319640179276,-0.0100556314957738));
#1957=CARTESIAN_POINT('',(0.0283985547508093,-0.0337337140135078,-0.0110164456245966));
#1958=CARTESIAN_POINT('',(0.0285576030999567,-0.0328851305154043,-0.0118232187895899));
#1959=CARTESIAN_POINT('',(0.0286927952743049,-0.0319286846835995,-0.0123798273828732));
#1960=CARTESIAN_POINT('',(0.0288586270180959,-0.0307966154587129,-0.0127183776547634));
#1961=CARTESIAN_POINT('',(0.0290297886554365,-0.0296002468985456,-0.0127625410186476));
#1962=CARTESIAN_POINT('',(0.0291959503358194,-0.0284413756696281,-0.0125064159243056));
#1963=CARTESIAN_POINT('',(0.0293313619657309,-0.0274446949724002,-0.0120177849740376));
#1964=CARTESIAN_POINT('',(0.0294898773751834,-0.0265464602861592,-0.011279711852674));
#1965=CARTESIAN_POINT('',(0.029652070280009,-0.0258791038859147,-0.010365982072763));
#1966=CARTESIAN_POINT('',(0.0297917652308028,-0.0254937880573074,-0.00945543286478926));
#1967=CARTESIAN_POINT('',(0.0299056620997461,-0.0253162289568661,-0.00863508472684476));
#1968=CARTESIAN_POINT('',(0.030003980939971,-0.0252722739259513,-0.00783605922748058));
#1969=CARTESIAN_POINT('',(0.0301321191377736,-0.0253842491846371,-0.00688701552462863));
#1970=CARTESIAN_POINT('',(0.030292487719302,-0.0257658976021833,-0.00582648076400362));
#1971=CARTESIAN_POINT('',(0.0304529916731916,-0.0264002578255856,-0.00489408424066944));
#1972=CARTESIAN_POINT('',(0.0305856971351259,-0.0271187741427273,-0.00423560990938235));
#1973=CARTESIAN_POINT('',(0.0306827744802231,-0.0277891688003743,-0.00380838371461967));
#1974=CARTESIAN_POINT('',(0.0307940825319754,-0.028548423147819,-0.0034764508965234));
#1975=CARTESIAN_POINT('',(0.0309328241277974,-0.0295081722380557,-0.00325506707296785));
#1976=CARTESIAN_POINT('',(0.0310950640398698,-0.0306398574967493,-0.00325827025100446));
#1977=CARTESIAN_POINT('',(0.0312574753397907,-0.0317796077516086,-0.00355853506279511));
#1978=CARTESIAN_POINT('',(0.0313919500003943,-0.032754085034164,-0.0040816170573714));
#1979=CARTESIAN_POINT('',(0.0315549465360163,-0.0336316980620546,-0.00486180505578638));
#1980=CARTESIAN_POINT('',(0.0317171683140538,-0.0342613151020472,-0.00580236642339886));
#1981=CARTESIAN_POINT('',(0.0318557569962607,-0.0346089051337968,-0.00672503741958432));
#1982=CARTESIAN_POINT('',(0.0319665456826067,-0.0347530101377514,-0.0075451389490753));
#1983=CARTESIAN_POINT('',(0.0320636531737177,-0.0347674571421302,-0.00833974161002207));
#1984=CARTESIAN_POINT('',(0.0321969670388498,-0.0346172084377099,-0.00929798361835883));
#1985=CARTESIAN_POINT('',(0.0323575096295459,-0.0341923184701204,-0.010342366165046));
#1986=CARTESIAN_POINT('',(0.0325178442999547,-0.033520896539024,-0.0112478518674463));
#1987=CARTESIAN_POINT('',(0.0326450974817404,-0.0327866248092039,-0.011870246927479));
#1988=CARTESIAN_POINT('',(0.0327438434969014,-0.0320994308226789,-0.0122734928758777));
#1989=CARTESIAN_POINT('',(0.0328580764222197,-0.0313202335251698,-0.0125787051508375));
#1990=CARTESIAN_POINT('',(0.032997953830436,-0.030349904380341,-0.0127617588720795));
#1991=CARTESIAN_POINT('',(0.0331601014579665,-0.0292192109751271,-0.012712463861006));
#1992=CARTESIAN_POINT('',(0.0333179040214899,-0.028102287648207,-0.012370858863283));
#1993=CARTESIAN_POINT('',(0.0334536335478775,-0.0271463678733448,-0.011811520603437));
#1994=CARTESIAN_POINT('',(0.0336202263144943,-0.0262937838714499,-0.0109904556622328));
#1995=CARTESIAN_POINT('',(0.0337913860560339,-0.0256677605482673,-0.009969979261234));
#1996=CARTESIAN_POINT('',(0.0339567497744851,-0.0253220076205737,-0.00883646546343771));
#1997=CARTESIAN_POINT('',(0.0340917030772895,-0.0252571921917618,-0.00772988628674889));
#1998=CARTESIAN_POINT('',(0.0342514329774797,-0.0254588932810883,-0.0065817421821014));
#1999=CARTESIAN_POINT('',(0.0344136729036999,-0.0259272434428453,-0.00555153345780927));
#2000=CARTESIAN_POINT('',(0.0345530686103172,-0.0265305517916738,-0.00476915234573479));
#2001=CARTESIAN_POINT('',(0.0346663119880471,-0.0271567686724112,-0.00421230342219029));
#2002=CARTESIAN_POINT('',(0.0347640168545933,-0.0278289625813523,-0.00378209736340756));
#2003=CARTESIAN_POINT('',(0.0348936439236554,-0.0287141227191313,-0.00341126347812816));
#2004=CARTESIAN_POINT('',(0.0350540504604308,-0.0298254824817779,-0.00322298143479574));
#2005=CARTESIAN_POINT('',(0.0352145061993568,-0.0309491117521312,-0.00331752224903047));
#2006=CARTESIAN_POINT('',(0.0353460340963631,-0.0318732763467788,-0.00361888637026874));
#2007=CARTESIAN_POINT('',(0.0354432199389557,-0.0325747868712629,-0.00399216511604251));
#2008=CARTESIAN_POINT('',(0.0355553884785944,-0.0332389483357853,-0.00449159837230827));
#2009=CARTESIAN_POINT('',(0.0357499915042201,-0.0341700950605845,-0.00551007212282212));
#2010=CARTESIAN_POINT('',(0.0359148447592526,-0.0346100668360851,-0.00658791883508926));
#2011=CARTESIAN_POINT('',(0.0360135316761223,-0.0347090194540715,-0.00733916032976432));
#2012=CARTESIAN_POINT('',(-0.00488848221015384,-0.0350838772680949,-0.00830861228966646));
#2013=CARTESIAN_POINT('',(-0.00479139069895141,-0.0350424259943541,-0.00911108738411443));
#2014=CARTESIAN_POINT('',(-0.00462749678557223,-0.0346692475865831,-0.0102965384218465));
#2015=CARTESIAN_POINT('',(-0.00443188082349547,-0.0337606697195614,-0.0114691494928534));
#2016=CARTESIAN_POINT('',(-0.00431803631314021,-0.0330877882429185,-0.012065099596871));
#2017=CARTESIAN_POINT('',(-0.00421974938429706,-0.0323646646837645,-0.0125252509094302));
#2018=CARTESIAN_POINT('',(-0.00409151697534744,-0.0314185584984339,-0.0129187734164493));
#2019=CARTESIAN_POINT('',(-0.00393114637620699,-0.0302275462059579,-0.0131184260659738));
#2020=CARTESIAN_POINT('',(-0.00377064465712749,-0.0290237585629331,-0.0130147865654996));
#2021=CARTESIAN_POINT('',(-0.00363802286805651,-0.0280323282530872,-0.0126892375886841));
#2022=CARTESIAN_POINT('',(-0.00354093024461361,-0.0272813821906322,-0.0122870570699055));
#2023=CARTESIAN_POINT('',(-0.00342956790044985,-0.026572651464984,-0.0117515622913936));
#2024=CARTESIAN_POINT('',(-0.00329080895642465,-0.0258623461480162,-0.0109709148507741));
#2025=CARTESIAN_POINT('',(-0.00312856845124946,-0.0252718010322993,-0.00991193437894734));
#2026=CARTESIAN_POINT('',(-0.00296623040045396,-0.0249545625123959,-0.00869024758935567));
#2027=CARTESIAN_POINT('',(-0.00283174318581042,-0.0249319399823579,-0.00750536721397565));
#2028=CARTESIAN_POINT('',(-0.0026686840597352,-0.025200639060691,-0.00627572631187695));
#2029=CARTESIAN_POINT('',(-0.00250646763257593,-0.0257491229439502,-0.00519422075833321));
#2030=CARTESIAN_POINT('',(-0.00236789348455264,-0.0264287506155176,-0.00438564311453487));
#2031=CARTESIAN_POINT('',(-0.00225717441883497,-0.0271188111621936,-0.00382112507782796));
#2032=CARTESIAN_POINT('',(-0.00216004466402144,-0.0278536916732938,-0.00339064121130686));
#2033=CARTESIAN_POINT('',(-0.00202667049657354,-0.0288282217290902,-0.00302823035938135));
#2034=CARTESIAN_POINT('',(-0.00186612490584727,-0.0300268276660498,-0.00287740165088817));
#2035=CARTESIAN_POINT('',(-0.00170579103710211,-0.0312249129355128,-0.00302982851648928));
#2036=CARTESIAN_POINT('',(-0.00157865609146291,-0.0321906775725471,-0.00338880105370628));
#2037=CARTESIAN_POINT('',(-0.00147983881750244,-0.0329284239392388,-0.00381954082417741));
#2038=CARTESIAN_POINT('',(-0.00136557477374124,-0.0336224680203488,-0.00438758940497826));
#2039=CARTESIAN_POINT('',(-0.00122567590992035,-0.0343025486080924,-0.00519824076859002));
#2040=CARTESIAN_POINT('',(-0.00106353469049881,-0.034849465175482,-0.00628042588870171));
#2041=CARTESIAN_POINT('',(-0.000905821174468153,-0.03511616779487,-0.00750232641515058));
#2042=CARTESIAN_POINT('',(-0.00077004079299053,-0.0350951423991878,-0.00868921469991915));
#2043=CARTESIAN_POINT('',(-0.000603405068344148,-0.0347751321334207,-0.00991674685120228));
#2044=CARTESIAN_POINT('',(-0.000432245775494419,-0.0341500653475162,-0.0110368251377697));
#2045=CARTESIAN_POINT('',(-0.000266941575098403,-0.0332728252753808,-0.0119540740024292));
#2046=CARTESIAN_POINT('',(-0.000132004266236898,-0.0322732145235582,-0.0125951428456049));
#2047=CARTESIAN_POINT('',(2.78002735971856E-5,-0.0310941728723298,-0.0130091433153804));
#2048=CARTESIAN_POINT('',(0.00019004011583415,-0.0298860417908465,-0.01311189251431));
#2049=CARTESIAN_POINT('',(0.00032941813365004,-0.0288388065228312,-0.0129586396603794));
#2050=CARTESIAN_POINT('',(0.000442609070573068,-0.0279904961465468,-0.0126658959096754));
#2051=CARTESIAN_POINT('',(0.000540294195623341,-0.0272360775086091,-0.0122637620420846));
#2052=CARTESIAN_POINT('',(0.000670007746823039,-0.026424745608992,-0.0116308743547792));
#2053=CARTESIAN_POINT('',(0.000830416295883092,-0.0256659462632355,-0.0106912968181033));
#2054=CARTESIAN_POINT('',(0.000990870244447597,-0.0251649794514102,-0.009591961926359));
#2055=CARTESIAN_POINT('',(0.00112230567251268,-0.0249617768314916,-0.0085712725771273));
#2056=CARTESIAN_POINT('',(0.00121952097488677,-0.0249424539322187,-0.00771985761123046));
#2057=CARTESIAN_POINT('',(0.00133173766812647,-0.0250606813534331,-0.00683695409823389));
#2058=CARTESIAN_POINT('',(0.00147076124031154,-0.0253919571504846,-0.00583420159024663));
#2059=CARTESIAN_POINT('',(0.00163301510486986,-0.0260244100960974,-0.00479957655590225));
#2060=CARTESIAN_POINT('',(0.00179428885073808,-0.0269306335566475,-0.00392480666162293));
#2061=CARTESIAN_POINT('',(0.00192885559500097,-0.0279509279420009,-0.00332212300013697));
#2062=CARTESIAN_POINT('',(0.00209303602920198,-0.0291568394813738,-0.00295143390079162));
#2063=CARTESIAN_POINT('',(0.0022641843247042,-0.0304381414076488,-0.00289353002018896));
#2064=CARTESIAN_POINT('',(0.00243169748172663,-0.0316847137906708,-0.00315863015740368));
#2065=CARTESIAN_POINT('',(0.00256835147205661,-0.0327596196720103,-0.0036767642104892));
#2066=CARTESIAN_POINT('',(0.00272452930063997,-0.033722546267866,-0.0044570843977675));
#2067=CARTESIAN_POINT('',(0.00289549694524792,-0.0344880907427558,-0.00548525861744109));
#2068=CARTESIAN_POINT('',(0.00306577333309431,-0.0349693110993185,-0.00667196468623234));
#2069=CARTESIAN_POINT('',(0.00321145582068153,-0.0351384327535529,-0.00787997016764551));
#2070=CARTESIAN_POINT('',(0.00335666336802551,-0.0350276802358901,-0.00908423477558041));
#2071=CARTESIAN_POINT('',(0.00352689251112716,-0.0346062333604514,-0.0102922422397064));
#2072=CARTESIAN_POINT('',(0.00369786710360299,-0.0338922729887216,-0.0113572944257166));
#2073=CARTESIAN_POINT('',(0.00385443664995514,-0.0329618288818751,-0.0121885396073806));
#2074=CARTESIAN_POINT('',(0.00399086141797736,-0.0319168651202999,-0.0127546701300134));
#2075=CARTESIAN_POINT('',(0.00415819823189896,-0.0306885671071717,-0.0130795983253649));
#2076=CARTESIAN_POINT('',(0.00432934742642169,-0.0294058980883933,-0.0130851731232553));
#2077=CARTESIAN_POINT('',(0.00449378363103189,-0.0281780176692417,-0.0127723219975491));
#2078=CARTESIAN_POINT('',(0.00462841342943454,-0.0271291838885254,-0.0122179688944896));
#2079=CARTESIAN_POINT('',(0.00478937056134334,-0.0261866963962178,-0.0113926057335943));
#2080=CARTESIAN_POINT('',(0.00495162846413748,-0.0255038403892384,-0.0103905443327353));
#2081=CARTESIAN_POINT('',(0.00509072282561848,-0.0251231060127675,-0.00940381114583678));
#2082=CARTESIAN_POINT('',(0.00520316964445288,-0.0249614726529856,-0.00852284473137459));
#2083=CARTESIAN_POINT('',(0.00530046246714262,-0.0249404579999708,-0.00766983466344069));
#2084=CARTESIAN_POINT('',(0.00543152902070926,-0.0250931719314913,-0.00664825832433075));
#2085=CARTESIAN_POINT('',(0.00559197971269813,-0.0255390772000414,-0.00552576159657093));
#2086=CARTESIAN_POINT('',(0.00575238959529253,-0.0262505437903854,-0.00454954237003281));
#2087=CARTESIAN_POINT('',(0.00588251086778437,-0.0270371452664277,-0.00387290888203387));
#2088=CARTESIAN_POINT('',(0.00598005660248491,-0.0277691655825794,-0.00343702668961448));
#2089=CARTESIAN_POINT('',(0.00609304327084156,-0.0285982567397125,-0.00310514038223637));
#2090=CARTESIAN_POINT('',(0.00623234558784361,-0.0296350665375791,-0.00290098945982368));
#2091=CARTESIAN_POINT('',(0.00639458869387563,-0.0308469694169818,-0.00294378014316557));
#2092=CARTESIAN_POINT('',(0.00655472756301237,-0.0320514765198151,-0.00330230268151843));
#2093=CARTESIAN_POINT('',(0.00668956018653837,-0.0330784048052855,-0.00389425572460655));
#2094=CARTESIAN_POINT('',(0.00685462928912604,-0.0339956579521194,-0.00476408281856241));
#2095=CARTESIAN_POINT('',(0.00702578471500965,-0.0346753816818173,-0.00585181960745279));
#2096=CARTESIAN_POINT('',(0.00719262963632102,-0.0350563726013802,-0.00706633353734086));
#2097=CARTESIAN_POINT('',(0.00732854963594265,-0.0351339275251254,-0.00825475475836709));
#2098=CARTESIAN_POINT('',(0.00748606918565819,-0.0349272291448248,-0.00948054297305425));
#2099=CARTESIAN_POINT('',(0.00765707579858771,-0.0344075253788863,-0.0106525078918364));
#2100=CARTESIAN_POINT('',(0.00782716124799161,-0.0336102673625234,-0.0116541707206537));
#2101=CARTESIAN_POINT('',(0.00797113221834845,-0.0326456401463483,-0.012392694583404));
#2102=CARTESIAN_POINT('',(0.00811808125392088,-0.0315383385924471,-0.0128906604904405));
#2103=CARTESIAN_POINT('',(0.0082884702902923,-0.030278573915023,-0.0131168297644068));
#2104=CARTESIAN_POINT('',(0.0084593971002237,-0.0290002855161024,-0.0130180048567844));
#2105=CARTESIAN_POINT('',(0.0086145826796942,-0.027822301685678,-0.0126175017474148));
#2106=CARTESIAN_POINT('',(0.00875184188019175,-0.0268137985487708,-0.0119852783112851));
#2107=CARTESIAN_POINT('',(0.00891979919325499,-0.0259260801637498,-0.0110737660789515));
#2108=CARTESIAN_POINT('',(0.00909093699451973,-0.0252913044769831,-0.00995919328775502));
#2109=CARTESIAN_POINT('',(0.0092544382810904,-0.0249610376542871,-0.00873823722384007));
#2110=CARTESIAN_POINT('',(0.00938890247854699,-0.0249277143716207,-0.0075532013521851));
#2111=CARTESIAN_POINT('',(0.00955095362707697,-0.0251838780087978,-0.00632377782324977));
#2112=CARTESIAN_POINT('',(0.00971320240445078,-0.0257214507560879,-0.00523678509646323));
#2113=CARTESIAN_POINT('',(0.00985202780263448,-0.0263934189860501,-0.00442097041601305));
#2114=CARTESIAN_POINT('',(0.00996364600368962,-0.0270796874288828,-0.0038484725503217));
#2115=CARTESIAN_POINT('',(0.0100607542838147,-0.0278110611656905,-0.00341106173584515));
#2116=CARTESIAN_POINT('',(0.0101930461055525,-0.0287790847457398,-0.00304049688460321));
#2117=CARTESIAN_POINT('',(0.0103535427418966,-0.0299759916266857,-0.00287764609118145));
#2118=CARTESIAN_POINT('',(0.0105139124153764,-0.0311756647098624,-0.00301794669193337));
#2119=CARTESIAN_POINT('',(0.0106425922743004,-0.0321483174996298,-0.00336908880289866));
#2120=CARTESIAN_POINT('',(0.0107406760838586,-0.0328887162284224,-0.00379238350726975));
#2121=CARTESIAN_POINT('',(0.0108543479457447,-0.0335868428657601,-0.0043525639742969));
#2122=CARTESIAN_POINT('',(0.0109939435660572,-0.0342744476619801,-0.00515588782443774));
#2123=CARTESIAN_POINT('',(0.0111561487519048,-0.0348323311079507,-0.00623256617444908));
#2124=CARTESIAN_POINT('',(0.0113150946022953,-0.0351114472180663,-0.00745485904222535));
#2125=CARTESIAN_POINT('',(0.0114503349263395,-0.0351012764202744,-0.00864083501715655));
#2126=CARTESIAN_POINT('',(0.0116162253758106,-0.0347938556450842,-0.00986938796268657));
#2127=CARTESIAN_POINT('',(0.0117873868057145,-0.0341801287643872,-0.0109957087562385));
#2128=CARTESIAN_POINT('',(0.0119534825280842,-0.0333106826649038,-0.0119229553891516));
#2129=CARTESIAN_POINT('',(0.0120888612909437,-0.032315682573451,-0.0125739806408493));
#2130=CARTESIAN_POINT('',(0.012247472899602,-0.0311437426422766,-0.0129980914706049));
#2131=CARTESIAN_POINT('',(0.0124096683195313,-0.0299368960295768,-0.0131130834438804));
#2132=CARTESIAN_POINT('',(0.0125493402048242,-0.0288874308005099,-0.0129700654952343));
#2133=CARTESIAN_POINT('',(0.0126631816624369,-0.0280348993546575,-0.0126851506105524));
#2134=CARTESIAN_POINT('',(0.0127614567308819,-0.0272749317534805,-0.0122889136646737));
#2135=CARTESIAN_POINT('',(0.0128897120208361,-0.026461103779181,-0.011666168495993));
#2136=CARTESIAN_POINT('',(0.0130500828028879,-0.025692831966969,-0.0107344365939956));
#2137=CARTESIAN_POINT('',(0.01321058390695,-0.0251808498704532,-0.00964003387826905));
#2138=CARTESIAN_POINT('',(0.0133431897331977,-0.0249672190578175,-0.00861866219343462));
#2139=CARTESIAN_POINT('',(0.01344028264571,-0.0249401561193261,-0.00776723715844338));
#2140=CARTESIAN_POINT('',(0.0135516577083456,-0.0250496679314602,-0.00688568915462823));
#2141=CARTESIAN_POINT('',(0.0136904202983534,-0.0253707232172884,-0.00588026105912219));
#2142=CARTESIAN_POINT('',(0.0138526612225846,-0.0259927060283626,-0.00483943189611476));
#2143=CARTESIAN_POINT('',(0.0140149844240346,-0.0268921971356618,-0.00395400414500015));
#2144=CARTESIAN_POINT('',(0.0141494723422888,-0.0279070997519114,-0.00334210737080136));
#2145=CARTESIAN_POINT('',(0.0143125457335046,-0.0291064407064707,-0.00296014289179693));
#2146=CARTESIAN_POINT('',(0.0144747614578266,-0.0303173027199416,-0.00289456664793746));
#2147=CARTESIAN_POINT('',(0.0146133321020849,-0.0313573297154255,-0.00307900030060848));
#2148=CARTESIAN_POINT('',(0.0147240376227268,-0.0321911728783576,-0.00339445459023661));
#2149=CARTESIAN_POINT('',(0.0148211691623818,-0.0329313650219433,-0.00381573307620333));
#2150=CARTESIAN_POINT('',(0.0149545580040558,-0.033732429085017,-0.0044786341241587));
#2151=CARTESIAN_POINT('',(0.0151151043261761,-0.0344622156542101,-0.00544134984183515));
#2152=CARTESIAN_POINT('',(0.0152754377073471,-0.0349290894172391,-0.00655520245523479));
#2153=CARTESIAN_POINT('',(0.0154025495083692,-0.0351009457668103,-0.00757103263980913));
#2154=CARTESIAN_POINT('',(0.0155013788161926,-0.0350966751553069,-0.00842533360474469));
#2155=CARTESIAN_POINT('',(0.0156156507828013,-0.0349516249249247,-0.00931042111462437));
#2156=CARTESIAN_POINT('',(0.0157555541152197,-0.0345894752511465,-0.010304672361038));
#2157=CARTESIAN_POINT('',(0.0159176942209925,-0.0339255866691683,-0.0113193101685235));
#2158=CARTESIAN_POINT('',(0.0160753895840567,-0.0330006586279,-0.0121610733513096));
#2159=CARTESIAN_POINT('',(0.0162111787455699,-0.0319621792029531,-0.0127361809475114));
#2160=CARTESIAN_POINT('',(0.0163778247278045,-0.0307390240062415,-0.0130726444763816));
#2161=CARTESIAN_POINT('',(0.0165489839555441,-0.0294564716328132,-0.013091173501326));
#2162=CARTESIAN_POINT('',(0.0167142762848709,-0.0282235612885571,-0.0127899176215312));
#2163=CARTESIAN_POINT('',(0.0168492082405141,-0.0271686631558485,-0.0122446338611214));
#2164=CARTESIAN_POINT('',(0.0170090295496581,-0.0262206844282969,-0.0114303932802896));
#2165=CARTESIAN_POINT('',(0.0171712698387793,-0.025527779558596,-0.0104353927380381));
#2166=CARTESIAN_POINT('',(0.0173106437274047,-0.0251370267818364,-0.00945178849041883));
#2167=CARTESIAN_POINT('',(0.0174238246931059,-0.0249665230274328,-0.00857075688625337));
#2168=CARTESIAN_POINT('',(0.0175215027954833,-0.0249376849031704,-0.00771636755457007));
#2169=CARTESIAN_POINT('',(0.0176512364462321,-0.0250802610284638,-0.00669725100435906));
#2170=CARTESIAN_POINT('',(0.0178116455667229,-0.025514724788718,-0.00557038501511902));
#2171=CARTESIAN_POINT('',(0.01797209886297,-0.0262164340060924,-0.00458697032824105));
#2172=CARTESIAN_POINT('',(0.0181035165274006,-0.0269988391180102,-0.00390078332660139));
#2173=CARTESIAN_POINT('',(0.0182007350671265,-0.027726583235344,-0.00345843654277171));
#2174=CARTESIAN_POINT('',(0.0183129632833001,-0.0285503917002776,-0.00311947318096987));
#2175=CARTESIAN_POINT('',(0.0184519907101617,-0.0295844784668308,-0.00290513687928642));
#2176=CARTESIAN_POINT('',(0.0186142446122975,-0.0307967131068252,-0.00293572028804453));
#2177=CARTESIAN_POINT('',(0.0187755026553207,-0.0320073117535509,-0.00328330671665516));
#2178=CARTESIAN_POINT('',(0.0189100721830002,-0.0330393234397805,-0.0038657023633611));
#2179=CARTESIAN_POINT('',(0.0190742656959354,-0.0339632118241924,-0.00472486240089132));
#2180=CARTESIAN_POINT('',(0.0192454141255942,-0.0346538523962612,-0.00580565142350869));
#2181=CARTESIAN_POINT('',(0.0194129182703194,-0.035047374820593,-0.00701780111624016));
#2182=CARTESIAN_POINT('',(0.01954956084214,-0.0351359513324309,-0.00820774016782501));
#2183=CARTESIAN_POINT('',(0.0197057581596537,-0.0349414622306136,-0.00943184550033753));
#2184=CARTESIAN_POINT('',(0.0198767263886788,-0.0344336380423789,-0.0106088421135002));
#2185=CARTESIAN_POINT('',(0.0200470005497473,-0.0336463849032978,-0.0116188259141885));
#2186=CARTESIAN_POINT('',(0.0201926577733826,-0.0326847404062685,-0.0123691211080101));
#2187=CARTESIAN_POINT('',(0.0203378904266994,-0.0315863114242235,-0.0128752234791736));
#2188=CARTESIAN_POINT('',(0.0205081219636361,-0.0303293807637633,-0.0131140613121727));
#2189=CARTESIAN_POINT('',(0.0206790960053427,-0.0290500520282213,-0.0130280944164407));
#2190=CARTESIAN_POINT('',(0.0208356463164974,-0.0278650500039602,-0.012637780577547));
#2191=CARTESIAN_POINT('',(0.0209720819407314,-0.0268523467173546,-0.0120157353309686));
#2192=CARTESIAN_POINT('',(0.0211394280376171,-0.0259569108645341,-0.0111143156733618));
#2193=CARTESIAN_POINT('',(0.0213105771037691,-0.025310909575722,-0.0100061854063964));
#2194=CARTESIAN_POINT('',(0.0214750004962968,-0.0249680872460972,-0.00878636563381123));
#2195=CARTESIAN_POINT('',(0.0216096269521842,-0.024923910738369,-0.00760088078698594));
#2196=CARTESIAN_POINT('',(0.0217706000262618,-0.0251676312023381,-0.00637197158387194));
#2197=CARTESIAN_POINT('',(0.0219328579899041,-0.0256941734720801,-0.00527964588371615));
#2198=CARTESIAN_POINT('',(0.0220719484297653,-0.0263584532353013,-0.00445665651944393));
#2199=CARTESIAN_POINT('',(0.0221843840753465,-0.027040636800857,-0.00387630682214848));
#2200=CARTESIAN_POINT('',(0.0222816728240374,-0.027768899807939,-0.00343170804605956));
#2201=CARTESIAN_POINT('',(0.0224127576676441,-0.0287300690487534,-0.00305328498739795));
#2202=CARTESIAN_POINT('',(0.0225732089854286,-0.0299251593891382,-0.00287837582540696));
#2203=CARTESIAN_POINT('',(0.0227336182700557,-0.0311263030075278,-0.0030065881531873));
#2204=CARTESIAN_POINT('',(0.02286371996818,-0.0321054939710895,-0.00334960734529746));
#2205=CARTESIAN_POINT('',(0.0229612718892431,-0.0328489423228581,-0.00376571609281628));
#2206=CARTESIAN_POINT('',(0.0230742688791924,-0.0335508574762413,-0.0043179029424488));
#2207=CARTESIAN_POINT('',(0.0232135752586815,-0.0342459545974114,-0.00511383796080754));
#2208=CARTESIAN_POINT('',(0.0233758180162363,-0.034814692732426,-0.00618485463817774));
#2209=CARTESIAN_POINT('',(0.0235359403544205,-0.0351062767356015,-0.0074072502990766));
#2210=CARTESIAN_POINT('',(0.0236707777720746,-0.0351069386284789,-0.00859258016992694));
#2211=CARTESIAN_POINT('',(0.0238358590141241,-0.0348120918603804,-0.0098218501001276));
#2212=CARTESIAN_POINT('',(0.0240070145073402,-0.0342097812519739,-0.0109542894315564));
#2213=CARTESIAN_POINT('',(0.0241738494544417,-0.0333483589316847,-0.0118913537123123));
#2214=CARTESIAN_POINT('',(0.0243097600614033,-0.0323578715446081,-0.0125525817997617));
#2215=CARTESIAN_POINT('',(0.0244672982043984,-0.0311928512901895,-0.0129863281977155));
#2216=CARTESIAN_POINT('',(0.0246383053383549,-0.0299180262751341,-0.0131220494102454));
#2217=CARTESIAN_POINT('',(0.0248083875794775,-0.0286519656960826,-0.0129322510909949));
#2218=CARTESIAN_POINT('',(0.0249523352471469,-0.0275301950146491,-0.0124659992782147));
#2219=CARTESIAN_POINT('',(0.0250993086111362,-0.0265453328070274,-0.0117558619020401));
#2220=CARTESIAN_POINT('',(0.0252696997897811,-0.0257197205596658,-0.0107778327308354));
#2221=CARTESIAN_POINT('',(0.0254406257902136,-0.0251663297308177,-0.0096213115532192));
#2222=CARTESIAN_POINT('',(0.0255957912986234,-0.0249243608171531,-0.00840091234397231));
#2223=CARTESIAN_POINT('',(0.0257330633631295,-0.0249677883211464,-0.00721138845246173));
#2224=CARTESIAN_POINT('',(0.0259010289970621,-0.0253135032862605,-0.00598687146534119));
#2225=CARTESIAN_POINT('',(0.026072166602273,-0.0259615244275317,-0.00487994773031474));
#2226=CARTESIAN_POINT('',(0.0262356541429955,-0.0268538726215513,-0.00398359970078905));
#2227=CARTESIAN_POINT('',(0.0263701170096729,-0.0278635562846764,-0.00336236041440688));
#2228=CARTESIAN_POINT('',(0.0265321832661089,-0.0290564445153288,-0.00296964578562953));
#2229=CARTESIAN_POINT('',(0.0266944317180212,-0.0302666057263432,-0.002891876930248));
#2230=CARTESIAN_POINT('',(0.0268332534043144,-0.0313090714557668,-0.0030660587328151));
#2231=CARTESIAN_POINT('',(0.0269448592350303,-0.0321479329690356,-0.00337424182075191));
#2232=CARTESIAN_POINT('',(0.0270419663913621,-0.0328923645796468,-0.00378901672441411));
#2233=CARTESIAN_POINT('',(0.0271742746858146,-0.0336972431441352,-0.00444220828719194));
#2234=CARTESIAN_POINT('',(0.0273347720015181,-0.0344365919939104,-0.00539744326294966));
#2235=CARTESIAN_POINT('',(0.0274951411322058,-0.0349147626279641,-0.00650660903398111));
#2236=CARTESIAN_POINT('',(0.027623799614411,-0.0350968431928592,-0.00752449577342555));
#2237=CARTESIAN_POINT('',(0.0277218925568139,-0.0351003468548498,-0.00837736440360759));
#2238=CARTESIAN_POINT('',(0.0278355735343771,-0.0349641523850447,-0.00926205803406708));
#2239=CARTESIAN_POINT('',(0.0279751734227899,-0.0346121100899003,-0.0102591625144419));
#2240=CARTESIAN_POINT('',(0.0281373778745423,-0.0339584727992126,-0.0112805470369116));
#2241=CARTESIAN_POINT('',(0.0282963063733026,-0.0330394077118993,-0.0121332581443658));
#2242=CARTESIAN_POINT('',(0.0284315535002597,-0.0320071491753794,-0.0127173083691293));
#2243=CARTESIAN_POINT('',(0.0285974551436332,-0.0307894009849905,-0.0130651874189166));
#2244=CARTESIAN_POINT('',(0.0287686165761259,-0.0295071102876,-0.0130966583948025));
#2245=CARTESIAN_POINT('',(0.0289347013591986,-0.028269434772617,-0.0128071490794541));
#2246=CARTESIAN_POINT('',(0.0290700727892217,-0.0272082230799515,-0.0122708377950148));
#2247=CARTESIAN_POINT('',(0.0292287019751212,-0.0262550353120288,-0.0114678015383806));
#2248=CARTESIAN_POINT('',(0.0293908982220777,-0.025552168840369,-0.0104800323224348));
#2249=CARTESIAN_POINT('',(0.0295305657757139,-0.0251514368280332,-0.00949961351515817));
#2250=CARTESIAN_POINT('',(0.0296443984514728,-0.0249720427721956,-0.00861883618405407));
#2251=CARTESIAN_POINT('',(0.0297426635930911,-0.0249353242071904,-0.00776259654160704));
#2252=CARTESIAN_POINT('',(0.029870940758096,-0.0250678670314683,-0.00674638322353669));
#2253=CARTESIAN_POINT('',(0.0300313120571811,-0.0254908012983183,-0.00561523538273285));
#2254=CARTESIAN_POINT('',(0.0301918124561429,-0.0261827317756036,-0.00462474553616428));
#2255=CARTESIAN_POINT('',(0.0303244023113008,-0.0269605197410318,-0.00392918363708086));
#2256=CARTESIAN_POINT('',(0.0304214955527397,-0.027684396721855,-0.0034801322933945));
#2257=CARTESIAN_POINT('',(0.030532883317573,-0.0285026769734877,-0.00313429577244333));
#2258=CARTESIAN_POINT('',(0.0306716495562146,-0.0295339716151301,-0.00290977047598524));
#2259=CARTESIAN_POINT('',(0.0308338908941115,-0.030746346831303,-0.00292818398482466));
#2260=CARTESIAN_POINT('',(0.0309961992343697,-0.0319628126853177,-0.00326461371884207));
#2261=CARTESIAN_POINT('',(0.0311306878844604,-0.0330001038814161,-0.00383773136437988));
#2262=CARTESIAN_POINT('',(0.0312937755289202,-0.0339304759432878,-0.0046855656542002));
#2263=CARTESIAN_POINT('',(0.0314559905448967,-0.0345925499849458,-0.0057015101491014));
#2264=CARTESIAN_POINT('',(0.0315945576884163,-0.0349526935708601,-0.00669445973652686));
#2265=CARTESIAN_POINT('',(0.0317052496471034,-0.0350962971982929,-0.0075743037024221));
#2266=CARTESIAN_POINT('',(0.0318023830134853,-0.0351014438940668,-0.00842596556214037));
#2267=CARTESIAN_POINT('',(0.0319357865034373,-0.0349277376705044,-0.00945117696276893));
#2268=CARTESIAN_POINT('',(0.0320963335576956,-0.0344587331976578,-0.0105644825352516));
#2269=CARTESIAN_POINT('',(0.0322566664520938,-0.0337274058204913,-0.0115256253554695));
#2270=CARTESIAN_POINT('',(0.0323837550831064,-0.0329335544230508,-0.0121822289977297));
#2271=CARTESIAN_POINT('',(0.0324825964665389,-0.0321914958132331,-0.0126055958784649));
#2272=CARTESIAN_POINT('',(0.0325968763387901,-0.0313523956427651,-0.0129224134659594));
#2273=CARTESIAN_POINT('',(0.0327367841426771,-0.0303102372773458,-0.0131057616944159));
#2274=CARTESIAN_POINT('',(0.0328989231293404,-0.0290996025904081,-0.0130379596630242));
#2275=CARTESIAN_POINT('',(0.0330566003279543,-0.0279082462003925,-0.0126576795453439));
#2276=CARTESIAN_POINT('',(0.0331923982979515,-0.0268910138629068,-0.0120457406509146));
#2277=CARTESIAN_POINT('',(0.0333590545242542,-0.0259881556885175,-0.0111545403590882));
#2278=CARTESIAN_POINT('',(0.0335302136859091,-0.0253309929754998,-0.0100529863948722));
#2279=CARTESIAN_POINT('',(0.0336954941307873,-0.0249756139041444,-0.00883460384058031));
#2280=CARTESIAN_POINT('',(0.0338304207617387,-0.0249205514683872,-0.00764840558932054));
#2281=CARTESIAN_POINT('',(0.0339902588285038,-0.0251518929090882,-0.00642029800410966));
#2282=CARTESIAN_POINT('',(0.0341524995590288,-0.0256672973874846,-0.00532279786277911));
#2283=CARTESIAN_POINT('',(0.034291869321402,-0.0263238586338457,-0.00449269588565893));
#2284=CARTESIAN_POINT('',(0.0344050402987709,-0.0270016676151813,-0.00390462960387693));
#2285=CARTESIAN_POINT('',(0.0345027114203604,-0.0277272078171409,-0.00345256989588661));
#2286=CARTESIAN_POINT('',(0.0346324651446864,-0.0286811829291362,-0.00306659263121186));
#2287=CARTESIAN_POINT('',(0.034792874839141,-0.0298743372119754,-0.00287959101636324));
#2288=CARTESIAN_POINT('',(0.0349533274773951,-0.0310768386009377,-0.00299575367292925));
#2289=CARTESIAN_POINT('',(0.0350847273713756,-0.0320622003409508,-0.0033303695692259));
#2290=CARTESIAN_POINT('',(0.0351819491537747,-0.0328091221771222,-0.00373953232670272));
#2291=CARTESIAN_POINT('',(0.0352941889862415,-0.0335144719111977,-0.00428362828280152));
#2292=CARTESIAN_POINT('',(0.0354888314462449,-0.0344987459380272,-0.0053872535036647));
#2293=CARTESIAN_POINT('',(0.0356536491299623,-0.034955731308252,-0.00654760640425879));
#2294=CARTESIAN_POINT('',(0.035752271447452,-0.0350518820166966,-0.00735329681687739));
#2295=CARTESIAN_POINT('',(-0.00514991290136595,-0.0354180419242569,-0.00838601213919148));
#2296=CARTESIAN_POINT('',(-0.00505276996066658,-0.0353647620963253,-0.00924195560368483));
#2297=CARTESIAN_POINT('',(-0.00488884321598882,-0.0349531018778951,-0.0105024588626284));
#2298=CARTESIAN_POINT('',(-0.00469326041693424,-0.0339707677660099,-0.0117428458704373));
#2299=CARTESIAN_POINT('',(-0.00457946680810217,-0.0332465620741375,-0.0123707532624713));
#2300=CARTESIAN_POINT('',(-0.00448122328362762,-0.0324703280403734,-0.0128533908552167));
#2301=CARTESIAN_POINT('',(-0.00435287955418532,-0.0314558980802057,-0.0132628235537412));
#2302=CARTESIAN_POINT('',(-0.00419250677855125,-0.0301831286721502,-0.013462259515603));
#2303=CARTESIAN_POINT('',(-0.00403200792966321,-0.0289002219214592,-0.0133380425950347));
#2304=CARTESIAN_POINT('',(-0.00389947821468296,-0.0278469148623996,-0.0129798767420597));
#2305=CARTESIAN_POINT('',(-0.00380237335009405,-0.0270502621094889,-0.0125424264336541));
#2306=CARTESIAN_POINT('',(-0.00369094713870552,-0.0262999118717842,-0.0119629150224251));
#2307=CARTESIAN_POINT('',(-0.0035521685194486,-0.0255509718771279,-0.0111220204706282));
#2308=CARTESIAN_POINT('',(-0.0033899268275208,-0.0249330483455399,-0.00998566874506275));
#2309=CARTESIAN_POINT('',(-0.00322767091658062,-0.0246085229840238,-0.00867946902682988));
#2310=CARTESIAN_POINT('',(-0.00309317283038585,-0.0245976175806013,-0.00741518014106505));
#2311=CARTESIAN_POINT('',(-0.00293004077149011,-0.0248982856330279,-0.00610601784825859));
#2312=CARTESIAN_POINT('',(-0.00276782968129719,-0.0254956183804271,-0.00495860171316313));
#2313=CARTESIAN_POINT('',(-0.00262927279902345,-0.0262296826802571,-0.00410387172406762));
#2314=CARTESIAN_POINT('',(-0.00251863081696327,-0.0269716664839324,-0.00350975232539167));
#2315=CARTESIAN_POINT('',(-0.00242148084729526,-0.0277605269256324,-0.00305867124653437));
#2316=CARTESIAN_POINT('',(-0.00228803479031252,-0.0288046774675021,-0.00268292796054864));
#2317=CARTESIAN_POINT('',(-0.00212748562424946,-0.030085000493272,-0.00253561335807092));
#2318=CARTESIAN_POINT('',(-0.00196715321587809,-0.0313612712015458,-0.00271185511581266));
#2319=CARTESIAN_POINT('',(-0.00184014942910249,-0.0323866025639672,-0.00310517052186657));
#2320=CARTESIAN_POINT('',(-0.00174125644122125,-0.0331692377707254,-0.00357321451707732));
#2321=CARTESIAN_POINT('',(-0.00162695469123101,-0.0339033728236014,-0.00418719596059891));
#2322=CARTESIAN_POINT('',(-0.00148703156197684,-0.0346197666869531,-0.00505976870534253));
#2323=CARTESIAN_POINT('',(-0.0013248972038682,-0.0351908414812668,-0.00622033625400899));
#2324=CARTESIAN_POINT('',(-0.00116728372118108,-0.0354615132948528,-0.007526051029164));
#2325=CARTESIAN_POINT('',(-0.00103144897288218,-0.0354257966746623,-0.00879230980496818));
#2326=CARTESIAN_POINT('',(-0.000864762380598294,-0.035070421367866,-0.010098479855871));
#2327=CARTESIAN_POINT('',(-0.000693603545953307,-0.0343909255557121,-0.0112861876848694));
#2328=CARTESIAN_POINT('',(-0.000528365747379264,-0.0334451457997059,-0.0122544094879489));
#2329=CARTESIAN_POINT('',(-0.000393450050942371,-0.0323718063305227,-0.0129270288582924));
#2330=CARTESIAN_POINT('',(-0.000233558958093421,-0.0311088169904829,-0.0133555370828331));
#2331=CARTESIAN_POINT('',(-7.13184042011323E-5,-0.0298189012727579,-0.0134514162193161));
#2332=CARTESIAN_POINT('',(6.80388337622705E-5,-0.028703668299611,-0.0132761056737999));
#2333=CARTESIAN_POINT('',(0.000181172113299297,-0.0278024332753717,-0.0129544394996323));
#2334=CARTESIAN_POINT('',(0.000278829836821384,-0.0270023266037628,-0.0125171590883258));
#2335=CARTESIAN_POINT('',(0.00040864484346974,-0.0261434101635167,-0.0118324268867519));
#2336=CARTESIAN_POINT('',(0.000569055933566795,-0.0253446407154641,-0.0108215198165534));
#2337=CARTESIAN_POINT('',(0.000729507358379308,-0.0248227474156195,-0.00964316359920288));
#2338=CARTESIAN_POINT('',(0.000860840846271194,-0.0246175347881204,-0.00855281980024733));
#2339=CARTESIAN_POINT('',(0.000958084334734055,-0.0246064356550283,-0.00764415739591777));
#2340=CARTESIAN_POINT('',(0.00107035836331448,-0.0247425829246713,-0.00670326039034308));
#2341=CARTESIAN_POINT('',(0.00120940277263469,-0.0251073766392682,-0.00563721478182608));
#2342=CARTESIAN_POINT('',(0.00137165582553287,-0.0257937805391793,-0.00454074964206995));
#2343=CARTESIAN_POINT('',(0.00153284279763293,-0.0267698461146171,-0.00361821764869452));
#2344=CARTESIAN_POINT('',(0.00166743168458988,-0.0278651043857659,-0.00298662991888068));
#2345=CARTESIAN_POINT('',(0.00183167827716199,-0.0291561392759972,-0.00260472064848846));
#2346=CARTESIAN_POINT('',(0.00200282699144247,-0.0305235961646389,-0.00255750969107773));
#2347=CARTESIAN_POINT('',(0.00217028911892503,-0.0318499884925994,-0.00285430469380805));
#2348=CARTESIAN_POINT('',(0.0023068889300608,-0.0329905062070302,-0.00341881888911238));
#2349=CARTESIAN_POINT('',(0.00246316785369516,-0.0340094519025678,-0.0042625375641108));
#2350=CARTESIAN_POINT('',(0.00263413788996007,-0.0348144153388179,-0.00536803060078106));
#2351=CARTESIAN_POINT('',(0.00280439972837802,-0.0353142183425468,-0.00663927788402387));
#2352=CARTESIAN_POINT('',(0.00294995323544415,-0.0354810797944292,-0.00792885050167174));
#2353=CARTESIAN_POINT('',(0.0030952930667435,-0.0353493223862363,-0.00921319940789572));
#2354=CARTESIAN_POINT('',(0.00326553330453126,-0.0348859882175794,-0.0104970996281709));
#2355=CARTESIAN_POINT('',(0.00343650465719666,-0.0341123136179054,-0.0116250797971857));
#2356=CARTESIAN_POINT('',(0.00359296815348053,-0.0331110524843514,-0.0125008778902806));
#2357=CARTESIAN_POINT('',(0.0037294584875322,-0.0319895955838652,-0.0130933210578923));
#2358=CARTESIAN_POINT('',(0.00389684088603938,-0.0306753306438257,-0.0134260813629582));
#2359=CARTESIAN_POINT('',(0.00406798935271514,-0.0293070227283,-0.0134174565589744));
#2360=CARTESIAN_POINT('',(0.0042323540810716,-0.0280012318097322,-0.0130700326531332));
#2361=CARTESIAN_POINT('',(0.00436697308330688,-0.0268886552484628,-0.0124670185215841));
#2362=CARTESIAN_POINT('',(0.00452801225478495,-0.0258921654348114,-0.0115755289769028));
#2363=CARTESIAN_POINT('',(0.0046902688393458,-0.0251751296680059,-0.0104988580791313));
#2364=CARTESIAN_POINT('',(0.00482934358945209,-0.0247802155075278,-0.00944210242086709));
#2365=CARTESIAN_POINT('',(0.00494172621944436,-0.0246177571458833,-0.00850099638704445));
#2366=CARTESIAN_POINT('',(0.00503900758619449,-0.0246048532300663,-0.00759091001154943));
#2367=CARTESIAN_POINT('',(0.00517016572657961,-0.0247793967121683,-0.00650222795899624));
#2368=CARTESIAN_POINT('',(0.00533061930914131,-0.0252678051362665,-0.00530987144061162));
#2369=CARTESIAN_POINT('',(0.00549102702088762,-0.026037830926454,-0.00427662372127215));
#2370=CARTESIAN_POINT('',(0.00562103652480414,-0.0268838507012885,-0.00356413861845268));
#2371=CARTESIAN_POINT('',(0.00571862638091456,-0.0276698841372989,-0.00310719145392196));
#2372=CARTESIAN_POINT('',(0.00583166382968887,-0.0285583937011541,-0.00276239532713254));
#2373=CARTESIAN_POINT('',(0.0059709881420959,-0.0296668507688332,-0.00255634011199917));
#2374=CARTESIAN_POINT('',(0.00613322840783679,-0.030959106482126,-0.00261576090451482));
#2375=CARTESIAN_POINT('',(0.00629327602618853,-0.0322393362222046,-0.00301152828215583));
#2376=CARTESIAN_POINT('',(0.00642814159849572,-0.033328389652827,-0.00365458581663463));
#2377=CARTESIAN_POINT('',(0.00659327176245985,-0.0342973153467509,-0.00459315020324868));
#2378=CARTESIAN_POINT('',(0.00676442731482442,-0.0350100353857909,-0.0057611877475749));
#2379=CARTESIAN_POINT('',(0.0069312160289908,-0.035402616870962,-0.00706065260256833));
#2380=CARTESIAN_POINT('',(0.00706709276114102,-0.0354720852005689,-0.00832893714030444));
#2381=CARTESIAN_POINT('',(0.00722470850048782,-0.0352376377948739,-0.00963487474657604));
#2382=CARTESIAN_POINT('',(0.00739571722640348,-0.0346699372285246,-0.0108791559658216));
#2383=CARTESIAN_POINT('',(0.00756578285537192,-0.0338082068633228,-0.0119384833494623));
#2384=CARTESIAN_POINT('',(0.00770963545714099,-0.0327716814558292,-0.0127150528099371));
#2385=CARTESIAN_POINT('',(0.00785671246036788,-0.0315840372403914,-0.0132341872357392));
#2386=CARTESIAN_POINT('',(0.00802711127839869,-0.0302375674810554,-0.0134611375189008));
#2387=CARTESIAN_POINT('',(0.00819803351094547,-0.0288751531813741,-0.0133412030273931));
#2388=CARTESIAN_POINT('',(0.00835310850220881,-0.0276237913298527,-0.0129010687045186));
#2389=CARTESIAN_POINT('',(0.008490444058249,-0.0265545932574994,-0.012215064341885));
#2390=CARTESIAN_POINT('',(0.00865844175636926,-0.0256177799072301,-0.0112324445254943));
#2391=CARTESIAN_POINT('',(0.00882957853326581,-0.0249533169563949,-0.0100363027930493));
#2392=CARTESIAN_POINT('',(0.00899300330556936,-0.0246148909746433,-0.00873069306623601));
#2393=CARTESIAN_POINT('',(0.00912746752516244,-0.0245925697477569,-0.00746619809990887));
#2394=CARTESIAN_POINT('',(0.00928959616763336,-0.0248798558178299,-0.00615708884214387));
#2395=CARTESIAN_POINT('',(0.00945184159636639,-0.0254656247544337,-0.00500368740370348));
#2396=CARTESIAN_POINT('',(0.00959064856111829,-0.0261915914871678,-0.00414115300144025));
#2397=CARTESIAN_POINT('',(0.00970219606648611,-0.0269296681946796,-0.00353846438070094));
#2398=CARTESIAN_POINT('',(0.00979930884019269,-0.0277147607402246,-0.00308000683452921));
#2399=CARTESIAN_POINT('',(0.0099316823452162,-0.0287521256117516,-0.00269544908608671));
#2400=CARTESIAN_POINT('',(0.0100921822185057,-0.0300307705539233,-0.00253530261277186));
#2401=CARTESIAN_POINT('',(0.0102525500772924,-0.0313088727615183,-0.00269861565773541));
#2402=CARTESIAN_POINT('',(0.0103811083809898,-0.0323416930288603,-0.0030837104749602));
#2403=CARTESIAN_POINT('',(0.010479252231644,-0.0331271482696208,-0.003543771331104));
#2404=CARTESIAN_POINT('',(0.0105929682989301,-0.0338657712743802,-0.00414942940565937));
#2405=CARTESIAN_POINT('',(0.010732587062862,-0.0345902656854779,-0.00501426723124635));
#2406=CARTESIAN_POINT('',(0.0108947873820368,-0.0351731123568772,-0.00616909584993654));
#2407=CARTESIAN_POINT('',(0.0110536375404034,-0.0354570064982567,-0.0074754038381856));
#2408=CARTESIAN_POINT('',(0.011188921607388,-0.0354328900950638,-0.00874073344596357));
#2409=CARTESIAN_POINT('',(0.0113548679945039,-0.0350909332011198,-0.0100481732250127));
#2410=CARTESIAN_POINT('',(0.0115260292638054,-0.0344234612598129,-0.0112426715293797));
#2411=CARTESIAN_POINT('',(0.0116920636049927,-0.0334858465486944,-0.0122216602519271));
#2412=CARTESIAN_POINT('',(0.0118274101028626,-0.03241738144173,-0.0129049122704785));
#2413=CARTESIAN_POINT('',(0.0119861126797599,-0.0311618270305376,-0.0133443122913662));
#2414=CARTESIAN_POINT('',(0.0121483108113206,-0.0298731285409551,-0.0134532597535791));
#2415=CARTESIAN_POINT('',(0.012287960774376,-0.0287554075441623,-0.0132888484450187));
#2416=CARTESIAN_POINT('',(0.0124017510352898,-0.0278495430641292,-0.0129754535635375));
#2417=CARTESIAN_POINT('',(0.0124999829924083,-0.0270435518500226,-0.012544460601731));
#2418=CARTESIAN_POINT('',(0.0126283494289081,-0.026181788067271,-0.0118704906714263));
#2419=CARTESIAN_POINT('',(0.0127887224042712,-0.0253728356327556,-0.0108678409352953));
#2420=CARTESIAN_POINT('',(0.0129492206398721,-0.0248391260335527,-0.00969462721146529));
#2421=CARTESIAN_POINT('',(0.0130817342523201,-0.0246228136354366,-0.00860336347139296));
#2422=CARTESIAN_POINT('',(0.0131788396323222,-0.0246034493988538,-0.00769472019547461));
#2423=CARTESIAN_POINT('',(0.0132902784696274,-0.0247302796426227,-0.00675512099361292));
#2424=CARTESIAN_POINT('',(0.0134290607515292,-0.0250842025059382,-0.00568611480718229));
#2425=CARTESIAN_POINT('',(0.0135913028335618,-0.0257595106424959,-0.00458289743262379));
#2426=CARTESIAN_POINT('',(0.0137535438313856,-0.0267285529990519,-0.00364891400637737));
#2427=CARTESIAN_POINT('',(0.0138880427728568,-0.0278180886238205,-0.00300746969227188));
#2428=CARTESIAN_POINT('',(0.0140511890322173,-0.0291022855222193,-0.00261344223353623));
#2429=CARTESIAN_POINT('',(0.0142133993906316,-0.0303946506038682,-0.00255722676479956));
#2430=CARTESIAN_POINT('',(0.0143519527860808,-0.0315018610608194,-0.00276573729167836));
#2431=CARTESIAN_POINT('',(0.0144625811312636,-0.0323872947585153,-0.00311136331818449));
#2432=CARTESIAN_POINT('',(0.0145597331121421,-0.0331723110281345,-0.00356909783756319));
#2433=CARTESIAN_POINT('',(0.0146931937020996,-0.0340197251430552,-0.00428563389242203));
#2434=CARTESIAN_POINT('',(0.0148537436044084,-0.0347873166997456,-0.00532088124751388));
#2435=CARTESIAN_POINT('',(0.0150140755303317,-0.0352726470810243,-0.00651435457216459));
#2436=CARTESIAN_POINT('',(0.0151410560345207,-0.0354445358936062,-0.00759893759820257));
#2437=CARTESIAN_POINT('',(0.0152399612817953,-0.0354303953063533,-0.0085107675597264));
#2438=CARTESIAN_POINT('',(0.0153542708609206,-0.0352656029561599,-0.00945353936478366));
#2439=CARTESIAN_POINT('',(0.0154941984748531,-0.0348679752227104,-0.0105101952416432));
#2440=CARTESIAN_POINT('',(0.015656331690614,-0.0341482759443541,-0.0115849374568793));
#2441=CARTESIAN_POINT('',(0.0158139269580864,-0.0331527440566837,-0.0124720336367476));
#2442=CARTESIAN_POINT('',(0.0159497706392833,-0.0320381764474754,-0.0130740943498058));
#2443=CARTESIAN_POINT('',(0.0161164674159831,-0.0307292335895484,-0.0134192376227836));
#2444=CARTESIAN_POINT('',(0.0162876261812348,-0.0293608997818719,-0.013424432035764));
#2445=CARTESIAN_POINT('',(0.0164528520366252,-0.0280495827701555,-0.0130892954495908));
#2446=CARTESIAN_POINT('',(0.0165877625333208,-0.0269305031463914,-0.0124959277773131));
#2447=CARTESIAN_POINT('',(0.0167476703316479,-0.0259279939668904,-0.0116162305279934));
#2448=CARTESIAN_POINT('',(0.0169099113036111,-0.0252001572340979,-0.0105469623670893));
#2449=CARTESIAN_POINT('',(0.0170492644289056,-0.0247945182843997,-0.00949343999961012));
#2450=CARTESIAN_POINT('',(0.0171623876443329,-0.0246226081760651,-0.00855211515447394));
#2451=CARTESIAN_POINT('',(0.0172600385715046,-0.0246013711455377,-0.00764058669184893));
#2452=CARTESIAN_POINT('',(0.0173898735378587,-0.024765063931491,-0.00655433860847207));
#2453=CARTESIAN_POINT('',(0.0175502852043712,-0.0252413260293459,-0.00535719865961552));
#2454=CARTESIAN_POINT('',(0.0177107359818538,-0.0260010148473998,-0.00431615897283007));
#2455=CARTESIAN_POINT('',(0.0178420515663025,-0.0268427391287303,-0.00359341415903003));
#2456=CARTESIAN_POINT('',(0.0179392985184309,-0.0276241772348395,-0.00312957191304109));
#2457=CARTESIAN_POINT('',(0.0180515839770371,-0.0285071729324614,-0.00277713883983201));
#2458=CARTESIAN_POINT('',(0.0181906322575465,-0.0296128331865961,-0.0025601935115755));
#2459=CARTESIAN_POINT('',(0.0183528853192106,-0.0309055959760723,-0.00260659151503029));
#2460=CARTESIAN_POINT('',(0.0185140565246623,-0.0321924709897171,-0.00299079114864151));
#2461=CARTESIAN_POINT('',(0.0186486483485153,-0.0332869906696209,-0.00362366432484456));
#2462=CARTESIAN_POINT('',(0.0188129079476462,-0.0342631491964237,-0.0045509422719103));
#2463=CARTESIAN_POINT('',(0.018984056791936,-0.0349875952810778,-0.00571169506213229));
#2464=CARTESIAN_POINT('',(0.0191515098334597,-0.0353935667351782,-0.00700881811394388));
#2465=CARTESIAN_POINT('',(0.0192880983808658,-0.035474772475064,-0.00827876651406066));
#2466=CARTESIAN_POINT('',(0.0194443967240596,-0.035253376105892,-0.00958308429435603));
#2467=CARTESIAN_POINT('',(0.0196153673408027,-0.0346982907087575,-0.0108328713718637));
#2468=CARTESIAN_POINT('',(0.0197856268775491,-0.0338471061341832,-0.0119012089776005));
#2469=CARTESIAN_POINT('',(0.0199311552709936,-0.0328136905900152,-0.0126903191737609));
#2470=CARTESIAN_POINT('',(0.0200765201473289,-0.0316353971343968,-0.0132182633288656));
#2471=CARTESIAN_POINT('',(0.0202467627603572,-0.0302917971702681,-0.0134587594456999));
#2472=CARTESIAN_POINT('',(0.0204177335432412,-0.0289281172478069,-0.0133525302837148));
#2473=CARTESIAN_POINT('',(0.0205741777396111,-0.0276691313965583,-0.0129231552290355));
#2474=CARTESIAN_POINT('',(0.0207106790832318,-0.0265953990144278,-0.0122480115812797));
#2475=CARTESIAN_POINT('',(0.0208780706910197,-0.0256502063121304,-0.0112760501848687));
#2476=CARTESIAN_POINT('',(0.0210492190251089,-0.024973694622158,-0.0100866502777883));
#2477=CARTESIAN_POINT('',(0.021213570869652,-0.0246218701230186,-0.00878207299349404));
#2478=CARTESIAN_POINT('',(0.0213481866829389,-0.0245879742828986,-0.00751705594943736));
#2479=CARTESIAN_POINT('',(0.0215092417322775,-0.0248619728728904,-0.00620831808353995));
#2480=CARTESIAN_POINT('',(0.0216714983488617,-0.0254360485946885,-0.00504909407969055));
#2481=CARTESIAN_POINT('',(0.0218105691940059,-0.0261538860729622,-0.00417882151330651));
#2482=CARTESIAN_POINT('',(0.0219229405581912,-0.0268877416918342,-0.00356769592672396));
#2483=CARTESIAN_POINT('',(0.0220202180773608,-0.0276694927039652,-0.00310158981996649));
#2484=CARTESIAN_POINT('',(0.0221513943674236,-0.028699696587345,-0.00270852804039091));
#2485=CARTESIAN_POINT('',(0.0223118485807204,-0.0299765387146512,-0.00253550954098359));
#2486=CARTESIAN_POINT('',(0.0224722556995328,-0.0312563467294566,-0.0026859329099527));
#2487=CARTESIAN_POINT('',(0.0226022454898424,-0.0322962870135539,-0.0030624901981401));
#2488=CARTESIAN_POINT('',(0.0226998417584472,-0.0330849818246272,-0.00351485043766121));
#2489=CARTESIAN_POINT('',(0.0228128894356052,-0.0338277809620326,-0.00411204705448913));
#2490=CARTESIAN_POINT('',(0.0229522178268715,-0.0345603426150641,-0.00496908424486203));
#2491=CARTESIAN_POINT('',(0.023114457715349,-0.0351548435949996,-0.00611800717249809));
#2492=CARTESIAN_POINT('',(0.0232744887394435,-0.0354520221270234,-0.00742460048664903));
#2493=CARTESIAN_POINT('',(0.0234093592592117,-0.0354394781914839,-0.00868928442451451));
#2494=CARTESIAN_POINT('',(0.02357450149009,-0.0351109274472896,-0.00999766959710157));
#2495=CARTESIAN_POINT('',(0.0237456571056357,-0.034455562514004,-0.0111988272251374));
#2496=CARTESIAN_POINT('',(0.0239124357722519,-0.0335263600558282,-0.0121883937691928));
#2497=CARTESIAN_POINT('',(0.0240483032667796,-0.0324626622600761,-0.0128825404039757));
#2498=CARTESIAN_POINT('',(0.0242059375294903,-0.0312143509353333,-0.0133323191058111));
#2499=CARTESIAN_POINT('',(0.0243769467724597,-0.0298529004560803,-0.0134626194323892));
#2500=CARTESIAN_POINT('',(0.024547009118384,-0.0285046695675902,-0.0132458070631757));
#2501=CARTESIAN_POINT('',(0.0246908385684469,-0.0273140098883814,-0.0127363052239038));
#2502=CARTESIAN_POINT('',(0.0248379398384653,-0.0262706489670612,-0.0119671625517411));
#2503=CARTESIAN_POINT('',(0.0250083407800825,-0.0254010185312665,-0.0109144283942384));
#2504=CARTESIAN_POINT('',(0.0251792621841663,-0.0248238584052829,-0.0096744940486877));
#2505=CARTESIAN_POINT('',(0.0253343170402431,-0.024579533528559,-0.00837073558577431));
#2506=CARTESIAN_POINT('',(0.0254716656132731,-0.0246392001858334,-0.00710175700524856));
#2507=CARTESIAN_POINT('',(0.0256396715583133,-0.025021960431973,-0.00579917306738986));
#2508=CARTESIAN_POINT('',(0.0258108081349535,-0.0257257883280713,-0.00462576310171284));
#2509=CARTESIAN_POINT('',(0.0259742190901026,-0.0266873737969973,-0.0036800335056334));
#2510=CARTESIAN_POINT('',(0.0261086821325114,-0.0277713764886972,-0.00302860220631201));
#2511=CARTESIAN_POINT('',(0.0262708258181271,-0.0290488399703452,-0.00262300916309289));
#2512=CARTESIAN_POINT('',(0.0264330708925749,-0.0303406094826791,-0.00255378684042733));
#2513=CARTESIAN_POINT('',(0.0265718741622258,-0.031450531041332,-0.00275138240861313));
#2514=CARTESIAN_POINT('',(0.0266834092050656,-0.032341436225451,-0.00308934318673639));
#2515=CARTESIAN_POINT('',(0.026780521081412,-0.0331309503444679,-0.00354012292220262));
#2516=CARTESIAN_POINT('',(0.0269129109183167,-0.0339826117187897,-0.00424637771259485));
#2517=CARTESIAN_POINT('',(0.0270734114758605,-0.0347604773402903,-0.00527375771347769));
#2518=CARTESIAN_POINT('',(0.0272337787969349,-0.0352579214486036,-0.00646235410795428));
#2519=CARTESIAN_POINT('',(0.0273623155852907,-0.0354406725694484,-0.00754931928369651));
#2520=CARTESIAN_POINT('',(0.0274604687946583,-0.0354348562149986,-0.00845959263766483));
#2521=CARTESIAN_POINT('',(0.0275741938841433,-0.0352795165529666,-0.00940209433079066));
#2522=CARTESIAN_POINT('',(0.0277138169324029,-0.0348926371466882,-0.0104618989123057));
#2523=CARTESIAN_POINT('',(0.0278760164887336,-0.0341837926044266,-0.0115439690631729));
#2524=CARTESIAN_POINT('',(0.0280348492326882,-0.0331943538453375,-0.0124428141100096));
#2525=CARTESIAN_POINT('',(0.0281701402557048,-0.0320863947922513,-0.0130544547011444));
#2526=CARTESIAN_POINT('',(0.0283360977638662,-0.0307830575388661,-0.0134118559314808));
#2527=CARTESIAN_POINT('',(0.0285072590314687,-0.0294148526945238,-0.0134308585873792));
#2528=CARTESIAN_POINT('',(0.0286732823608762,-0.0280982897196069,-0.0131081743065229));
#2529=CARTESIAN_POINT('',(0.0288086216792463,-0.026972442962772,-0.0125243457492592));
#2530=CARTESIAN_POINT('',(0.0289673417700432,-0.025964214346874,-0.0116565319769501));
#2531=CARTESIAN_POINT('',(0.0291295406998418,-0.0252256673912778,-0.0105948495065317));
#2532=CARTESIAN_POINT('',(0.0292691863476237,-0.0248093448175359,-0.00954462119530298));
#2533=CARTESIAN_POINT('',(0.0293829677334971,-0.0246279571434123,-0.00860341786208648));
#2534=CARTESIAN_POINT('',(0.0294811899899377,-0.0245983336307813,-0.00768994419504911));
#2535=CARTESIAN_POINT('',(0.0296095781622029,-0.0247512807470962,-0.00660660456658895));
#2536=CARTESIAN_POINT('',(0.0297699516596291,-0.0252153016482091,-0.0054047732199009));
#2537=CARTESIAN_POINT('',(0.0299304491950727,-0.0259646291207655,-0.00435606971988364));
#2538=CARTESIAN_POINT('',(0.0300629466961065,-0.0268016066767402,-0.00362324951463398));
#2539=CARTESIAN_POINT('',(0.0301600526314501,-0.0275788893860804,-0.00315226273195494));
#2540=CARTESIAN_POINT('',(0.0302715040783693,-0.0284561064120785,-0.00279240665667992));
#2541=CARTESIAN_POINT('',(0.0304102900255776,-0.0295588962461675,-0.00256456664018066));
#2542=CARTESIAN_POINT('',(0.0305725324923205,-0.0308519616581998,-0.00259797888716904));
#2543=CARTESIAN_POINT('',(0.0307347585651896,-0.0321452458910755,-0.00297037336603929));
#2544=CARTESIAN_POINT('',(0.030869258390162,-0.0332454367148746,-0.0035933600523437));
#2545=CARTESIAN_POINT('',(0.0310324188380847,-0.0342286753533778,-0.00450865952720794));
#2546=CARTESIAN_POINT('',(0.0311946284592124,-0.0349233833186103,-0.00559987260160276));
#2547=CARTESIAN_POINT('',(0.031333178370865,-0.0352962572068444,-0.00666304455540055));
#2548=CARTESIAN_POINT('',(0.0314437930622972,-0.0354395184863987,-0.00760265014077213));
#2549=CARTESIAN_POINT('',(0.0315409470962701,-0.0354354978609075,-0.00851135910679161));
#2550=CARTESIAN_POINT('',(0.0316744221932487,-0.0352385071489984,-0.00960352682601459));
#2551=CARTESIAN_POINT('',(0.0318349728325467,-0.0347255810334312,-0.0107858321723415));
#2552=CARTESIAN_POINT('',(0.0319953042768237,-0.0339345201789959,-0.0118027603725957));
#2553=CARTESIAN_POINT('',(0.0321222614730435,-0.033081142995896,-0.0124937582202172));
#2554=CARTESIAN_POINT('',(0.0322211790214522,-0.0322843220850914,-0.0129373360359713));
#2555=CARTESIAN_POINT('',(0.032335496412504,-0.0313853921807875,-0.0132658901936417));
#2556=CARTESIAN_POINT('',(0.032475428513984,-0.0302714498929705,-0.0134497057222433));
#2557=CARTESIAN_POINT('',(0.0326375605819373,-0.0289808609121566,-0.0133636107132399));
#2558=CARTESIAN_POINT('',(0.0327951376227193,-0.0277149514896244,-0.0129448438481351));
#2559=CARTESIAN_POINT('',(0.0329309902652585,-0.026636338046961,-0.0122804776857871));
#2560=CARTESIAN_POINT('',(0.0330976972128497,-0.0256830783550755,-0.0113193145267258));
#2561=CARTESIAN_POINT('',(0.0332688559077336,-0.0249945848225981,-0.0101367998406685));
#2562=CARTESIAN_POINT('',(0.0334340698065662,-0.0246293562054287,-0.0088335758290834));
#2563=CARTESIAN_POINT('',(0.0335689751320488,-0.0245838552566887,-0.00756775426459598));
#2564=CARTESIAN_POINT('',(0.0337288996241575,-0.0248446307608501,-0.00625969521020286));
#2565=CARTESIAN_POINT('',(0.0338911410087148,-0.0254068966964954,-0.00509481623187857));
#2566=CARTESIAN_POINT('',(0.034030490024269,-0.0261165721312504,-0.0042168714220454));
#2567=CARTESIAN_POINT('',(0.0341436031585029,-0.0268458958340525,-0.00359744890190207));
#2568=CARTESIAN_POINT('',(0.0342412473311432,-0.0276247231957772,-0.00312340926652287));
#2569=CARTESIAN_POINT('',(0.0343711022318117,-0.0286473992649556,-0.00272216276728175));
#2570=CARTESIAN_POINT('',(0.0345315144742377,-0.0299223116484695,-0.00253623438201256));
#2571=CARTESIAN_POINT('',(0.0346919646098499,-0.0312037045818902,-0.00267380790335341));
#2572=CARTESIAN_POINT('',(0.0348232622512978,-0.0322503772504872,-0.00304152316478759));
#2573=CARTESIAN_POINT('',(0.0349205127356015,-0.0330427598067971,-0.0034864457145169));
#2574=CARTESIAN_POINT('',(0.0350328095267929,-0.0337893590143054,-0.0040750707273763));
#2575=CARTESIAN_POINT('',(0.035227483518308,-0.034826935515076,-0.00526366519900987));
#2576=CARTESIAN_POINT('',(0.0353922727558377,-0.035301146223964,-0.00650645385413427));
#2577=CARTESIAN_POINT('',(0.0354908434644017,-0.0353946371995519,-0.00736660632702984));
#2578=CARTESIAN_POINT('',(-0.00389999986499503,-0.0332581909885813,-0.0109836693325164));
#2579=CARTESIAN_POINT('',(-0.00425458854823021,-0.0338347563764549,-0.0108816920013049));
#2580=CARTESIAN_POINT('',(-0.00458759862906842,-0.0343954189254195,-0.0106550738608382));
#2581=CARTESIAN_POINT('',(-0.00490123355728322,-0.0349024808107919,-0.010318968405165));
#2582=CARTESIAN_POINT('',(-0.00490123355729226,-0.0349024808107946,-0.0103189684051805));
#2583=CARTESIAN_POINT('',(-0.00490123355728882,-0.0349024808107948,-0.0103189684051801));
#2584=CARTESIAN_POINT('',(-0.00479231902881176,-0.0345299466307022,-0.0111025742803714));
#2585=CARTESIAN_POINT('',(-0.00457525373665426,-0.0333910138605921,-0.0124961347053033));
#2586=CARTESIAN_POINT('',(-0.00428441909121134,-0.0309165182255189,-0.0135433285842121));
#2587=CARTESIAN_POINT('',(-0.00394240496584807,-0.0282396218849178,-0.0133255268628111));
#2588=CARTESIAN_POINT('',(-0.00366075107850282,-0.0259636713302395,-0.0118783106028994));
#2589=CARTESIAN_POINT('',(-0.00331413981241169,-0.0246281456747248,-0.00955586114750913));
#2590=CARTESIAN_POINT('',(-0.00303390760840588,-0.0245259644714662,-0.00685663692635142));
#2591=CARTESIAN_POINT('',(-0.0026888404531693,-0.0256816651044501,-0.00443998682922484));
#2592=CARTESIAN_POINT('',(-0.00240400274386851,-0.0278421707665986,-0.00282451619349033));
#2593=CARTESIAN_POINT('',(-0.00206621538061686,-0.0304939714641514,-0.00240467853183222));
#2594=CARTESIAN_POINT('',(-0.00177064925598479,-0.0330418404460024,-0.00326254978327198));
#2595=CARTESIAN_POINT('',(-0.00144610425383525,-0.0348996869248048,-0.00521358852663787));
#2596=CARTESIAN_POINT('',(-0.00113343582550309,-0.0356367296065607,-0.00779194786374007));
#2597=CARTESIAN_POINT('',(-0.00082702278415099,-0.035085802718188,-0.0104333531533494));
#2598=CARTESIAN_POINT('',(-0.000497249761513989,-0.0333807064853711,-0.0125019677345639));
#2599=CARTESIAN_POINT('',(-0.000206754939459278,-0.0308967115677974,-0.0135482049199576));
#2600=CARTESIAN_POINT('',(0.000135435496671579,-0.0282207611067949,-0.0133174475673282));
#2601=CARTESIAN_POINT('',(0.000416040077392856,-0.0259549673839583,-0.0118706792701641));
#2602=CARTESIAN_POINT('',(0.000764383187774323,-0.0246216852339021,-0.009531396105));
#2603=CARTESIAN_POINT('',(0.00104241916508754,-0.0245279690499636,-0.00684822151462333));
#2604=CARTESIAN_POINT('',(0.0013896130290971,-0.0256961646810786,-0.00442110946948434));
#2605=CARTESIAN_POINT('',(0.00167269770095451,-0.0278542196391281,-0.00282095283793437));
#2606=CARTESIAN_POINT('',(0.00201139263389563,-0.030510443604573,-0.00240451683223788));
#2607=CARTESIAN_POINT('',(0.00230693099147185,-0.0330585653849931,-0.00327485299672255));
#2608=CARTESIAN_POINT('',(0.00263065938046007,-0.0349049881256092,-0.00522123966031461));
#2609=CARTESIAN_POINT('',(0.0029445676293795,-0.0356374536767259,-0.00781680661279883));
#2610=CARTESIAN_POINT('',(0.00324964874380248,-0.0350815986329655,-0.0104409955631232));
#2611=CARTESIAN_POINT('',(0.00358063349084417,-0.0333631291197013,-0.0125164437648234));
#2612=CARTESIAN_POINT('',(0.00387061864694808,-0.0308817774493992,-0.0135490448930256));
#2613=CARTESIAN_POINT('',(0.00421252514252385,-0.028205800283175,-0.0133140076029642));
#2614=CARTESIAN_POINT('',(0.00449440466133835,-0.0259395561817067,-0.0118528530245169));
#2615=CARTESIAN_POINT('',(0.00484093631396395,-0.0246183882668735,-0.00952181382323355));
#2616=CARTESIAN_POINT('',(0.00512104692884448,-0.0245333293166144,-0.00682205164928782));
#2617=CARTESIAN_POINT('',(0.0054664444808225,-0.0257039714638362,-0.00441285282174662));
#2618=CARTESIAN_POINT('',(0.00575070727258099,-0.0278751356456652,-0.00281077122633331));
#2619=CARTESIAN_POINT('',(0.00608927549640179,-0.0305288364193393,-0.0024077067754942));
#2620=CARTESIAN_POINT('',(0.00638376061657081,-0.0330719547009102,-0.00328183857625072));
#2621=CARTESIAN_POINT('',(0.00670955725768195,-0.0349169730832204,-0.0052441548573499));
#2622=CARTESIAN_POINT('',(0.00702075974951089,-0.035637988334423,-0.00782741355944066));
#2623=CARTESIAN_POINT('',(0.0073286424316144,-0.0350703089734494,-0.0104651905986757));
#2624=CARTESIAN_POINT('',(0.00765720020115532,-0.0333524425491514,-0.0125229721590128));
#2625=CARTESIAN_POINT('',(0.00794875858752975,-0.0308613660347409,-0.0135536274733944));
#2626=CARTESIAN_POINT('',(0.00829017573410329,-0.0281875355333125,-0.0133060447333607));
#2627=CARTESIAN_POINT('',(0.00857130435572385,-0.0259304617339927,-0.0118447963142797));
#2628=CARTESIAN_POINT('',(0.00891942222724288,-0.0246122192622618,-0.00949741684044951));
#2629=CARTESIAN_POINT('',(0.009197385647838,-0.0245352832023585,-0.00681361156488674));
#2630=CARTESIAN_POINT('',(0.00954494019869787,-0.0257189275462706,-0.00439382669259662));
#2631=CARTESIAN_POINT('',(0.00982734818751143,-0.0278866748690249,-0.00280742416108188));
#2632=CARTESIAN_POINT('',(0.0101669817410997,-0.0305461304336609,-0.00240772878830139));
#2633=CARTESIAN_POINT('',(0.0104612792790029,-0.0330880790203276,-0.00329399246210572));
#2634=CARTESIAN_POINT('',(0.0107863730431222,-0.0349225090006544,-0.00525213848272974));
#2635=CARTESIAN_POINT('',(0.0110987412471552,-0.0356384408590294,-0.00785221295618823));
#2636=CARTESIAN_POINT('',(0.0114052981416301,-0.0350662309796837,-0.0104726952396881));
#2637=CARTESIAN_POINT('',(0.0117351284472038,-0.0333343449268099,-0.0125375345873408));
#2638=CARTESIAN_POINT('',(0.0120260510233656,-0.0308471231385292,-0.0135543143146207));
#2639=CARTESIAN_POINT('',(0.0123673455905993,-0.0281718999659392,-0.013302300435241));
#2640=CARTESIAN_POINT('',(0.0126496128203134,-0.0259155769827428,-0.0118271879747448));
#2641=CARTESIAN_POINT('',(0.012995996699754,-0.0246088151798787,-0.00948761037293298));
#2642=CARTESIAN_POINT('',(0.0132760301883769,-0.0245409240803178,-0.00678746496003283));
#2643=CARTESIAN_POINT('',(0.0136217220704744,-0.025726508596561,-0.00438578464428246));
#2644=CARTESIAN_POINT('',(0.0139054454596546,-0.0279082308219837,-0.00279722313100068));
#2645=CARTESIAN_POINT('',(0.0142447603585114,-0.0305637582431322,-0.0024109511941575));
#2646=CARTESIAN_POINT('',(0.0145382029285928,-0.0331020271659112,-0.00330137770672705));
#2647=CARTESIAN_POINT('',(0.014865225243104,-0.0349340953238285,-0.0052748755153798));
#2648=CARTESIAN_POINT('',(0.0151749423897661,-0.0356390244519764,-0.00786298853852595));
#2649=CARTESIAN_POINT('',(0.0154843280619794,-0.0350545931193337,-0.0104969718952145));
#2650=CARTESIAN_POINT('',(0.0158116356196889,-0.0333239702385077,-0.0125438558990509));
#2651=CARTESIAN_POINT('',(0.0161042952210842,-0.0308259419371123,-0.0135588270209311));
#2652=CARTESIAN_POINT('',(0.0164449010951744,-0.0281543077139697,-0.0132944167858777));
#2653=CARTESIAN_POINT('',(0.0167266003742527,-0.0259060561696711,-0.0118186824751333));
#2654=CARTESIAN_POINT('',(0.0170744463791882,-0.0246029515019719,-0.00946332432695036));
#2655=CARTESIAN_POINT('',(0.0173523852143014,-0.0245428368067728,-0.00677895434890749));
#2656=CARTESIAN_POINT('',(0.0177002544293486,-0.0257418962436373,-0.00436664982207643));
#2657=CARTESIAN_POINT('',(0.0179820321551089,-0.0279192980441387,-0.0027940643173542));
#2658=CARTESIAN_POINT('',(0.0183225612687054,-0.0305818436345845,-0.00241117724313362));
#2659=CARTESIAN_POINT('',(0.0186156563693394,-0.0331175354837855,-0.0033133488177264));
#2660=CARTESIAN_POINT('',(0.0189420990114862,-0.034939880216263,-0.00528323802061915));
#2661=CARTESIAN_POINT('',(0.0192528962175062,-0.0356392057988286,-0.00788768093838556));
#2662=CARTESIAN_POINT('',(0.0195609741541005,-0.0350506224807741,-0.0105043841058608));
#2663=CARTESIAN_POINT('',(0.0198896033726628,-0.033305381657382,-0.0125584695581838));
#2664=CARTESIAN_POINT('',(0.02018151020684,-0.0308123634272771,-0.0135593861298468));
#2665=CARTESIAN_POINT('',(0.0205221546704784,-0.0281379741195139,-0.0132903364858413));
#2666=CARTESIAN_POINT('',(0.0208048469582219,-0.0258917215448164,-0.0118013337142854));
#2667=CARTESIAN_POINT('',(0.0211510481832548,-0.024599432209163,-0.00945324627137796));
#2668=CARTESIAN_POINT('',(0.0214310402741752,-0.0245487484595201,-0.0067528794410031));
#2669=CARTESIAN_POINT('',(0.0217769926003114,-0.0257492775802695,-0.00435878375521897));
#2670=CARTESIAN_POINT('',(0.022060211722027,-0.027941455724335,-0.00278387317935726));
#2671=CARTESIAN_POINT('',(0.0224002390159022,-0.0305987360680657,-0.00241441306154752));
#2672=CARTESIAN_POINT('',(0.0226926778228286,-0.0331320563491397,-0.0033211685187437));
#2673=CARTESIAN_POINT('',(0.0230208994793223,-0.0349510523467532,-0.00530575028948486));
#2674=CARTESIAN_POINT('',(0.0233291122878403,-0.0356398359943191,-0.00789867234481136));
#2675=CARTESIAN_POINT('',(0.0236400340079867,-0.0350386546191091,-0.0105286960527711));
#2676=CARTESIAN_POINT('',(0.0239660563098014,-0.0332952888991584,-0.0125646172319539));
#2677=CARTESIAN_POINT('',(0.0242598550081344,-0.0307904395970168,-0.0135638026155125));
#2678=CARTESIAN_POINT('',(0.0245996113748936,-0.0281210784653188,-0.0132825625355209));
#2679=CARTESIAN_POINT('',(0.0248819282629408,-0.0258817521528184,-0.0117923365296189));
#2680=CARTESIAN_POINT('',(0.0252294554580169,-0.0245938831238021,-0.00942911867898298));
#2681=CARTESIAN_POINT('',(0.0255074180019183,-0.0245506315971944,-0.00674425035123681));
#2682=CARTESIAN_POINT('',(0.0258555555681561,-0.0257650714186815,-0.0043395796676137));
#2683=CARTESIAN_POINT('',(0.026136749791834,-0.0279520896904873,-0.00278087489636317));
#2684=CARTESIAN_POINT('',(0.0264781309271757,-0.0306175831303039,-0.002414863177994));
#2685=CARTESIAN_POINT('',(0.0267700631564984,-0.0331469340570382,-0.00333292307495074));
#2686=CARTESIAN_POINT('',(0.0270978344128657,-0.0349571002722368,-0.00531453984204442));
#2687=CARTESIAN_POINT('',(0.0274070432771823,-0.0356397473142466,-0.00792320933691425));
#2688=CARTESIAN_POINT('',(0.0277166739984682,-0.0350347713443568,-0.0105360619798772));
#2689=CARTESIAN_POINT('',(0.0280440588996417,-0.0332762388112262,-0.012579247916312));
#2690=CARTESIAN_POINT('',(0.0283369962523739,-0.0307774967392836,-0.0135642587054285));
#2691=CARTESIAN_POINT('',(0.0286769518727619,-0.0281040266424954,-0.0132781149180976));
#2692=CARTESIAN_POINT('',(0.0289601073383942,-0.0258679894772234,-0.011775289019454));
#2693=CARTESIAN_POINT('',(0.0293060906741147,-0.0245902413362508,-0.00941872039346143));
#2694=CARTESIAN_POINT('',(0.0295860773715862,-0.0245568034080922,-0.00671829494899562));
#2695=CARTESIAN_POINT('',(0.0299322559879391,-0.0257722802323619,-0.00433185083962516));
#2696=CARTESIAN_POINT('',(0.030215006399116,-0.0279748111721212,-0.00277072203598614));
#2697=CARTESIAN_POINT('',(0.0305557108801572,-0.0306337704099446,-0.00241809388450328));
#2698=CARTESIAN_POINT('',(0.0308471876232824,-0.0331620419767289,-0.00334121297257584));
#2699=CARTESIAN_POINT('',(0.031176572374833,-0.0349678434726121,-0.00533678102168375));
#2700=CARTESIAN_POINT('',(0.0314832979187479,-0.0356404209818726,-0.00793446266318472));
#2701=CARTESIAN_POINT('',(0.0317957528039087,-0.035022492335806,-0.0105603640962408));
#2702=CARTESIAN_POINT('',(0.0321204642262207,-0.0332663967623973,-0.0125852549521049));
#2703=CARTESIAN_POINT('',(0.0324154376626688,-0.0307548581177075,-0.0135685535354594));
#2704=CARTESIAN_POINT('',(0.0327543064756394,-0.0280878473368519,-0.0132704802201551));
#2705=CARTESIAN_POINT('',(0.0330372889020999,-0.0258575506492701,-0.011765756709695));
#2706=CARTESIAN_POINT('',(0.033384447084815,-0.0245850137159461,-0.00939479717870367));
#2707=CARTESIAN_POINT('',(0.0336624930021701,-0.0245586745309272,-0.00670950518162881));
#2708=CARTESIAN_POINT('',(0.0340108110919787,-0.0257884361659934,-0.00431259259807238));
#2709=CARTESIAN_POINT('',(0.0342916227236434,-0.0279851197733219,-0.00276794522339415));
#2710=CARTESIAN_POINT('',(0.0346332378362612,-0.0306530948818578,-0.00241845881017235));
#2711=CARTESIAN_POINT('',(0.0349261902464269,-0.0331772267047372,-0.00335394444724629));
#2712=CARTESIAN_POINT('',(0.0351402439799591,-0.0343728195851199,-0.00467895824947676));
#2713=CARTESIAN_POINT('',(0.0352500000000022,-0.0347855019589572,-0.00544928349870358));
#2714=CARTESIAN_POINT('',(-0.0051448032317071,-0.0354166769531613,-0.00831212031398337));
#2715=CARTESIAN_POINT('',(-0.00504459498507851,-0.0353741843752329,-0.00919822227676651));
#2716=CARTESIAN_POINT('',(-0.00487452604812962,-0.0349528793765529,-0.0105070472070856));
#2717=CARTESIAN_POINT('',(-0.00467274406287156,-0.0339297049155077,-0.011779359159739));
#2718=CARTESIAN_POINT('',(-0.00455684264555008,-0.033178367777786,-0.0124140632715089));
#2719=CARTESIAN_POINT('',(-0.00445642328503443,-0.0323725229325919,-0.0128970021700534));
#2720=CARTESIAN_POINT('',(-0.00431923681283174,-0.0312992259160947,-0.0133010443958983));
#2721=CARTESIAN_POINT('',(-0.00416238015070677,-0.0300531087274048,-0.0134521968211574));
#2722=CARTESIAN_POINT('',(-0.00401713468528076,-0.0288922283152628,-0.0133157474488893));
#2723=CARTESIAN_POINT('',(-0.00389862510472116,-0.0279488007537708,-0.0130127044102016));
#2724=CARTESIAN_POINT('',(-0.00379651064241846,-0.0271085926180832,-0.0125815807993904));
#2725=CARTESIAN_POINT('',(-0.00366437441712469,-0.0262091907984026,-0.0118933777813534));
#2726=CARTESIAN_POINT('',(-0.00349813099679411,-0.0253694945852038,-0.0108585266176596));
#2727=CARTESIAN_POINT('',(-0.00333191795399506,-0.0248261117957969,-0.00964172511208183));
#2728=CARTESIAN_POINT('',(-0.00319830344152403,-0.0246189712312585,-0.00852411810343198));
#2729=CARTESIAN_POINT('',(-0.00309687846274116,-0.0246151662077002,-0.00758173632756308));
#2730=CARTESIAN_POINT('',(-0.00297893860691694,-0.024771512481033,-0.00660483802246357));
#2731=CARTESIAN_POINT('',(-0.00283395398259795,-0.0251746690057911,-0.00550842894563587));
#2732=CARTESIAN_POINT('',(-0.00267702280581286,-0.02587298492576,-0.00446513274708035));
#2733=CARTESIAN_POINT('',(-0.00253879702222348,-0.0267211699466588,-0.00368892101374658));
#2734=CARTESIAN_POINT('',(-0.00243838676904885,-0.0275166925055061,-0.00318925952145224));
#2735=CARTESIAN_POINT('',(-0.00232332811152928,-0.0284205768543129,-0.00280742711938907));
#2736=CARTESIAN_POINT('',(-0.00217947885685766,-0.0295607233445506,-0.00256719517623979));
#2737=CARTESIAN_POINT('',(-0.00201145903141455,-0.0308975868343409,-0.00260806283431345));
#2738=CARTESIAN_POINT('',(-0.00184640846164479,-0.0322194252149169,-0.00300581584323404));
#2739=CARTESIAN_POINT('',(-0.00170654312977634,-0.0333469692836202,-0.00367151452225169));
#2740=CARTESIAN_POINT('',(-0.00153423958179016,-0.0343437101919424,-0.00465524739674636));
#2741=CARTESIAN_POINT('',(-0.00135694294624716,-0.0350574569519541,-0.0058770880835267));
#2742=CARTESIAN_POINT('',(-0.0011876688220133,-0.0354242308105366,-0.00721981180558228));
#2743=CARTESIAN_POINT('',(-0.00104871798429433,-0.0354547937925477,-0.00852638140486002));
#2744=CARTESIAN_POINT('',(-0.000879635494220367,-0.0351514511426701,-0.00988431594716795));
#2745=CARTESIAN_POINT('',(-0.000702340721637169,-0.034495843688415,-0.0111383053190684));
#2746=CARTESIAN_POINT('',(-0.000529891200403558,-0.0335460512118099,-0.0121679729571068));
#2747=CARTESIAN_POINT('',(-0.000389928941535466,-0.0324506486049963,-0.0128858062663929));
#2748=CARTESIAN_POINT('',(-0.000225117420594215,-0.0311494927075486,-0.0133448211137985));
#2749=CARTESIAN_POINT('',(-5.70918838931261E-5,-0.0298160086240029,-0.0134483802204452));
#2750=CARTESIAN_POINT('',(8.68004643971792E-5,-0.0286657384217337,-0.0132618787658211));
#2751=CARTESIAN_POINT('',(0.000202038996978353,-0.0277445100610401,-0.0129226190485516));
#2752=CARTESIAN_POINT('',(0.000302436348764515,-0.0269265264330142,-0.0124607118305729));
#2753=CARTESIAN_POINT('',(0.000440458463693774,-0.0260433368422021,-0.0117254357497391));
#2754=CARTESIAN_POINT('',(0.000597374135426009,-0.0252968486788604,-0.010716092161025));
#2755=CARTESIAN_POINT('',(0.000742411745931841,-0.0248426687948282,-0.00963966991319907));
#2756=CARTESIAN_POINT('',(0.00086047413529581,-0.0246406504065322,-0.00867085009318088));
#2757=CARTESIAN_POINT('',(0.000962025957814677,-0.0246003751440104,-0.00772897017258669));
#2758=CARTESIAN_POINT('',(0.00109534665562469,-0.0247548830092087,-0.00660368355816643));
#2759=CARTESIAN_POINT('',(0.00126156554160138,-0.0252405628579125,-0.00536271179545508));
#2760=CARTESIAN_POINT('',(0.00142780273988236,-0.0260307529323501,-0.00428959581701192));
#2761=CARTESIAN_POINT('',(0.00156025018252564,-0.0268976204582901,-0.00355952580634928));
#2762=CARTESIAN_POINT('',(0.00166220943940823,-0.0277163795969589,-0.0030898025974382));
#2763=CARTESIAN_POINT('',(0.00178060815491992,-0.0286442909705593,-0.00274298028990101));
#2764=CARTESIAN_POINT('',(0.00192579965926267,-0.0297973608611939,-0.00255227208631072));
#2765=CARTESIAN_POINT('',(0.00208267128285165,-0.0310492320830694,-0.00264476954127784));
#2766=CARTESIAN_POINT('',(0.00222008040508951,-0.0321408560992239,-0.00299829149445981));
#2767=CARTESIAN_POINT('',(0.00232048166829458,-0.0329683353931617,-0.00344300311333588));
#2768=CARTESIAN_POINT('',(0.00243622245833186,-0.0337482801281651,-0.00404155702526186));
#2769=CARTESIAN_POINT('',(0.00258024117202317,-0.0345202657916175,-0.00491491244858581));
#2770=CARTESIAN_POINT('',(0.00274827800698044,-0.0351444877058795,-0.00609783416976172));
#2771=CARTESIAN_POINT('',(0.00291238864596155,-0.0354508135242194,-0.00744111375615198));
#2772=CARTESIAN_POINT('',(0.00305265856961631,-0.0354291724719234,-0.00875146160529067));
#2773=CARTESIAN_POINT('',(0.00322551502297604,-0.035065327868394,-0.0101054128801391));
#2774=CARTESIAN_POINT('',(0.00340280341528686,-0.0343548554462418,-0.0113291249051177));
#2775=CARTESIAN_POINT('',(0.00357132039649335,-0.0333698272449925,-0.0123095686529852));
#2776=CARTESIAN_POINT('',(0.00371029958192128,-0.0322489280916838,-0.0129817694805495));
#2777=CARTESIAN_POINT('',(0.00388011273705222,-0.0309163383569483,-0.0133890609278619));
#2778=CARTESIAN_POINT('',(0.00405741348952911,-0.0295021203576386,-0.0134376572010639));
#2779=CARTESIAN_POINT('',(0.00422928320136905,-0.0281393655143547,-0.0131203734038224));
#2780=CARTESIAN_POINT('',(0.00436889672755145,-0.0269748953721365,-0.0125231698796209));
#2781=CARTESIAN_POINT('',(0.0045346249934726,-0.0259312863144795,-0.0116167309319834));
#2782=CARTESIAN_POINT('',(0.00470262237708722,-0.0251831553941122,-0.0105081091889503));
#2783=CARTESIAN_POINT('',(0.00484635081881466,-0.0247777721693708,-0.00941607492830311));
#2784=CARTESIAN_POINT('',(0.00496087374545829,-0.0246181091379324,-0.00844948248649612));
#2785=CARTESIAN_POINT('',(0.00506136230158734,-0.0246154901212117,-0.00750984127896261));
#2786=CARTESIAN_POINT('',(0.00520014993789244,-0.0248191343992853,-0.00637663777248992));
#2787=CARTESIAN_POINT('',(0.00535712553430751,-0.0253286692750361,-0.00522913131558516));
#2788=CARTESIAN_POINT('',(0.00550195939234042,-0.0260402810190015,-0.00430322391543465));
#2789=CARTESIAN_POINT('',(0.00561952919937758,-0.0267819817480946,-0.00365009367940626));
#2790=CARTESIAN_POINT('',(0.00572062871979121,-0.0275798407390194,-0.0031503680005232));
#2791=CARTESIAN_POINT('',(0.00585506606146353,-0.028637504761351,-0.00272768634205506));
#2792=CARTESIAN_POINT('',(0.00602126192858067,-0.0299564812569305,-0.00253768771649358));
#2793=CARTESIAN_POINT('',(0.00618752480742333,-0.0312798169733332,-0.00269542800954315));
#2794=CARTESIAN_POINT('',(0.00631873754515275,-0.0323395556981806,-0.00308722219828313));
#2795=CARTESIAN_POINT('',(0.00642134133466608,-0.0331540933190883,-0.00356789637000753));
#2796=CARTESIAN_POINT('',(0.00654015342620788,-0.0339147009127081,-0.00420433498271605));
#2797=CARTESIAN_POINT('',(0.0066855559578846,-0.0346501281686216,-0.00511340537969783));
#2798=CARTESIAN_POINT('',(0.00684236853355872,-0.0351873682170931,-0.00624775100256223));
#2799=CARTESIAN_POINT('',(0.00697889233114667,-0.0354185795448375,-0.00736909760418287));
#2800=CARTESIAN_POINT('',(0.00707939528267183,-0.0354408399617375,-0.00830854667657409));
#2801=CARTESIAN_POINT('',(0.00719577302161344,-0.0353052920508709,-0.00928411507713823));
#2802=CARTESIAN_POINT('',(0.00733996861163675,-0.0349266318337579,-0.0103870393811522));
#2803=CARTESIAN_POINT('',(0.00750800744290312,-0.0342058433369811,-0.011513714918178));
#2804=CARTESIAN_POINT('',(0.00767114714098265,-0.0331910915460845,-0.0124416432291291));
#2805=CARTESIAN_POINT('',(0.00781189678768547,-0.0320400032521614,-0.0130709321457194));
#2806=CARTESIAN_POINT('',(0.00798526980643014,-0.030681511279561,-0.0134232587275199));
#2807=CARTESIAN_POINT('',(0.00816254687901369,-0.0292666166664046,-0.0134091957246897));
#2808=CARTESIAN_POINT('',(0.00833027129432243,-0.0279297789839496,-0.0130373480079468));
#2809=CARTESIAN_POINT('',(0.0084693549482326,-0.0267912639539561,-0.012394834272757));
#2810=CARTESIAN_POINT('',(0.00863986376145802,-0.025777725337492,-0.0114357579825053));
#2811=CARTESIAN_POINT('',(0.00881716446816429,-0.0250375583696849,-0.0102297026739298));
#2812=CARTESIAN_POINT('',(0.00898842931632509,-0.0246412146004875,-0.00888961094613018));
#2813=CARTESIAN_POINT('',(0.00912772820226457,-0.024584940383696,-0.00758292159834132));
#2814=CARTESIAN_POINT('',(0.0092944955328628,-0.0248587940276066,-0.00622532288083797));
#2815=CARTESIAN_POINT('',(0.00947175572884179,-0.0254869171398311,-0.00495748471511449));
#2816=CARTESIAN_POINT('',(0.0096456788615207,-0.026417433975657,-0.00390483239494673));
#2817=CARTESIAN_POINT('',(0.00978707424437085,-0.0275018382000826,-0.00316335391096554));
#2818=CARTESIAN_POINT('',(0.00994905685327432,-0.0287859384977546,-0.00268059625246163));
#2819=CARTESIAN_POINT('',(0.0101170800332281,-0.0301168143893088,-0.00254813264964015));
#2820=CARTESIAN_POINT('',(0.0102614864084418,-0.0312721876362945,-0.00271020617992724));
#2821=CARTESIAN_POINT('',(0.0103785462541344,-0.0322050244504032,-0.00303214528588049));
#2822=CARTESIAN_POINT('',(0.0104792901557961,-0.0330328340787256,-0.00347839928627938));
#2823=CARTESIAN_POINT('',(0.0106148244567958,-0.0339250684885754,-0.0041912397581805));
#2824=CARTESIAN_POINT('',(0.0107807707191258,-0.0347413269159453,-0.00524392306006356));
#2825=CARTESIAN_POINT('',(0.0109577233034675,-0.0352871376049599,-0.00654775214854382));
#2826=CARTESIAN_POINT('',(0.0111085002910725,-0.035477510321015,-0.00787435625068353));
#2827=CARTESIAN_POINT('',(0.0112590751877965,-0.0353484743591305,-0.00920779092811837));
#2828=CARTESIAN_POINT('',(0.0114360145570631,-0.0348634243236989,-0.0105353818607066));
#2829=CARTESIAN_POINT('',(0.0116019623827236,-0.0340966046645763,-0.0116246134193755));
#2830=CARTESIAN_POINT('',(0.0117376493016242,-0.0332378617128969,-0.0123780721925592));
#2831=CARTESIAN_POINT('',(0.0118383511002907,-0.0324315737331461,-0.012861908084947));
#2832=CARTESIAN_POINT('',(0.011955324926779,-0.0315147766063617,-0.0132264204683503));
#2833=CARTESIAN_POINT('',(0.0120997024391139,-0.0303681796406684,-0.0134415995859708));
#2834=CARTESIAN_POINT('',(0.0122677290485834,-0.0290325987823057,-0.0133706924125314));
#2835=CARTESIAN_POINT('',(0.012429866802375,-0.0277272333398277,-0.0129474922170104));
#2836=CARTESIAN_POINT('',(0.0125711712570434,-0.0266100406842564,-0.0122568557456072));
#2837=CARTESIAN_POINT('',(0.0127450243415235,-0.0256320908066747,-0.0112483726819182));
#2838=CARTESIAN_POINT('',(0.0129222870612332,-0.0249461263461295,-0.0100108636387616));
#2839=CARTESIAN_POINT('',(0.0130891835592474,-0.0246099066768957,-0.00866700531160341));
#2840=CARTESIAN_POINT('',(0.0132284482319583,-0.0246059559622243,-0.00735920005641603));
#2841=CARTESIAN_POINT('',(0.0133996158324878,-0.024940026976891,-0.00600250389938338));
#2842=CARTESIAN_POINT('',(0.0135769167743587,-0.0256237497514499,-0.00476357617220785));
#2843=CARTESIAN_POINT('',(0.0137475283178876,-0.026592175861056,-0.00375859682689554));
#2844=CARTESIAN_POINT('',(0.013886634582157,-0.0276999493415535,-0.00306431113844926));
#2845=CARTESIAN_POINT('',(0.0140542351700467,-0.0290179200542846,-0.00263133638564143));
#2846=CARTESIAN_POINT('',(0.0142315101960718,-0.0304306515873439,-0.00255199590540642));
#2847=CARTESIAN_POINT('',(0.0144049588192366,-0.0318041403362643,-0.00284133489674121));
#2848=CARTESIAN_POINT('',(0.0145457879969098,-0.0329831694604642,-0.00341704688341382));
#2849=CARTESIAN_POINT('',(0.0147087771954897,-0.0340393035556561,-0.00429697687693651));
#2850=CARTESIAN_POINT('',(0.0148768148977091,-0.03481131221916,-0.0053891877305907));
#2851=CARTESIAN_POINT('',(0.0150210382147753,-0.035240469602619,-0.00647353607100187));
#2852=CARTESIAN_POINT('',(0.0151375089223892,-0.0354208817299165,-0.00744205943816225));
#2853=CARTESIAN_POINT('',(0.0152380369892187,-0.0354419000980203,-0.00838160574911079));
#2854=CARTESIAN_POINT('',(0.0153744200919565,-0.0352626638630224,-0.00951204906017958));
#2855=CARTESIAN_POINT('',(0.0155312235777084,-0.0347783557105979,-0.0106699610694349));
#2856=CARTESIAN_POINT('',(0.0156766586935184,-0.0340855856170272,-0.0116120447849911));
#2857=CARTESIAN_POINT('',(0.0157955298057044,-0.0333550220369783,-0.0122829814248226));
#2858=CARTESIAN_POINT('',(0.0158982411344136,-0.0325632385312152,-0.0128008082084616));
#2859=CARTESIAN_POINT('',(0.0160292602629364,-0.0315231376384727,-0.0132407905548592));
#2860=CARTESIAN_POINT('',(0.0161955269316553,-0.0302084851507689,-0.0134594370821553));
#2861=CARTESIAN_POINT('',(0.0163617196437453,-0.0288821513745604,-0.013330500386945));
#2862=CARTESIAN_POINT('',(0.0164963208507633,-0.0278057302005426,-0.0129568542932809));
#2863=CARTESIAN_POINT('',(0.0165973613347038,-0.0269858473415281,-0.0124944716817362));
#2864=CARTESIAN_POINT('',(0.0167148521602261,-0.0262149874136117,-0.0118763556612364));
#2865=CARTESIAN_POINT('',(0.0168596552409221,-0.0254614748723029,-0.0109843145464979));
#2866=CARTESIAN_POINT('',(0.0170166401118391,-0.0248995266548673,-0.00986152115718177));
#2867=CARTESIAN_POINT('',(0.01715553824653,-0.0246437953567866,-0.00873862753303813));
#2868=CARTESIAN_POINT('',(0.0172560503602215,-0.0246031480317261,-0.00779980055524096));
#2869=CARTESIAN_POINT('',(0.0173704605038939,-0.0247180688226326,-0.00682717285144396));
#2870=CARTESIAN_POINT('',(0.0175141644653952,-0.0250726228249637,-0.00571765778515482));
#2871=CARTESIAN_POINT('',(0.0176821563418304,-0.0257687994075862,-0.00457570824158373));
#2872=CARTESIAN_POINT('',(0.0178480214492886,-0.0267697752109083,-0.00362188520794349));
#2873=CARTESIAN_POINT('',(0.0179875885332942,-0.0279054084619915,-0.00297175907993021));
#2874=CARTESIAN_POINT('',(0.0181593666752035,-0.0292518535340559,-0.00259203766724495));
#2875=CARTESIAN_POINT('',(0.0183366680875185,-0.0306668097917597,-0.00257532016534446));
#2876=CARTESIAN_POINT('',(0.0185065894414755,-0.0320170323828757,-0.00292081053605567));
#2877=CARTESIAN_POINT('',(0.0186455796258809,-0.0331677189656493,-0.00354070111037461));
#2878=CARTESIAN_POINT('',(0.0188139781514483,-0.0341966694310313,-0.00447448747575228));
#2879=CARTESIAN_POINT('',(0.0189912649752688,-0.0349628526467018,-0.00566410531724157));
#2880=CARTESIAN_POINT('',(0.0191642025692106,-0.0353888148991478,-0.00700003807808168));
#2881=CARTESIAN_POINT('',(0.0193045406074094,-0.035470777385412,-0.00830817713588745));
#2882=CARTESIAN_POINT('',(0.0194685054317085,-0.0352267504957441,-0.00966377418019726));
#2883=CARTESIAN_POINT('',(0.0196365434293142,-0.0346577768572671,-0.0108742405597568));
#2884=CARTESIAN_POINT('',(0.0197805887563949,-0.0339268585038555,-0.0117823291952612));
#2885=CARTESIAN_POINT('',(0.0198964293828512,-0.0331751269545973,-0.0124163600326039));
#2886=CARTESIAN_POINT('',(0.0199968389477157,-0.0323689798159476,-0.0128987100829951));
#2887=CARTESIAN_POINT('',(0.020134117777709,-0.0312951292577772,-0.0133020447912758));
#2888=CARTESIAN_POINT('',(0.0202909802439972,-0.0300488811689601,-0.0134522119162724));
#2889=CARTESIAN_POINT('',(0.0204362037169691,-0.0288881640715482,-0.0133148758770651));
#2890=CARTESIAN_POINT('',(0.0205546683649107,-0.0279450864674094,-0.0130111529847075));
#2891=CARTESIAN_POINT('',(0.0206567184233589,-0.0271053511409325,-0.0125795146015835));
#2892=CARTESIAN_POINT('',(0.0207889824926345,-0.0262061611746971,-0.0118904400858625));
#2893=CARTESIAN_POINT('',(0.020955223259643,-0.025367287406819,-0.0108549280563838));
#2894=CARTESIAN_POINT('',(0.0211214387730973,-0.0248248629930772,-0.00963769463925588));
#2895=CARTESIAN_POINT('',(0.0212549336499933,-0.0246186000189061,-0.00852026910586455));
#2896=CARTESIAN_POINT('',(0.0213564096639523,-0.0246154666457769,-0.00757773751022071));
#2897=CARTESIAN_POINT('',(0.0214743999506717,-0.0247725753064539,-0.00660081899595229));
#2898=CARTESIAN_POINT('',(0.0216194061510302,-0.0251765984993163,-0.0055046676365906));
#2899=CARTESIAN_POINT('',(0.0217763310370813,-0.0258757280229439,-0.00446193547645203));
#2900=CARTESIAN_POINT('',(0.0219144741100549,-0.0267243231222976,-0.00368651830654751));
#2901=CARTESIAN_POINT('',(0.0220148782057838,-0.0275201870590367,-0.00318743178262294));
#2902=CARTESIAN_POINT('',(0.0221300107770465,-0.0284245466109875,-0.00280618900664476));
#2903=CARTESIAN_POINT('',(0.0222738775155681,-0.0295649261443704,-0.0025668359783727));
#2904=CARTESIAN_POINT('',(0.022441899838212,-0.0309017621781647,-0.00260875552538908));
#2905=CARTESIAN_POINT('',(0.0226068529519509,-0.0322230425307469,-0.00300741922624385));
#2906=CARTESIAN_POINT('',(0.0227467573246058,-0.0333502051294404,-0.0036739783327455));
#2907=CARTESIAN_POINT('',(0.0229191207700694,-0.0343463107439167,-0.0046585932765162));
#2908=CARTESIAN_POINT('',(0.0230964166823486,-0.0350590895307892,-0.00588099575062411));
#2909=CARTESIAN_POINT('',(0.0232656127973403,-0.0354247894966705,-0.00722378662401679));
#2910=CARTESIAN_POINT('',(0.0234045630240962,-0.0354544188850795,-0.0085303761323608));
#2911=CARTESIAN_POINT('',(0.0235737240931488,-0.0351500006831949,-0.00988829467905014));
#2912=CARTESIAN_POINT('',(0.0237510196394715,-0.0344934002984067,-0.0111417676819826));
#2913=CARTESIAN_POINT('',(0.0239234098425486,-0.0335429311090577,-0.0121705842060027));
#2914=CARTESIAN_POINT('',(0.0240633318567897,-0.0324471103906455,-0.0128875737098273));
#2915=CARTESIAN_POINT('',(0.0242282413321935,-0.0311453540805334,-0.013345705769682));
#2916=CARTESIAN_POINT('',(0.0243962646130224,-0.0298117934258828,-0.013448215149954));
#2917=CARTESIAN_POINT('',(0.0245401393589729,-0.0286617157405975,-0.0132608252190141));
#2918=CARTESIAN_POINT('',(0.0246553046969534,-0.0277409333029876,-0.0129209533086187));
#2919=CARTESIAN_POINT('',(0.0247557064364956,-0.0269232683636036,-0.0124584583065599));
#2920=CARTESIAN_POINT('',(0.0248938123615316,-0.0260404488690941,-0.0117223685032794));
#2921=CARTESIAN_POINT('',(0.02505073431749,-0.0252947478152837,-0.0107124236678018));
#2922=CARTESIAN_POINT('',(0.0251957502857843,-0.0248414215898172,-0.00963570429870428));
#2923=CARTESIAN_POINT('',(0.0253137629690927,-0.0246401658949423,-0.00866686747730627));
#2924=CARTESIAN_POINT('',(0.0254152619919708,-0.0246005688676899,-0.00772511100789269));
#2925=CARTESIAN_POINT('',(0.0255487034090001,-0.0247559443099324,-0.00659959962784476));
#2926=CARTESIAN_POINT('',(0.0257149198011821,-0.0252426018632218,-0.005359015337995));
#2927=CARTESIAN_POINT('',(0.0258811596301977,-0.0260336435807805,-0.00428652134639727));
#2928=CARTESIAN_POINT('',(0.0260134803063998,-0.0269007658401058,-0.00355731115197709));
#2929=CARTESIAN_POINT('',(0.0261155022079567,-0.0277200168050406,-0.00308808255213597));
#2930=CARTESIAN_POINT('',(0.0262339465725878,-0.0286483106533384,-0.00274192199710467));
#2931=CARTESIAN_POINT('',(0.0263791600922087,-0.0298015852341533,-0.00255209240900085));
#2932=CARTESIAN_POINT('',(0.0265360254770947,-0.0310533673059341,-0.00264557921990747));
#2933=CARTESIAN_POINT('',(0.0266733446529972,-0.03214448535377,-0.00299983677007374));
#2934=CARTESIAN_POINT('',(0.0267737514073387,-0.0329716627174137,-0.00344514549005204));
#2935=CARTESIAN_POINT('',(0.0268895613630357,-0.0337513156767763,-0.00404439905626918));
#2936=CARTESIAN_POINT('',(0.0270335983437435,-0.0345226544971467,-0.00491839160737787));
#2937=CARTESIAN_POINT('',(0.0272016360955815,-0.0351459443815095,-0.00610180576540276));
#2938=CARTESIAN_POINT('',(0.0273656460041758,-0.0354512062569879,-0.00744503927768966));
#2939=CARTESIAN_POINT('',(0.0275059628805121,-0.0354286272085022,-0.00875550295523185));
#2940=CARTESIAN_POINT('',(0.0276788754129131,-0.035063700895974,-0.0101093260140359));
#2941=CARTESIAN_POINT('',(0.0278561627595228,-0.03435226285719,-0.0113324724305582));
#2942=CARTESIAN_POINT('',(0.0280245979885124,-0.033366656553816,-0.0123120113448615));
#2943=CARTESIAN_POINT('',(0.0281635845972409,-0.0322452594402614,-0.0129834218642933));
#2944=CARTESIAN_POINT('',(0.0283334725720475,-0.0309121612387303,-0.0133897628415302));
#2945=CARTESIAN_POINT('',(0.0285107737754572,-0.0294979035127065,-0.0134372405752576));
#2946=CARTESIAN_POINT('',(0.0286825803636541,-0.0281355641006215,-0.01311895433437));
#2947=CARTESIAN_POINT('',(0.0288221615646782,-0.0269716006368609,-0.0125209609979064));
#2948=CARTESIAN_POINT('',(0.0289879844909799,-0.0259284736860997,-0.0116135659782614));
#2949=CARTESIAN_POINT('',(0.0291559780381738,-0.0251812186802306,-0.010504364115578));
#2950=CARTESIAN_POINT('',(0.029299689665438,-0.0247767038063952,-0.00941205623350217));
#2951=CARTESIAN_POINT('',(0.0294141346636828,-0.0246177909236808,-0.00844556354060547));
#2952=CARTESIAN_POINT('',(0.0295146392550841,-0.0246158401003434,-0.00750587551574153));
#2953=CARTESIAN_POINT('',(0.0296535034492173,-0.0248203780790068,-0.00637261381611313));
#2954=CARTESIAN_POINT('',(0.0298104853797787,-0.0253308212860489,-0.00522549369230795));
#2955=CARTESIAN_POINT('',(0.0299552980400185,-0.026043115322407,-0.00430018222790052));
#2956=CARTESIAN_POINT('',(0.0300728133695367,-0.0267851942223885,-0.00364771277498994));
#2957=CARTESIAN_POINT('',(0.0301738717091503,-0.0275833086255245,-0.00314861892870614));
#2958=CARTESIAN_POINT('',(0.0303084226163245,-0.0286415803328404,-0.00272659562480285));
#2959=CARTESIAN_POINT('',(0.0304746161485256,-0.0299607023618729,-0.00253763511580641));
#2960=CARTESIAN_POINT('',(0.0306408818193091,-0.0312839174931444,-0.00269642646057388));
#2961=CARTESIAN_POINT('',(0.0307719606881779,-0.0323430180321747,-0.00308885202534991));
#2962=CARTESIAN_POINT('',(0.0308746387184896,-0.033157396491969,-0.00357021663151172));
#2963=CARTESIAN_POINT('',(0.0309934916660547,-0.0339176041993946,-0.00420730877947093));
#2964=CARTESIAN_POINT('',(0.031138916646085,-0.0346523709210357,-0.0051169906221346));
#2965=CARTESIAN_POINT('',(0.031295723037666,-0.0351887035290758,-0.00625174851020047));
#2966=CARTESIAN_POINT('',(0.0314321496741747,-0.0354190284670432,-0.00737299657450123));
#2967=CARTESIAN_POINT('',(0.0315326697643638,-0.0354406207168373,-0.00831251163839996));
#2968=CARTESIAN_POINT('',(0.0316491119048327,-0.0353043177748783,-0.0092881575192705));
#2969=CARTESIAN_POINT('',(0.0317933265393544,-0.0349247848872003,-0.0103908362516799));
#2970=CARTESIAN_POINT('',(0.0319613647078565,-0.0342031088431467,-0.0115169396905895));
#2971=CARTESIAN_POINT('',(0.0321244004251624,-0.0331878826426147,-0.0124439180462348));
#2972=CARTESIAN_POINT('',(0.0322652049258374,-0.0320362099865493,-0.0130724583303375));
#2973=CARTESIAN_POINT('',(0.0324386301905591,-0.0306773048111834,-0.0134237746047901));
#2974=CARTESIAN_POINT('',(0.0326159058958085,-0.0292624267753776,-0.0134085928063031));
#2975=CARTESIAN_POINT('',(0.0327835448352556,-0.0279260992114098,-0.0130358027983705));
#2976=CARTESIAN_POINT('',(0.0329226439478051,-0.0267880057333166,-0.0123924543670011));
#2977=CARTESIAN_POINT('',(0.0330932237925159,-0.0257750531492628,-0.0114324706976981));
#2978=CARTESIAN_POINT('',(0.0332705246654309,-0.0250358401478685,-0.010225829750956));
#2979=CARTESIAN_POINT('',(0.0334417224574306,-0.0246405720027475,-0.00888561588920852));
#2980=CARTESIAN_POINT('',(0.0335809974791841,-0.0245852342695751,-0.00757895338524463));
#2981=CARTESIAN_POINT('',(0.0337478541597181,-0.0248601564382668,-0.00622131633587211));
#2982=CARTESIAN_POINT('',(0.0339251160604855,-0.0254892845235693,-0.00495396963375196));
#2983=CARTESIAN_POINT('',(0.0340989909740287,-0.0264205243557135,-0.00390213821083862));
#2984=CARTESIAN_POINT('',(0.0342403232455743,-0.0275053118440913,-0.00316153458610899));
#2985=CARTESIAN_POINT('',(0.0344024132081019,-0.0287900502045146,-0.00267962163570834));
#2986=CARTESIAN_POINT('',(0.0345704387114882,-0.0301210378992408,-0.0025482099314705));
#2987=CARTESIAN_POINT('',(0.0347148252141103,-0.0312762321585382,-0.00271117065938505));
#2988=CARTESIAN_POINT('',(0.0348318257013792,-0.0322086692958998,-0.00303375649885183));
#2989=CARTESIAN_POINT('',(0.0349325401520334,-0.0330360858244351,-0.00348055977277046));
#2990=CARTESIAN_POINT('',(0.0350681802226596,-0.0339280265062602,-0.00419424519766232));
#2991=CARTESIAN_POINT('',(0.0352341274065994,-0.0347434587430691,-0.00524757477577926));
#2992=CARTESIAN_POINT('',(0.0354110710999446,-0.0352882284037013,-0.00655180856024254));
#2993=CARTESIAN_POINT('',(0.0355617080939894,-0.0354775965524396,-0.00787815792277972));
#2994=CARTESIAN_POINT('',(0.0357124229109432,-0.0353475685012156,-0.00921189255761623));
#2995=CARTESIAN_POINT('',(0.0358893711124798,-0.0348614609809699,-0.0105391259081509));
#2996=CARTESIAN_POINT('',(0.0360553186814857,-0.0340937836061297,-0.011627752136372));
#2997=CARTESIAN_POINT('',(0.0361908980832137,-0.0332347174941458,-0.0123803720811621));
#2998=CARTESIAN_POINT('',(0.0362916328209573,-0.0324279949862733,-0.0128636926321209));
#2999=CARTESIAN_POINT('',(0.0364086540532315,-0.0315108231929589,-0.0132275286558733));
#3000=CARTESIAN_POINT('',(0.0366109579635004,-0.0299046221007096,-0.0135281409310174));
#3001=CARTESIAN_POINT('',(0.036780461922678,-0.0285536261972091,-0.0132808200919817));
#3002=CARTESIAN_POINT('',(0.0368796721031488,-0.0277550000538469,-0.0129012563423061));
#3003=CARTESIAN_POINT('',(-0.00560727154874706,-0.0354103153118365,-0.00839281621580414));
#3004=CARTESIAN_POINT('',(-0.0055070648717569,-0.035354560215928,-0.00927799499676607));
#3005=CARTESIAN_POINT('',(-0.00533699664757535,-0.034913782002392,-0.0105800956777367));
#3006=CARTESIAN_POINT('',(-0.00513521395128242,-0.033871864179699,-0.0118366862833379));
#3007=CARTESIAN_POINT('',(-0.00501931066924006,-0.0331112431683222,-0.0124599426701436));
#3008=CARTESIAN_POINT('',(-0.00491889107702887,-0.0322984119835684,-0.012930656193881));
#3009=CARTESIAN_POINT('',(-0.00478170711718334,-0.0312194111098615,-0.013318485820306));
#3010=CARTESIAN_POINT('',(-0.00462485057892259,-0.0299714196623083,-0.0134509242646826));
#3011=CARTESIAN_POINT('',(-0.00447960454756048,-0.0288129423238902,-0.0132971256809042));
#3012=CARTESIAN_POINT('',(-0.00436109377347933,-0.0278743422653098,-0.0129800408033897));
#3013=CARTESIAN_POINT('',(-0.00425897746911148,-0.027040846533112,-0.0125364564050309));
#3014=CARTESIAN_POINT('',(-0.00412684481527878,-0.0261520550512231,-0.0118350050351609));
#3015=CARTESIAN_POINT('',(-0.00396060124142132,-0.0253281227502959,-0.010787898191585));
#3016=CARTESIAN_POINT('',(-0.00379438834150037,-0.0248031374922964,-0.00956333693043619));
#3017=CARTESIAN_POINT('',(-0.00366077051840185,-0.0246128036296043,-0.00844295504340209));
#3018=CARTESIAN_POINT('',(-0.00355934696671426,-0.0246231210874234,-0.00750081931233745));
#3019=CARTESIAN_POINT('',(-0.00344140847860341,-0.0247940530432701,-0.00652657686474518));
#3020=CARTESIAN_POINT('',(-0.00329642440075732,-0.0252135078499597,-0.00543655307398733));
#3021=CARTESIAN_POINT('',(-0.00313949309293606,-0.0259272349353224,-0.0044040426640775));
#3022=CARTESIAN_POINT('',(-0.00300126506104428,-0.0267867950009769,-0.00364077156167325));
#3023=CARTESIAN_POINT('',(-0.00290085462126991,-0.0275895574356838,-0.00315318617476375));
#3024=CARTESIAN_POINT('',(-0.00278579800950613,-0.0284988688270168,-0.00278502076319843));
#3025=CARTESIAN_POINT('',(-0.00264194917106979,-0.0296422553930353,-0.00256194451774633));
#3026=CARTESIAN_POINT('',(-0.0024739294500056,-0.0309780889437476,-0.00262282587582606));
#3027=CARTESIAN_POINT('',(-0.00230887623715601,-0.032293571026174,-0.00304026386801435));
#3028=CARTESIAN_POINT('',(-0.00216901197492331,-0.0334107821838306,-0.00372264716928569));
#3029=CARTESIAN_POINT('',(-0.00199671001644345,-0.0343924669333366,-0.00472099830504666));
#3030=CARTESIAN_POINT('',(-0.00181941337168738,-0.0350876878378667,-0.00595314952020464));
#3031=CARTESIAN_POINT('',(-0.00165013715927594,-0.0354342340051919,-0.00730096170790617));
#3032=CARTESIAN_POINT('',(-0.00151118629194299,-0.0354452090767669,-0.00860758152586785));
#3033=CARTESIAN_POINT('',(-0.00134210591834816,-0.0351216194553605,-0.00996053440230547));
#3034=CARTESIAN_POINT('',(-0.00116481115617331,-0.0344474321022557,-0.0112043111429939));
#3035=CARTESIAN_POINT('',(-0.000992360073902737,-0.0334825035431088,-0.0122194354896316));
#3036=CARTESIAN_POINT('',(-0.000852396687002604,-0.0323766807199654,-0.0129206343041372));
#3037=CARTESIAN_POINT('',(-0.000687587834245256,-0.0310690695026501,-0.0133600056913539));
#3038=CARTESIAN_POINT('',(-0.000519562204008546,-0.0297344501577134,-0.0134435566708553));
#3039=CARTESIAN_POINT('',(-0.000375669432868995,-0.0285873301755352,-0.0132398811909573));
#3040=CARTESIAN_POINT('',(-0.000260428891081865,-0.0276714608003242,-0.0128869204465838));
#3041=CARTESIAN_POINT('',(-0.000160031638468326,-0.0268606546305505,-0.012412900463997));
#3042=CARTESIAN_POINT('',(-2.2011827129353E-5,-0.0259887680997274,-0.0116646308601099));
#3043=CARTESIAN_POINT('',(0.000134903714988279,-0.0252576335751475,-0.0106444207406833));
#3044=CARTESIAN_POINT('',(0.000279941876086192,-0.0248197201033604,-0.00956152724947416));
#3045=CARTESIAN_POINT('',(0.000398005596577165,-0.0246322778483713,-0.00858997511050032));
#3046=CARTESIAN_POINT('',(0.000499558933432275,-0.0246061284843126,-0.00764777638923854));
#3047=CARTESIAN_POINT('',(0.000632876265734709,-0.0247774462106472,-0.00652517680072166));
#3048=CARTESIAN_POINT('',(0.000799095296827484,-0.0252815643076695,-0.00529186773381657));
#3049=CARTESIAN_POINT('',(0.000965332343819375,-0.0260875826736239,-0.00423092402529454));
#3050=CARTESIAN_POINT('',(0.00109778330316849,-0.0269651354367468,-0.0035140570137499));
#3051=CARTESIAN_POINT('',(0.0011997408051675,-0.0277906681473346,-0.00305675466230445));
#3052=CARTESIAN_POINT('',(0.00131813829053131,-0.0287234785674516,-0.00272394510031276));
#3053=CARTESIAN_POINT('',(0.00146332923295338,-0.0298790419715883,-0.00255057136526018));
#3054=CARTESIAN_POINT('',(0.00162020098222487,-0.031129137658185,-0.0026617929387271));
#3055=CARTESIAN_POINT('',(0.00175761256042489,-0.0322151387706921,-0.0030315646511873));
#3056=CARTESIAN_POINT('',(0.00185801368166456,-0.0330356950342372,-0.00348853653701466));
#3057=CARTESIAN_POINT('',(0.00197375256340524,-0.0338064188685359,-0.00409858203583913));
#3058=CARTESIAN_POINT('',(0.00211777083603329,-0.0345650780444098,-0.00498322746107512));
#3059=CARTESIAN_POINT('',(0.00228580760736286,-0.0351713847310471,-0.00617513068365462));
#3060=CARTESIAN_POINT('',(0.0024499209836295,-0.035457492788724,-0.00752259703629344));
#3061=CARTESIAN_POINT('',(0.00259018961824557,-0.0354162236004097,-0.00883220357970153));
#3062=CARTESIAN_POINT('',(0.00276304458917524,-0.0350322111545935,-0.0101802720281916));
#3063=CARTESIAN_POINT('',(0.00294033299518921,-0.0343036293182198,-0.0113929593498477));
#3064=CARTESIAN_POINT('',(0.0031088521708211,-0.0333042097846431,-0.0123583489281186));
#3065=CARTESIAN_POINT('',(0.00324783116327996,-0.0321735889795954,-0.0130135430892983));
#3066=CARTESIAN_POINT('',(0.00341764230840275,-0.0308353254551084,-0.013400738957225));
#3067=CARTESIAN_POINT('',(0.00359494305496464,-0.0294208211422425,-0.0134281351694712));
#3068=CARTESIAN_POINT('',(0.00376681443474516,-0.0280632347626227,-0.0130905319322695));
#3069=CARTESIAN_POINT('',(0.00390642886944749,-0.0269080721068056,-0.0124760632058202));
#3070=CARTESIAN_POINT('',(0.00407215456166534,-0.0258783815814134,-0.0115542820176002));
#3071=CARTESIAN_POINT('',(0.00424015207956391,-0.0251470913853512,-0.0104347987855037));
#3072=CARTESIAN_POINT('',(0.00438388091925694,-0.0247581930579791,-0.00933703004939989));
#3073=CARTESIAN_POINT('',(0.00449840599236181,-0.024613060213725,-0.00836833400528869));
#3074=CARTESIAN_POINT('',(0.00459889412076795,-0.0246245223231639,-0.00742894954476211));
#3075=CARTESIAN_POINT('',(0.00473767966137541,-0.0248450784978707,-0.00629916382737815));
#3076=CARTESIAN_POINT('',(0.00489465512284443,-0.0253716437919847,-0.00515964945690499));
#3077=CARTESIAN_POINT('',(0.00503948951595649,-0.0260969064039758,-0.00424468905796959));
#3078=CARTESIAN_POINT('',(0.00515706079154408,-0.0268481677285635,-0.00360286889617257));
#3079=CARTESIAN_POINT('',(0.00525816149836592,-0.027653272053916,-0.00311525098780516));
#3080=CARTESIAN_POINT('',(0.00539259568093947,-0.0287169209178662,-0.00270855592093207));
#3081=CARTESIAN_POINT('',(0.00555879168476324,-0.0300383320553674,-0.00253837508611746));
#3082=CARTESIAN_POINT('',(0.00572505440390409,-0.0313588913537463,-0.00271588934256743));
#3083=CARTESIAN_POINT('',(0.00585627086394522,-0.0324124500299728,-0.00312344849536128));
#3084=CARTESIAN_POINT('',(0.0059588725710141,-0.0332195195280795,-0.00361617155998926));
#3085=CARTESIAN_POINT('',(0.00607768357015213,-0.0339703495058537,-0.00426380213271519));
#3086=CARTESIAN_POINT('',(0.00622308552455018,-0.0346919257902868,-0.00518360353591125));
#3087=CARTESIAN_POINT('',(0.00637989822052255,-0.0352120062794577,-0.00632564354561046));
#3088=CARTESIAN_POINT('',(0.00651642468139243,-0.0354263477179262,-0.00745012054694051));
#3089=CARTESIAN_POINT('',(0.006616927162404,-0.0354345237608803,-0.00838960693360704));
#3090=CARTESIAN_POINT('',(0.00673330313077126,-0.0352844032094846,-0.00936282896604548));
#3091=CARTESIAN_POINT('',(0.00687749825498136,-0.034889339513576,-0.0104597333470226));
#3092=CARTESIAN_POINT('',(0.00704553706336959,-0.0341518983487072,-0.0115752598239437));
#3093=CARTESIAN_POINT('',(0.00720867959255568,-0.0331235474077747,-0.0124877064348208));
#3094=CARTESIAN_POINT('',(0.00734942773099101,-0.031963397006884,-0.0130995458598177));
#3095=CARTESIAN_POINT('',(0.00752279937460639,-0.0306000595575388,-0.0134314084045753));
#3096=CARTESIAN_POINT('',(0.0077000764653715,-0.0291858170732552,-0.0133961547542124));
#3097=CARTESIAN_POINT('',(0.00786780318105838,-0.0278549539872875,-0.0130043904705706));
#3098=CARTESIAN_POINT('',(0.0080068864193653,-0.0267264244336713,-0.0123450184463871));
#3099=CARTESIAN_POINT('',(0.00817739332963388,-0.0257275796760751,-0.0113710652964846));
#3100=CARTESIAN_POINT('',(0.00835469403384554,-0.0250057104399542,-0.0101542989330542));
#3101=CARTESIAN_POINT('',(0.00852596066061786,-0.0246295639413099,-0.00880867688337131));
#3102=CARTESIAN_POINT('',(0.0086652602204585,-0.0245928872811556,-0.00750154812865681));
#3103=CARTESIAN_POINT('',(0.00883202512811798,-0.0248869924858362,-0.00614849111340447));
#3104=CARTESIAN_POINT('',(0.00900928530072039,-0.0255339114687722,-0.00489045837793133));
#3105=CARTESIAN_POINT('',(0.00918320968371383,-0.0264799130097967,-0.0038520686918426));
#3106=CARTESIAN_POINT('',(0.00932460682904766,-0.0275750983358604,-0.00312706491223501));
#3107=CARTESIAN_POINT('',(0.0094865864984909,-0.0288660137972399,-0.00266370413165846));
#3108=CARTESIAN_POINT('',(0.00965460965381825,-0.0301984580033937,-0.00255121835329994));
#3109=CARTESIAN_POINT('',(0.00979901652409648,-0.0313510457204374,-0.00273055030423596));
#3110=CARTESIAN_POINT('',(0.00991607797898229,-0.0322787774014366,-0.00306636820041649));
#3111=CARTESIAN_POINT('',(0.0100168227360953,-0.0330996462672221,-0.00352488985095057));
#3112=CARTESIAN_POINT('',(0.0101523541022391,-0.0339809073084814,-0.00425086487972832));
#3113=CARTESIAN_POINT('',(0.0103183004053332,-0.0347811413839286,-0.00531544696091262));
#3114=CARTESIAN_POINT('',(0.0104952531511938,-0.0353072509570208,-0.00662704674601576));
#3115=CARTESIAN_POINT('',(0.010646034030916,-0.0354776891327194,-0.00795611298834965));
#3116=CARTESIAN_POINT('',(0.0107966050458506,-0.035328714862107,-0.0092871740393186));
#3117=CARTESIAN_POINT('',(0.0109735442406538,-0.0348239295686603,-0.0106070827853511));
#3118=CARTESIAN_POINT('',(0.0111394920306117,-0.0340410323091553,-0.0116844874286317));
#3119=CARTESIAN_POINT('',(0.0112751818503158,-0.0331712548244154,-0.0124248561996584));
#3120=CARTESIAN_POINT('',(0.0113758828464508,-0.0323579727207322,-0.0128964564945428));
#3121=CARTESIAN_POINT('',(0.011492855041502,-0.031436010059491,-0.0132471155550336));
#3122=CARTESIAN_POINT('',(0.0116372320627485,-0.0302865506729579,-0.013445049815987));
#3123=CARTESIAN_POINT('',(0.0118052586902871,-0.028952448581127,-0.0133541578398133));
#3124=CARTESIAN_POINT('',(0.0119673993685515,-0.0276538142268545,-0.0129115258790192));
#3125=CARTESIAN_POINT('',(0.0121087020959438,-0.0265473283009628,-0.0122043699751639));
#3126=CARTESIAN_POINT('',(0.0122825539127987,-0.0255847976605324,-0.0111815570068653));
#3127=CARTESIAN_POINT('',(0.012459816655166,-0.0249175850159729,-0.00993415831273489));
#3128=CARTESIAN_POINT('',(0.0126267155591643,-0.024601600825826,-0.00858566760176133));
#3129=CARTESIAN_POINT('',(0.0127659795937572,-0.0246172482456671,-0.00727821538876117));
#3130=CARTESIAN_POINT('',(0.0129371453984244,-0.0249715377549638,-0.0059269588433452));
#3131=CARTESIAN_POINT('',(0.0131144463420986,-0.0256736061125991,-0.00469866002430639));
#3132=CARTESIAN_POINT('',(0.0132850597713772,-0.0266567944922793,-0.00370849454557515));
#3133=CARTESIAN_POINT('',(0.0134241664870449,-0.0277746280199837,-0.00303102365243635));
#3134=CARTESIAN_POINT('',(0.0135917647575477,-0.029098660372703,-0.0026179347835275));
#3135=CARTESIAN_POINT('',(0.0137690397646708,-0.0305121390334505,-0.00255978172601405));
#3136=CARTESIAN_POINT('',(0.0139424897456864,-0.0318808729526522,-0.00286960863001046));
#3137=CARTESIAN_POINT('',(0.0140833204668707,-0.0330509156861825,-0.00346281227365798));
#3138=CARTESIAN_POINT('',(0.0142463068192901,-0.0340935225739683,-0.00435828013230725));
#3139=CARTESIAN_POINT('',(0.0144143445378338,-0.0348489287542859,-0.00546171450378123));
#3140=CARTESIAN_POINT('',(0.0145585683246866,-0.0352617088507807,-0.00655215632120654));
#3141=CARTESIAN_POINT('',(0.0146750407806995,-0.0354275557561396,-0.00752309102970847));
#3142=CARTESIAN_POINT('',(0.0147755693708834,-0.0354344888301866,-0.00846266221412188));
#3143=CARTESIAN_POINT('',(0.0149119497770265,-0.0352383737722444,-0.00959005046281031));
#3144=CARTESIAN_POINT('',(0.015068753143349,-0.034736871982161,-0.0107403452989696));
#3145=CARTESIAN_POINT('',(0.0152141888388995,-0.0340302023525356,-0.0116717592002515));
#3146=CARTESIAN_POINT('',(0.0153330610213183,-0.0332898102296977,-0.0123315459709649));
#3147=CARTESIAN_POINT('',(0.0154357744851344,-0.0324905034566551,-0.0128373537661393));
#3148=CARTESIAN_POINT('',(0.0155667898583207,-0.0314441558326524,-0.0132616045793255));
#3149=CARTESIAN_POINT('',(0.0157330566880946,-0.0301266382032085,-0.0134604897497613));
#3150=CARTESIAN_POINT('',(0.0158992492648305,-0.0288026502701417,-0.0133117245824659));
#3151=CARTESIAN_POINT('',(0.0160338535977068,-0.0277321453771707,-0.0129220604557866));
#3152=CARTESIAN_POINT('',(0.0161348929480002,-0.0269194532624561,-0.0124475399829036));
#3153=CARTESIAN_POINT('',(0.0162523822828872,-0.0261581019975364,-0.011818073661007));
#3154=CARTESIAN_POINT('',(0.0163971848310074,-0.0254181905130488,-0.0109150253376201));
#3155=CARTESIAN_POINT('',(0.0165541698377251,-0.0248732370364512,-0.00978416353492703));
#3156=CARTESIAN_POINT('',(0.0166930700346471,-0.0246344059862302,-0.00865777647994026));
#3157=CARTESIAN_POINT('',(0.0167935826289029,-0.0246078393266122,-0.00771863058858816));
#3158=CARTESIAN_POINT('',(0.016907990604064,-0.0247372956343152,-0.00674804179911536));
#3159=CARTESIAN_POINT('',(0.0170516941716091,-0.0251083592482049,-0.00564418714307558));
#3160=CARTESIAN_POINT('',(0.017219685907207,-0.0258214248874058,-0.00451302353185835));
#3161=CARTESIAN_POINT('',(0.0173855535731373,-0.0268363901915591,-0.00357448428622005));
#3162=CARTESIAN_POINT('',(0.0175251197839427,-0.0279814061318143,-0.00294158081321449));
#3163=CARTESIAN_POINT('',(0.0176968962407394,-0.0293331092411791,-0.002582152651812));
#3164=CARTESIAN_POINT('',(0.0178741976582462,-0.0307478742433065,-0.00258663631157273));
#3165=CARTESIAN_POINT('',(0.0180441210050584,-0.0320925113815611,-0.00295225077731869));
#3166=CARTESIAN_POINT('',(0.0181831114182326,-0.0332335511472498,-0.00358919100989589));
#3167=CARTESIAN_POINT('',(0.0183515077323143,-0.0342481799625771,-0.00453809235215516));
#3168=CARTESIAN_POINT('',(0.0185287945417099,-0.0349963034345378,-0.00573881594617682));
#3169=CARTESIAN_POINT('',(0.018701733600838,-0.0354021216137778,-0.00708072206668528));
#3170=CARTESIAN_POINT('',(0.0188420729633499,-0.0354644571007858,-0.008389688983124));
#3171=CARTESIAN_POINT('',(0.0190060350352465,-0.0352001989325776,-0.0097411897651094));
#3172=CARTESIAN_POINT('',(0.0191740730899253,-0.0346132700225818,-0.0109427549762652));
#3173=CARTESIAN_POINT('',(0.0193181188620554,-0.0338689741685911,-0.0118396127185297));
#3174=CARTESIAN_POINT('',(0.0194339613746736,-0.0331079688694973,-0.0124621902113254));
#3175=CARTESIAN_POINT('',(0.0195343711343512,-0.0322948444911327,-0.0129323104131176));
#3176=CARTESIAN_POINT('',(0.0196716474750123,-0.0312153007410506,-0.013319424548253));
#3177=CARTESIAN_POINT('',(0.0198285098164821,-0.029967193192638,-0.0134508760151613));
#3178=CARTESIAN_POINT('',(0.0199737338538509,-0.0288088924083947,-0.0132961935030826));
#3179=CARTESIAN_POINT('',(0.0200921997097966,-0.0278706523067562,-0.0129784341749719));
#3180=CARTESIAN_POINT('',(0.0201942515758314,-0.0270376371445011,-0.0125343423379202));
#3181=CARTESIAN_POINT('',(0.020326512095298,-0.0261490703716102,-0.011832022878063));
#3182=CARTESIAN_POINT('',(0.0204927530149485,-0.0253259701779498,-0.010784267684366));
#3183=CARTESIAN_POINT('',(0.0206589683846394,-0.0248019494479546,-0.00955928901517596));
#3184=CARTESIAN_POINT('',(0.0207924665938731,-0.0246124902085001,-0.00843910155656318));
#3185=CARTESIAN_POINT('',(0.0208939411462294,-0.0246234813440441,-0.00749682633053634));
#3186=CARTESIAN_POINT('',(0.0210119300797045,-0.0247951757393316,-0.00652257501031449));
#3187=CARTESIAN_POINT('',(0.0211569357319601,-0.0252154930923402,-0.00543282185315847));
#3188=CARTESIAN_POINT('',(0.0213138607484853,-0.0259300250592658,-0.00440088748232855));
#3189=CARTESIAN_POINT('',(0.0214520060916317,-0.0267899833005095,-0.00363841678316299));
#3190=CARTESIAN_POINT('',(0.0215524103393811,-0.0275930782086333,-0.00315141141275984));
#3191=CARTESIAN_POINT('',(0.021667540879342,-0.0285028558902221,-0.00278384250120542));
#3192=CARTESIAN_POINT('',(0.0218114071990117,-0.0296464622482929,-0.00256164839943041));
#3193=CARTESIAN_POINT('',(0.0219794294215654,-0.0309822526209192,-0.00262358089525148));
#3194=CARTESIAN_POINT('',(0.0221443851883166,-0.0322971632531253,-0.00304192098711193));
#3195=CARTESIAN_POINT('',(0.0222842884682373,-0.0334139800469094,-0.00372515865291414));
#3196=CARTESIAN_POINT('',(0.022456650335453,-0.0343950165517625,-0.00472438209449005));
#3197=CARTESIAN_POINT('',(0.022633946257418,-0.0350892613729633,-0.00595708042789182));
#3198=CARTESIAN_POINT('',(0.0228031444717838,-0.0354347329669675,-0.0073049437286797));
#3199=CARTESIAN_POINT('',(0.0229420947047276,-0.0354447744346522,-0.00861156931610333));
#3200=CARTESIAN_POINT('',(0.0231112536684924,-0.0351201098500018,-0.00996449015920318));
#3201=CARTESIAN_POINT('',(0.0232885492048795,-0.0344449376087688,-0.0112077358247596));
#3202=CARTESIAN_POINT('',(0.0234609409802559,-0.0334793452350667,-0.0122219992176739));
#3203=CARTESIAN_POINT('',(0.0236008640994331,-0.0323731171908721,-0.0129223481411609));
#3204=CARTESIAN_POINT('',(0.0237657709165792,-0.0310649189293442,-0.0133608280757508));
#3205=CARTESIAN_POINT('',(0.0239337942952325,-0.0297302387349597,-0.0134433284994187));
#3206=CARTESIAN_POINT('',(0.024077669461417,-0.028583324531782,-0.0132387677161664));
#3207=CARTESIAN_POINT('',(0.024192836823062,-0.0276679100401582,-0.0128852015925507));
#3208=CARTESIAN_POINT('',(0.024293238428852,-0.026857431454625,-0.0124105988882036));
#3209=CARTESIAN_POINT('',(0.0244313420721626,-0.0259859269638967,-0.0116615213110974));
#3210=CARTESIAN_POINT('',(0.0245882638979439,-0.0252555883279779,-0.0106407219116471));
#3211=CARTESIAN_POINT('',(0.0247332804152018,-0.0248185326903404,-0.00955754419409053));
#3212=CARTESIAN_POINT('',(0.0248512944441096,-0.0246318531535656,-0.00858598639335087));
#3213=CARTESIAN_POINT('',(0.0249527949468197,-0.0246063799813709,-0.00764392146079196));
#3214=CARTESIAN_POINT('',(0.0250862330200439,-0.0247785683489612,-0.0065211100380464));
#3215=CARTESIAN_POINT('',(0.0252524495564569,-0.0252836580599704,-0.0052882029803222));
#3216=CARTESIAN_POINT('',(0.0254186892332981,-0.0260905184662963,-0.00422789381205723));
#3217=CARTESIAN_POINT('',(0.0255510134478677,-0.0269683131346033,-0.00351189011987415));
#3218=CARTESIAN_POINT('',(0.0256530335600555,-0.0277943299161138,-0.00305508969015058));
#3219=CARTESIAN_POINT('',(0.0257714767090275,-0.0287275128512443,-0.00272294734846585));
#3220=CARTESIAN_POINT('',(0.0259166896651071,-0.0298832677125335,-0.00255045503602476));
#3221=CARTESIAN_POINT('',(0.0260735551751104,-0.0311332594567146,-0.0026626642995202));
#3222=CARTESIAN_POINT('',(0.0262108768288109,-0.0322187438499156,-0.00303316388449333));
#3223=CARTESIAN_POINT('',(0.0263112834066073,-0.0330389891432064,-0.00349072805644197));
#3224=CARTESIAN_POINT('',(0.0264270914684902,-0.0338094108982536,-0.0041014686502947));
#3225=CARTESIAN_POINT('',(0.0265711280055263,-0.0345674138720965,-0.0049867413101827));
#3226=CARTESIAN_POINT('',(0.0267391656980255,-0.0351727814659528,-0.0061791228717822));
#3227=CARTESIAN_POINT('',(0.0269031783537977,-0.0354578265804923,-0.00752652729165709));
#3228=CARTESIAN_POINT('',(0.027043493918014,-0.0354156179629043,-0.00883623542917772));
#3229=CARTESIAN_POINT('',(0.0272164049792674,-0.0350305260726651,-0.0101841595677629));
#3230=CARTESIAN_POINT('',(0.0273936923400524,-0.0343009873895675,-0.0113962669984486));
#3231=CARTESIAN_POINT('',(0.0275621297746314,-0.0333010034231242,-0.0123607433907628));
#3232=CARTESIAN_POINT('',(0.027701116166966,-0.0321698967796201,-0.013015139955587));
#3233=CARTESIAN_POINT('',(0.0278710021429873,-0.0308311391311991,-0.0134013780786086));
#3234=CARTESIAN_POINT('',(0.028048303340955,-0.0294166118524974,-0.0134276555060733));
#3235=CARTESIAN_POINT('',(0.0282201116083293,-0.0280594557327996,-0.01308905632192));
#3236=CARTESIAN_POINT('',(0.0283596936947632,-0.0269048115620251,-0.0124738056824692));
#3237=CARTESIAN_POINT('',(0.0285255140573266,-0.0258756172471804,-0.0115510759309329));
#3238=CARTESIAN_POINT('',(0.0286935077430926,-0.0251452113781312,-0.0104310258527155));
#3239=CARTESIAN_POINT('',(0.0288372197656991,-0.0247571852256476,-0.00933299660530992));
#3240=CARTESIAN_POINT('',(0.028951666924834,-0.0246128008170208,-0.00836441142648885));
#3241=CARTESIAN_POINT('',(0.0290521710539367,-0.0246249316139998,-0.00742499038985494));
#3242=CARTESIAN_POINT('',(0.0291910331742695,-0.0248463820611766,-0.00629515974749909));
#3243=CARTESIAN_POINT('',(0.0293480149693254,-0.0253738496351858,-0.00515604520645515));
#3244=CARTESIAN_POINT('',(0.0294928281630066,-0.0260997853827405,-0.00424169077746023));
#3245=CARTESIAN_POINT('',(0.0296103449755266,-0.0268514149448989,-0.00360053682042572));
#3246=CARTESIAN_POINT('',(0.0297114044670259,-0.0276567649579061,-0.00311355449454045));
#3247=CARTESIAN_POINT('',(0.0298459522368503,-0.0287210115574578,-0.00270752658598973));
#3248=CARTESIAN_POINT('',(0.030012145904873,-0.030042552631481,-0.00253838574603038));
#3249=CARTESIAN_POINT('',(0.0301784114150692,-0.0313629756367827,-0.00271694889801228));
#3250=CARTESIAN_POINT('',(0.0303094940278601,-0.0324158869710672,-0.00312512976266764));
#3251=CARTESIAN_POINT('',(0.0304121699412682,-0.0332227868342008,-0.00361854054267398));
#3252=CARTESIAN_POINT('',(0.0305310218109362,-0.0339732073442649,-0.00426681849305916));
#3253=CARTESIAN_POINT('',(0.0306764462120767,-0.0346941141241915,-0.0051872212572965));
#3254=CARTESIAN_POINT('',(0.0308332527233875,-0.0352132812992996,-0.00632965979991383));
#3255=CARTESIAN_POINT('',(0.0309696820449766,-0.0354267380807426,-0.00745402515398755));
#3256=CARTESIAN_POINT('',(0.0310702016300768,-0.0354342451761026,-0.00839356728534362));
#3257=CARTESIAN_POINT('',(0.0311866420144805,-0.0352833686844923,-0.00936685555341976));
#3258=CARTESIAN_POINT('',(0.0313308561805889,-0.0348874362647049,-0.0104635013500476));
#3259=CARTESIAN_POINT('',(0.0314988943305012,-0.0341491163951892,-0.0115784426404513));
#3260=CARTESIAN_POINT('',(0.0316619328887649,-0.0331203053554889,-0.0124899324976274));
#3261=CARTESIAN_POINT('',(0.0318027358581112,-0.0319595821219967,-0.0131010147063091));
#3262=CARTESIAN_POINT('',(0.0319761597590087,-0.030595846674978,-0.0134318611088436));
#3263=CARTESIAN_POINT('',(0.0321534354829111,-0.0291816375152074,-0.0133954892592239));
#3264=CARTESIAN_POINT('',(0.0323210767338666,-0.0278512984502394,-0.0130027905750177));
#3265=CARTESIAN_POINT('',(0.0324601754073911,-0.0267232029488585,-0.01234259050439));
#3266=CARTESIAN_POINT('',(0.0326307533604033,-0.0257249575674641,-0.0113677390122997));
#3267=CARTESIAN_POINT('',(0.032808054231276,-0.0250040507688321,-0.0101504014778471));
#3268=CARTESIAN_POINT('',(0.0329792538131755,-0.0246289813946577,-0.00880467337501579));
#3269=CARTESIAN_POINT('',(0.0331185294854167,-0.0245932405325839,-0.00749758563212792));
#3270=CARTESIAN_POINT('',(0.0332853837541048,-0.0248884144860992,-0.00614450623534713));
#3271=CARTESIAN_POINT('',(0.033462645631966,-0.0255363307680981,-0.00488697985741009));
#3272=CARTESIAN_POINT('',(0.0336365218071511,-0.0264830428439661,-0.00384942160803116));
#3273=CARTESIAN_POINT('',(0.0337778558181439,-0.0275785980925636,-0.00312529824569027));
#3274=CARTESIAN_POINT('',(0.0339399428510168,-0.0288701388041802,-0.00266279141236144));
#3275=CARTESIAN_POINT('',(0.0341079683340666,-0.0302026790485679,-0.00255135888744048));
#3276=CARTESIAN_POINT('',(0.034252355329154,-0.0313550745306111,-0.00273157506603441));
#3277=CARTESIAN_POINT('',(0.0343693574401672,-0.0322823970450554,-0.00306803356102986));
#3278=CARTESIAN_POINT('',(0.0344700727116596,-0.0331028645118356,-0.00352709832697686));
#3279=CARTESIAN_POINT('',(0.0346057098695947,-0.0339838193914033,-0.00425391369084986));
#3280=CARTESIAN_POINT('',(0.0347716570915813,-0.0347832178335817,-0.00531912946935656));
#3281=CARTESIAN_POINT('',(0.0349486009526051,-0.0353082806584396,-0.00663111826199934));
#3282=CARTESIAN_POINT('',(0.0350992418406227,-0.0354777183610163,-0.00795991480773547));
#3283=CARTESIAN_POINT('',(0.0352499527603921,-0.0353277478510975,-0.0092912607650784));
#3284=CARTESIAN_POINT('',(0.0354269007983654,-0.0348219107436475,-0.0106107962609712));
#3285=CARTESIAN_POINT('',(0.0355928483273309,-0.034038165125711,-0.0116875829065832));
#3286=CARTESIAN_POINT('',(0.0357284306535326,-0.0331680770103736,-0.012427108319556));
#3287=CARTESIAN_POINT('',(0.0358291645516484,-0.0323543684368889,-0.0128981868255567));
#3288=CARTESIAN_POINT('',(0.0359461841744602,-0.0314320412455474,-0.0132481641589593));
#3289=CARTESIAN_POINT('',(0.0361484873036415,-0.0298218431513748,-0.0135246196459012));
#3290=CARTESIAN_POINT('',(0.0363179921545713,-0.028474968296089,-0.0132571374630906));
#3291=CARTESIAN_POINT('',(0.0364172039006627,-0.02768226955303,-0.0128657220235923));
#3292=CARTESIAN_POINT('',(-0.00606973843494399,-0.0354038200307211,-0.00847351022289971));
#3293=CARTESIAN_POINT('',(-0.00596953333466641,-0.0353348029608846,-0.00935774387947088));
#3294=CARTESIAN_POINT('',(-0.00579946582644189,-0.0348745606929411,-0.0106530877504479));
#3295=CARTESIAN_POINT('',(-0.00559768241593099,-0.0338139231399482,-0.0118939245003196));
#3296=CARTESIAN_POINT('',(-0.00548177726076545,-0.0330440357533005,-0.0125057163009619));
#3297=CARTESIAN_POINT('',(-0.00538135743581161,-0.0322242376397931,-0.0129641915517032));
#3298=CARTESIAN_POINT('',(-0.00524417599964389,-0.0311395592810204,-0.0133357980921439));
#3299=CARTESIAN_POINT('',(-0.00508731958579338,-0.0298897240335162,-0.0134495175523497));
#3300=CARTESIAN_POINT('',(-0.00494207298595572,-0.0287336785110512,-0.0132783717093333));
#3301=CARTESIAN_POINT('',(-0.00482356101298354,-0.0277999296158226,-0.0129472511162114));
#3302=CARTESIAN_POINT('',(-0.00472144285823575,-0.0269731677779011,-0.0124912152235767));
#3303=CARTESIAN_POINT('',(-0.00458931379197008,-0.0260950090924586,-0.0117765324051131));
#3304=CARTESIAN_POINT('',(-0.00442307006387297,-0.0252868624480121,-0.0107171943966631));
#3305=CARTESIAN_POINT('',(-0.00425685730749351,-0.0247802893644557,-0.00948490270800123));
#3306=CARTESIAN_POINT('',(-0.00412323615884028,-0.0246067694366449,-0.00836177312378273));
#3307=CARTESIAN_POINT('',(-0.00402181404068992,-0.0246312100907612,-0.00741990682040728));
#3308=CARTESIAN_POINT('',(-0.0039038769264489,-0.0248167245344408,-0.00644834445716892));
#3309=CARTESIAN_POINT('',(-0.00375889339752632,-0.0252524687214422,-0.00536473333455172));
#3310=CARTESIAN_POINT('',(-0.00360196195808929,-0.0259815909628478,-0.00434303512078108));
#3311=CARTESIAN_POINT('',(-0.00346373166776731,-0.0268525064453381,-0.00359272515783791));
#3312=CARTESIAN_POINT('',(-0.00336332104055261,-0.0276624896096467,-0.00311722916608653));
#3313=CARTESIAN_POINT('',(-0.00324826648376504,-0.0285772058603198,-0.00276274063779914));
#3314=CARTESIAN_POINT('',(-0.00310441806342327,-0.0297238046755144,-0.00255682709728361));
#3315=CARTESIAN_POINT('',(-0.00293639844721695,-0.0310585753818035,-0.00263772256477787));
#3316=CARTESIAN_POINT('',(-0.00277134257938512,-0.0323676679466742,-0.00307483787680926));
#3317=CARTESIAN_POINT('',(-0.00263147939161059,-0.0334745176618598,-0.00377389025876368));
#3318=CARTESIAN_POINT('',(-0.00245917902978343,-0.0344411209419759,-0.00478683613694514));
#3319=CARTESIAN_POINT('',(-0.00228188237577538,-0.0351177971438091,-0.00602926862797914));
#3320=CARTESIAN_POINT('',(-0.00211260406578954,-0.0354441045659909,-0.0073821367634256));
#3321=CARTESIAN_POINT('',(-0.00197365316870911,-0.0354354895447031,-0.00868877445845361));
#3322=CARTESIAN_POINT('',(-0.00180457492111799,-0.0350916595732758,-0.0100367119392013));
#3323=CARTESIAN_POINT('',(-0.00162728016939542,-0.0343989070962206,-0.0112702445422716));
#3324=CARTESIAN_POINT('',(-0.0014548275190699,-0.0334188643881246,-0.0122707989298667));
#3325=CARTESIAN_POINT('',(-0.00131486299905206,-0.0323026475227287,-0.0129553440235208));
#3326=CARTESIAN_POINT('',(-0.00115005682649449,-0.0309886129176532,-0.0133750599084278));
#3327=CARTESIAN_POINT('',(-0.000982031102291863,-0.0296528909751017,-0.0134385987770113));
#3328=CARTESIAN_POINT('',(-0.000838137906413789,-0.0285089497221763,-0.0132177524984617));
#3329=CARTESIAN_POINT('',(-0.000722895346365505,-0.0275984626102371,-0.0128510975662282));
#3330=CARTESIAN_POINT('',(-0.000622498193370652,-0.0267948546639889,-0.012364975404991));
#3331=CARTESIAN_POINT('',(-0.000484480695999502,-0.0259342934026175,-0.0116037300105651));
#3332=CARTESIAN_POINT('',(-0.000327565284069359,-0.0252185319075598,-0.0105726773937883));
#3333=CARTESIAN_POINT('',(-0.000182526569909922,-0.0247968973260664,-0.00948333860207039));
#3334=CARTESIAN_POINT('',(-6.44615123007893E-5,-0.0246240375933791,-0.00850907771084703));
#3335=CARTESIAN_POINT('',(3.70933457262139E-5,-0.0246120165720243,-0.00756658343684503));
#3336=CARTESIAN_POINT('',(0.000170407297345887,-0.024800140608139,-0.00644669882178687));
#3337=CARTESIAN_POINT('',(0.000336626474228521,-0.0253226863578222,-0.00522108346801526));
#3338=CARTESIAN_POINT('',(0.000502863369228979,-0.0261445147362902,-0.00417233923030491));
#3339=CARTESIAN_POINT('',(0.00063531786114242,-0.0270327327658078,-0.00346869493081878));
#3340=CARTESIAN_POINT('',(0.000737273600336513,-0.0278650189892076,-0.00302382555561407));
#3341=CARTESIAN_POINT('',(0.000855669850017451,-0.0288027058057882,-0.00270503796633712));
#3342=CARTESIAN_POINT('',(0.00100086022799773,-0.0299607344948251,-0.00254900447597936));
#3343=CARTESIAN_POINT('',(0.00115773210350618,-0.031209023791105,-0.00267894927506105));
#3344=CARTESIAN_POINT('',(0.00129514614873422,-0.0322893745001441,-0.0030649638745842));
#3345=CARTESIAN_POINT('',(0.0013955471273663,-0.0331029867575046,-0.00353418586462668));
#3346=CARTESIAN_POINT('',(0.00151128409221118,-0.0338644700808189,-0.0041557085567293));
#3347=CARTESIAN_POINT('',(0.00165530192180395,-0.0346097829329981,-0.00505162322571696));
#3348=CARTESIAN_POINT('',(0.00182333862920979,-0.0351981577896044,-0.00625247954241449));
#3349=CARTESIAN_POINT('',(0.00198745475509004,-0.0354640383340499,-0.00760410005093555));
#3350=CARTESIAN_POINT('',(0.00212772209485582,-0.0354031404848037,-0.00891293277311176));
#3351=CARTESIAN_POINT('',(0.00230057557669213,-0.0349989681330319,-0.0102550847379219));
#3352=CARTESIAN_POINT('',(0.00247786399646725,-0.0342522930213482,-0.0114567165273838));
#3353=CARTESIAN_POINT('',(0.00264638537640106,-0.0332385049228923,-0.0124070262809377));
#3354=CARTESIAN_POINT('',(0.00278536417502088,-0.0320981895432313,-0.0130451959478262));
#3355=CARTESIAN_POINT('',(0.00295517330109154,-0.0307542848594436,-0.0134122852994609));
#3356=CARTESIAN_POINT('',(0.00313247404171356,-0.0293395289271248,-0.0134184787505592));
#3357=CARTESIAN_POINT('',(0.00330434709693489,-0.027987145003108,-0.0130605619474102));
#3358=CARTESIAN_POINT('',(0.00344396244425312,-0.026841319436479,-0.0124288413217599));
#3359=CARTESIAN_POINT('',(0.00360968555117868,-0.0258255737402848,-0.0114917397249285));
#3360=CARTESIAN_POINT('',(0.00377768320397446,-0.0251111438647991,-0.0103614214424181));
#3361=CARTESIAN_POINT('',(0.00392141244340939,-0.0247387416880225,-0.00925794460595062));
#3362=CARTESIAN_POINT('',(0.00403593967265106,-0.0246081446097964,-0.00828716852857486));
#3363=CARTESIAN_POINT('',(0.00413642737140552,-0.0246336888109236,-0.00734806411365544));
#3364=CARTESIAN_POINT('',(0.00427521080687688,-0.0248711524814633,-0.00622172429790852));
#3365=CARTESIAN_POINT('',(0.00443218613280185,-0.0254147368553818,-0.00509023075190163));
#3366=CARTESIAN_POINT('',(0.00457702106339173,-0.0261536339413047,-0.0041862409931239));
#3367=CARTESIAN_POINT('',(0.00469459381414181,-0.0269144385682871,-0.00355574810738541));
#3368=CARTESIAN_POINT('',(0.00479569571272752,-0.0277267691950443,-0.0030802514896207));
#3369=CARTESIAN_POINT('',(0.00493012672195975,-0.0287963768146987,-0.00268955380852143));
#3370=CARTESIAN_POINT('',(0.005096322863125,-0.0301201903793393,-0.00253919685638982));
#3371=CARTESIAN_POINT('',(0.00526258542182271,-0.0314379405894197,-0.00273648259919068));
#3372=CARTESIAN_POINT('',(0.00539380562096328,-0.0324852922630299,-0.00315979916879937));
#3373=CARTESIAN_POINT('',(0.00549640523618798,-0.0332848731919149,-0.00366455957092002));
#3374=CARTESIAN_POINT('',(0.00561521513800954,-0.0340259063093458,-0.00432336698149987));
#3375=CARTESIAN_POINT('',(0.00576061651253767,-0.0347336126524035,-0.00525387767487765));
#3376=CARTESIAN_POINT('',(0.00591742932933747,-0.0352365191399744,-0.0064035848054058));
#3377=CARTESIAN_POINT('',(0.00605395846549175,-0.0354339830389182,-0.00753116496144397));
#3378=CARTESIAN_POINT('',(0.00615446047386484,-0.0354280732704141,-0.0084706653890007));
#3379=CARTESIAN_POINT('',(0.00627083466368095,-0.0352633828753086,-0.00944151685528384));
#3380=CARTESIAN_POINT('',(0.00641502931999345,-0.0348519239733098,-0.0105323738010313));
#3381=CARTESIAN_POINT('',(0.00658306810539047,-0.0340978466417363,-0.0116367227583296));
#3382=CARTESIAN_POINT('',(0.00674621347843512,-0.0330559200310107,-0.0125336631053691));
#3383=CARTESIAN_POINT('',(0.00688696010180301,-0.0318867355943536,-0.0131280365510789));
#3384=CARTESIAN_POINT('',(0.00706033036410978,-0.0305185858741994,-0.0134394253098467));
#3385=CARTESIAN_POINT('',(0.00723760747313352,-0.0291050302957728,-0.0133829798324588));
#3386=CARTESIAN_POINT('',(0.00740533649955322,-0.027780175318065,-0.0129713060731593));
#3387=CARTESIAN_POINT('',(0.00754441932038333,-0.0266616600995373,-0.0122950905516394));
#3388=CARTESIAN_POINT('',(0.00771492431913427,-0.0256775348707927,-0.0113062835219628));
#3389=CARTESIAN_POINT('',(0.00789222502084076,-0.0249739828382642,-0.0100788349448018));
#3390=CARTESIAN_POINT('',(0.00806349343422423,-0.0246180452996277,-0.00872771499124242));
#3391=CARTESIAN_POINT('',(0.00820279367100415,-0.02460096919489,-0.00742017912475056));
#3392=CARTESIAN_POINT('',(0.0083695561448167,-0.0249153199786761,-0.00607169752701198));
#3393=CARTESIAN_POINT('',(0.00854681629394336,-0.0255810207387844,-0.00482350203687545));
#3394=CARTESIAN_POINT('',(0.00872074193286765,-0.0265424855021137,-0.00379940212228526));
#3395=CARTESIAN_POINT('',(0.0088621408486313,-0.0276484261722671,-0.00309089298165988));
#3396=CARTESIAN_POINT('',(0.00902411756537264,-0.0289461252376626,-0.00264694163915405));
#3397=CARTESIAN_POINT('',(0.00919214069597338,-0.0302801051987495,-0.00255443834155563));
#3398=CARTESIAN_POINT('',(0.00933654806353357,-0.0314298787638056,-0.00275102610945156));
#3399=CARTESIAN_POINT('',(0.00945361113485995,-0.0323524818303622,-0.00310071629893371));
#3400=CARTESIAN_POINT('',(0.00955435675128634,-0.033166388834203,-0.00357149565845589));
#3401=CARTESIAN_POINT('',(0.00968988516934486,-0.0340366541534505,-0.00431058790509694));
#3402=CARTESIAN_POINT('',(0.00985583151340359,-0.0348208426981779,-0.00538704375770895));
#3403=CARTESIAN_POINT('',(0.0100327844214904,-0.0353272362834048,-0.00670638282000632));
#3404=CARTESIAN_POINT('',(0.010183569210881,-0.035477732698363,-0.00803787877628997));
#3405=CARTESIAN_POINT('',(0.0103341363265212,-0.0353088229583532,-0.00936653304422948));
#3406=CARTESIAN_POINT('',(0.0105110753460957,-0.0347843129824877,-0.0106787264859502));
#3407=CARTESIAN_POINT('',(0.0106770231001736,-0.0339853557944709,-0.0117442766155593));
#3408=CARTESIAN_POINT('',(0.0108127158337568,-0.0331045635992751,-0.0124715352646183));
#3409=CARTESIAN_POINT('',(0.010913416023737,-0.0322843069616755,-0.0129308872807921));
#3410=CARTESIAN_POINT('',(0.011030386580003,-0.0313572012011346,-0.0132676834531827));
#3411=CARTESIAN_POINT('',(0.0111747631079618,-0.030204907422946,-0.0134483664736715));
#3412=CARTESIAN_POINT('',(0.0113427897536403,-0.0288723169870919,-0.0133374899912507));
#3413=CARTESIAN_POINT('',(0.0115049333695512,-0.0275804466263206,-0.0128754345087558));
#3414=CARTESIAN_POINT('',(0.01164623436188,-0.0264846956394468,-0.012151775504175));
#3415=CARTESIAN_POINT('',(0.0118200849054153,-0.025537609144392,-0.0111146566930094));
#3416=CARTESIAN_POINT('',(0.0119973476705365,-0.0248891665055496,-0.00985739801098279));
#3417=CARTESIAN_POINT('',(0.0121642489913506,-0.0245934281897378,-0.00850430750285282));
#3418=CARTESIAN_POINT('',(0.0123035123849486,-0.0246286750820437,-0.0071972407479953));
#3419=CARTESIAN_POINT('',(0.0124746763856762,-0.0250031757969254,-0.00585145752458294));
#3420=CARTESIAN_POINT('',(0.0126519773311614,-0.0257235742645324,-0.00463381878326033));
#3421=CARTESIAN_POINT('',(0.0128225926546727,-0.0267215025413609,-0.00365849333256903));
#3422=CARTESIAN_POINT('',(0.0129616998237736,-0.0278493694946094,-0.00299785574147122));
#3423=CARTESIAN_POINT('',(0.0131292957664578,-0.0291794311804332,-0.00260466424724455));
#3424=CARTESIAN_POINT('',(0.013306570754599,-0.0305936223421253,-0.00256770205769685));
#3425=CARTESIAN_POINT('',(0.0134800220995667,-0.0319575672477214,-0.00289801162085373));
#3426=CARTESIAN_POINT('',(0.0136208543712208,-0.0331185935906599,-0.00350869433583479));
#3427=CARTESIAN_POINT('',(0.0137838378646597,-0.0341476467009161,-0.00441967880644478));
#3428=CARTESIAN_POINT('',(0.0139518755996115,-0.0348864302676998,-0.00553431067692336));
#3429=CARTESIAN_POINT('',(0.0140960998583534,-0.0352828212264739,-0.0066308198074953));
#3430=CARTESIAN_POINT('',(0.0142125740706419,-0.0354340969332502,-0.00760414227124347));
#3431=CARTESIAN_POINT('',(0.0143131031865437,-0.0354269430248085,-0.00854371508008059));
#3432=CARTESIAN_POINT('',(0.014449480883939,-0.0352139531171016,-0.00966802020511538));
#3433=CARTESIAN_POINT('',(0.0146062841303071,-0.0346952683865706,-0.0108106689265409));
#3434=CARTESIAN_POINT('',(0.0147517204082004,-0.0339747151335544,-0.0117313889760541));
#3435=CARTESIAN_POINT('',(0.0148705936656646,-0.0332245115248496,-0.0123800083497703));
#3436=CARTESIAN_POINT('',(0.014973309274225,-0.0324177001764877,-0.0128737829878674));
#3437=CARTESIAN_POINT('',(0.0151043208751377,-0.0313651315864798,-0.0132822911838156));
#3438=CARTESIAN_POINT('',(0.0152705878667144,-0.0300447808656292,-0.0134614082079531));
#3439=CARTESIAN_POINT('',(0.0154367803074675,-0.0287231715162918,-0.0132928163309865));
#3440=CARTESIAN_POINT('',(0.0155713877802944,-0.0276586101450652,-0.0128871413945557));
#3441=CARTESIAN_POINT('',(0.015672425991823,-0.0268531294604332,-0.0124004939204288));
#3442=CARTESIAN_POINT('',(0.0157899138293629,-0.0261013062996356,-0.0117596920669072));
#3443=CARTESIAN_POINT('',(0.0159347158425202,-0.0253750152650329,-0.0108456577921313));
#3444=CARTESIAN_POINT('',(0.0160917009856408,-0.0248470715814808,-0.00970675455440636));
#3445=CARTESIAN_POINT('',(0.0162306032540809,-0.024625148859242,-0.0085769013170286));
#3446=CARTESIAN_POINT('',(0.0163311163310684,-0.0246126650247263,-0.00763745972414303));
#3447=CARTESIAN_POINT('',(0.016445522127943,-0.0247566544458893,-0.00666893398333297));
#3448=CARTESIAN_POINT('',(0.0165892252997738,-0.0251442200185518,-0.00557076737870935));
#3449=CARTESIAN_POINT('',(0.0167572168938914,-0.0258741587978375,-0.00445041850657334));
#3450=CARTESIAN_POINT('',(0.0169230871298143,-0.026903090465622,-0.00352718815123864));
#3451=CARTESIAN_POINT('',(0.0170626524634827,-0.0280574615212813,-0.00291152447449047));
#3452=CARTESIAN_POINT('',(0.0172344272275888,-0.0294143897308394,-0.00257239990580052));
#3453=CARTESIAN_POINT('',(0.0174117286503095,-0.0308289287320018,-0.00259808665408975));
#3454=CARTESIAN_POINT('',(0.0175816539989434,-0.0321679466545651,-0.00298381871272571));
#3455=CARTESIAN_POINT('',(0.0177206446419178,-0.0332993103919778,-0.00363779454960455));
#3456=CARTESIAN_POINT('',(0.0178890387345603,-0.0342995915588615,-0.00460178844167204));
#3457=CARTESIAN_POINT('',(0.01806632552947,-0.0350296352001793,-0.00581358937276693));
#3458=CARTESIAN_POINT('',(0.0182392660603698,-0.0354152969823696,-0.00716143656859156));
#3459=CARTESIAN_POINT('',(0.0183796067531653,-0.0354580016535016,-0.00847119906777415));
#3460=CARTESIAN_POINT('',(0.0185435660602631,-0.0351735175468495,-0.00981856992868929));
#3461=CARTESIAN_POINT('',(0.0187116041722815,-0.0345686460522428,-0.0110112036138096));
#3462=CARTESIAN_POINT('',(0.0188556503914513,-0.0338109895976996,-0.0118968072591815));
#3463=CARTESIAN_POINT('',(0.0189714947987307,-0.0330407280537026,-0.0125079145587559));
#3464=CARTESIAN_POINT('',(0.019071904754102,-0.0322206458609993,-0.0129657920358533));
#3465=CARTESIAN_POINT('',(0.0192091785942143,-0.031135435300711,-0.013336675123577));
#3466=CARTESIAN_POINT('',(0.0193660408103151,-0.0298854987569709,-0.0134494059530363));
#3467=CARTESIAN_POINT('',(0.0195112654146134,-0.0287296430243893,-0.0132773789427469));
#3468=CARTESIAN_POINT('',(0.0196297324839981,-0.0277962640799041,-0.0129455893155754));
#3469=CARTESIAN_POINT('',(0.0197317861657786,-0.0269699905581638,-0.0124890533402938));
#3470=CARTESIAN_POINT('',(0.019864043119428,-0.0260920694342688,-0.0117735058549825));
#3471=CARTESIAN_POINT('',(0.0200302841924293,-0.0252847645400921,-0.0107135320300216));
#3472=CARTESIAN_POINT('',(0.0201964994176894,-0.0247791621131703,-0.0094808374476666));
#3473=CARTESIAN_POINT('',(0.020330000974286,-0.0246065138260075,-0.00835791524219421));
#3474=CARTESIAN_POINT('',(0.0204314740584419,-0.0246316301589197,-0.00741591977348091));
#3475=CARTESIAN_POINT('',(0.0205494616325817,-0.0248179070794927,-0.00644435987458082));
#3476=CARTESIAN_POINT('',(0.0206944667342764,-0.0252545096688535,-0.00536103229677147));
#3477=CARTESIAN_POINT('',(0.0208513918818527,-0.0259844280495656,-0.00433992210885946));
#3478=CARTESIAN_POINT('',(0.0209895395053985,-0.0268557297968005,-0.00359041837549971));
#3479=CARTESIAN_POINT('',(0.0210899439058527,-0.0276660365152374,-0.00311550742661192));
#3480=CARTESIAN_POINT('',(0.0212050724053567,-0.0285812101339589,-0.00276162226117212));
#3481=CARTESIAN_POINT('',(0.0213489383043034,-0.0297280154828471,-0.00255659407127211));
#3482=CARTESIAN_POINT('',(0.0215169604263072,-0.0310627272891252,-0.00263853990059845));
#3483=CARTESIAN_POINT('',(0.021681918858018,-0.0323712349921109,-0.00307654869932313));
#3484=CARTESIAN_POINT('',(0.021821821040278,-0.033477677461222,-0.00377644935540561));
#3485=CARTESIAN_POINT('',(0.02199418132215,-0.0344436195594628,-0.00479025775660642));
#3486=CARTESIAN_POINT('',(0.0221714772538418,-0.0351193115906775,-0.00603322268212581));
#3487=CARTESIAN_POINT('',(0.0223406775770291,-0.0354445437820332,-0.00738612588939692));
#3488=CARTESIAN_POINT('',(0.0224796278161887,-0.035434995176208,-0.00869275521212641));
#3489=CARTESIAN_POINT('',(0.0226487846651917,-0.0350900908536504,-0.0100406446219029));
#3490=CARTESIAN_POINT('',(0.0228260801916012,-0.0343963615555102,-0.0112736314552006));
#3491=CARTESIAN_POINT('',(0.0229984735463457,-0.0334156679469271,-0.0122733150668125));
#3492=CARTESIAN_POINT('',(0.0231383977754406,-0.0322990587665091,-0.0129570042093296));
#3493=CARTESIAN_POINT('',(0.0233033019223578,-0.0309844504987897,-0.0133758199958023));
#3494=CARTESIAN_POINT('',(0.0234713253992852,-0.0296486834318213,-0.0134383075035388));
#3495=CARTESIAN_POINT('',(0.0236152009875809,-0.0285049612156444,-0.0132165791172557));
#3496=CARTESIAN_POINT('',(0.0237303703820111,-0.02759493793985,-0.012849325631758));
#3497=CARTESIAN_POINT('',(0.0238307718534467,-0.0267916664621234,-0.0123626258348692));
#3498=CARTESIAN_POINT('',(0.0239688732047533,-0.0259314991781922,-0.0116005782307497));
#3499=CARTESIAN_POINT('',(0.0241257948997819,-0.0252165423328286,-0.0105689483170942));
#3500=CARTESIAN_POINT('',(0.0242708119684655,-0.0247957697397245,-0.00947933820181713));
#3501=CARTESIAN_POINT('',(0.0243888273490291,-0.0246236727354836,-0.00850508298973626));
#3502=CARTESIAN_POINT('',(0.0244903293382512,-0.0246123258360231,-0.00756273284119578));
#3503=CARTESIAN_POINT('',(0.0246237640525933,-0.0248013235625648,-0.00644264932784369));
#3504=CARTESIAN_POINT('',(0.0247899807339069,-0.0253248348107467,-0.00521745051199992));
#3505=CARTESIAN_POINT('',(0.0249562202578672,-0.0261474956056312,-0.00416935335266146));
#3506=CARTESIAN_POINT('',(0.0250885480267607,-0.0270359427074248,-0.00346657586062609));
#3507=CARTESIAN_POINT('',(0.0251905663415024,-0.0278687052286024,-0.0030222156997528));
#3508=CARTESIAN_POINT('',(0.0253090082693457,-0.0288067545931617,-0.00270410078585547));
#3509=CARTESIAN_POINT('',(0.0254542206593555,-0.0299649614996366,-0.00254895150357448));
#3510=CARTESIAN_POINT('',(0.0256110862950279,-0.0312131320632956,-0.00267988230230874));
#3511=CARTESIAN_POINT('',(0.0257484104376908,-0.0322929553102188,-0.00306661703656694));
#3512=CARTESIAN_POINT('',(0.0258488168381441,-0.0331062475682987,-0.00353642647376746));
#3513=CARTESIAN_POINT('',(0.0259646229976791,-0.0338674185141023,-0.00415863968815333));
#3514=CARTESIAN_POINT('',(0.0261086590890595,-0.0346120658206625,-0.00505517168153455));
#3515=CARTESIAN_POINT('',(0.0262766967219431,-0.0351994945432569,-0.00625649222742442));
#3516=CARTESIAN_POINT('',(0.0264407121372662,-0.0354643131674547,-0.00760803494371057));
#3517=CARTESIAN_POINT('',(0.0265810263834467,-0.0354024744854861,-0.00891695502177173));
#3518=CARTESIAN_POINT('',(0.02675393596694,-0.0349972249774173,-0.0102589465853309));
#3519=CARTESIAN_POINT('',(0.0269312233419605,-0.0342496018129724,-0.0114599842139966));
#3520=CARTESIAN_POINT('',(0.0270996629920556,-0.0332352629647129,-0.0124093724479183));
#3521=CARTESIAN_POINT('',(0.027238649167021,-0.032094473885336,-0.0130467372546513));
#3522=CARTESIAN_POINT('',(0.0274085331352635,-0.030750089431744,-0.0134128616070646));
#3523=CARTESIAN_POINT('',(0.0275858343277666,-0.0293353272965896,-0.0134179360551928));
#3524=CARTESIAN_POINT('',(0.0277576442818693,-0.0279833884536735,-0.0130590298240817));
#3525=CARTESIAN_POINT('',(0.0278972272577047,-0.0268380931646776,-0.012426535210917));
#3526=CARTESIAN_POINT('',(0.0280630450449857,-0.0258228577721625,-0.0114884925803449));
#3527=CARTESIAN_POINT('',(0.0282310388699563,-0.025109320616595,-0.0103576207401465));
#3528=CARTESIAN_POINT('',(0.0283747512896696,-0.024737794416865,-0.00925389651004257));
#3529=CARTESIAN_POINT('',(0.0284892006194352,-0.024607944046766,-0.00828324241307621));
#3530=CARTESIAN_POINT('',(0.0285897042841545,-0.0246341574033545,-0.00734411166594907));
#3531=CARTESIAN_POINT('',(0.0287285643213474,-0.0248725159025369,-0.00621774019438032));
#3532=CARTESIAN_POINT('',(0.0288855459802973,-0.0254169964818238,-0.00508665996653064));
#3533=CARTESIAN_POINT('',(0.029030359709811,-0.0261565575290419,-0.00418328619721378));
#3534=CARTESIAN_POINT('',(0.0291478780120099,-0.0269177204522522,-0.00355346492571163));
#3535=CARTESIAN_POINT('',(0.0292489386605951,-0.0277302870290318,-0.00307860761729144));
#3536=CARTESIAN_POINT('',(0.0293834832789251,-0.028800482423889,-0.00268858588708735));
#3537=CARTESIAN_POINT('',(0.0295496770834003,-0.030124410322416,-0.00253927078279904));
#3538=CARTESIAN_POINT('',(0.0297159424322638,-0.0314420085342967,-0.00273760323887472));
#3539=CARTESIAN_POINT('',(0.0298470288058622,-0.0324887037209704,-0.00316153184496586));
#3540=CARTESIAN_POINT('',(0.0299497025928115,-0.0332881045489979,-0.00366697721763605));
#3541=CARTESIAN_POINT('',(0.030068553379735,-0.0340287186249445,-0.00432642583572697));
#3542=CARTESIAN_POINT('',(0.0302139771993873,-0.0347357465087324,-0.00525752778900241));
#3543=CARTESIAN_POINT('',(0.0303707838309543,-0.0352377338309939,-0.00640761970988403));
#3544=CARTESIAN_POINT('',(0.0305072158497248,-0.0354343148212275,-0.00753507510976358));
#3545=CARTESIAN_POINT('',(0.0306077349274553,-0.0354277353508591,-0.00847462103208571));
#3546=CARTESIAN_POINT('',(0.0307241735478826,-0.0352622881208499,-0.00944552748765361));
#3547=CARTESIAN_POINT('',(0.0308683872434813,-0.0348499644641158,-0.0105361128411481));
#3548=CARTESIAN_POINT('',(0.03103642537471,-0.0340950172916396,-0.0116398635365315));
#3549=CARTESIAN_POINT('',(0.0311994667867282,-0.0330526449049206,-0.0125358403512763));
#3550=CARTESIAN_POINT('',(0.0313402682178416,-0.0318828991837185,-0.0131294480204211));
#3551=CARTESIAN_POINT('',(0.0315136907487866,-0.0305143666802221,-0.0134398148239575));
#3552=CARTESIAN_POINT('',(0.031690966491421,-0.029100861174291,-0.0133822517708927));
#3553=CARTESIAN_POINT('',(0.0318586100642899,-0.0277765441104353,-0.012969651522753));
#3554=CARTESIAN_POINT('',(0.0319977082968104,-0.0266584754320756,-0.012292614631567));
#3555=CARTESIAN_POINT('',(0.0321682843496141,-0.0256749629108156,-0.0113029183164111));
#3556=CARTESIAN_POINT('',(0.0323455852184358,-0.0249723817642989,-0.0100749130505848));
#3557=CARTESIAN_POINT('',(0.0325167865982857,-0.0246175228274401,-0.00872370312888737));
#3558=CARTESIAN_POINT('',(0.0326560629239471,-0.0246013818055148,-0.00741622244348004));
#3559=CARTESIAN_POINT('',(0.032822914769931,-0.0249168015390169,-0.00606773441565287));
#3560=CARTESIAN_POINT('',(0.033000176624789,-0.0255834918992804,-0.00482006016604331));
#3561=CARTESIAN_POINT('',(0.0331740540672832,-0.0265456547191255,-0.00379680221088664));
#3562=CARTESIAN_POINT('',(0.0333153898255654,-0.0276519519555575,-0.00308917901947459));
#3563=CARTESIAN_POINT('',(0.0334774739155867,-0.0289502634447487,-0.00264609084493812));
#3564=CARTESIAN_POINT('',(0.0336454993782188,-0.0302843236749673,-0.00255464213117612));
#3565=CARTESIAN_POINT('',(0.0337898868679773,-0.0314338917616511,-0.00275211113413616));
#3566=CARTESIAN_POINT('',(0.0339068906100477,-0.0323560761787537,-0.00310243577494698));
#3567=CARTESIAN_POINT('',(0.0340076067060843,-0.0331695734972331,-0.00357375206870683));
#3568=CARTESIAN_POINT('',(0.0341432409381993,-0.0340395202257974,-0.00431368001763643));
#3569=CARTESIAN_POINT('',(0.0343091881984209,-0.0348228637141296,-0.00539075697100567));
#3570=CARTESIAN_POINT('',(0.034486132227858,-0.0353282048550022,-0.00671046934224849));
#3571=CARTESIAN_POINT('',(0.0346367770274084,-0.0354777049153233,-0.00804168064855552));
#3572=CARTESIAN_POINT('',(0.0347874840324187,-0.0353077948145716,-0.00937060476461017));
#3573=CARTESIAN_POINT('',(0.034964431906113,-0.0347822387190355,-0.0106824092952468));
#3574=CARTESIAN_POINT('',(0.0351303793948404,-0.0339824425520203,-0.0117473287748846));
#3575=CARTESIAN_POINT('',(0.0352659646586989,-0.0331013522620517,-0.0124737395504402));
#3576=CARTESIAN_POINT('',(0.0353666977133957,-0.0322806772294039,-0.0129325633513579));
#3577=CARTESIAN_POINT('',(0.0354837157194965,-0.0313532170831921,-0.0132686724404441));
#3578=CARTESIAN_POINT('',(0.0356860180640887,-0.0297390612417662,-0.0135209622411636));
#3579=CARTESIAN_POINT('',(0.0358555238107667,-0.0283963409056426,-0.0132333230906989));
#3580=CARTESIAN_POINT('',(0.0359547371295363,-0.0276095898733468,-0.0128300640561236));
#3581=CARTESIAN_POINT('',(-0.00653220675200097,-0.0353971925273489,-0.00855418472465503));
#3582=CARTESIAN_POINT('',(-0.0064320032213617,-0.0353149169116799,-0.00943745160685307));
#3583=CARTESIAN_POINT('',(-0.00626193642590448,-0.0348352239466939,-0.0107260076074595));
#3584=CARTESIAN_POINT('',(-0.00606015230435879,-0.0337558943760076,-0.0119510613747988));
#3585=CARTESIAN_POINT('',(-0.0059442452844725,-0.0329767602110626,-0.0125513741620104));
#3586=CARTESIAN_POINT('',(-0.00584382522782317,-0.0321500161169649,-0.0129976009162154));
#3587=CARTESIAN_POINT('',(-0.00570664630401244,-0.0310596877522252,-0.013352977464973));
#3588=CARTESIAN_POINT('',(-0.00554979001402612,-0.0298080395544083,-0.0134479769862577));
#3589=CARTESIAN_POINT('',(-0.00540454284825238,-0.0286544540933773,-0.0132594896054269));
#3590=CARTESIAN_POINT('',(-0.00528602968175872,-0.027725579030061,-0.0129143424916507));
#3591=CARTESIAN_POINT('',(-0.00518390968494592,-0.0269055711906276,-0.0124458671729104));
#3592=CARTESIAN_POINT('',(-0.00505178419014114,-0.0260380652841892,-0.0117179725807652));
#3593=CARTESIAN_POINT('',(-0.00488554030851716,-0.0252457226288106,-0.0106464305696339));
#3594=CARTESIAN_POINT('',(-0.00471932769501578,-0.0247575723782335,-0.00940643945162102));
#3595=CARTESIAN_POINT('',(-0.00458570323573518,-0.0246008699746959,-0.00828059012912502));
#3596=CARTESIAN_POINT('',(-0.00448428254468004,-0.0246394314479941,-0.00733901649955085));
#3597=CARTESIAN_POINT('',(-0.00436634679815234,-0.0248395220273067,-0.00637015779055214));
#3598=CARTESIAN_POINT('',(-0.00422136381570263,-0.0252915431705329,-0.00529298529880275));
#3599=CARTESIAN_POINT('',(-0.00406443224522941,-0.026036041222967,-0.00428212335596015));
#3600=CARTESIAN_POINT('',(-0.00392619970660515,-0.0269182899292314,-0.00354479230108291));
#3601=CARTESIAN_POINT('',(-0.00382578889279073,-0.0277354730863686,-0.00308139635062955));
#3602=CARTESIAN_POINT('',(-0.00371073638175883,-0.0286555709387474,-0.00274059157537322));
#3603=CARTESIAN_POINT('',(-0.00356688837765232,-0.0298053535047701,-0.00255184402368568));
#3604=CARTESIAN_POINT('',(-0.00339886886582492,-0.0311390286943877,-0.00265274967859948));
#3605=CARTESIAN_POINT('',(-0.00323381035491342,-0.0324416997764999,-0.00310953031710259));
#3606=CARTESIAN_POINT('',(-0.00309394823677458,-0.0335381618359631,-0.00382523261792188));
#3607=CARTESIAN_POINT('',(-0.00292164946445362,-0.0344896616730399,-0.00485274661502049));
#3608=CARTESIAN_POINT('',(-0.00274435280123247,-0.0351477783350266,-0.00610542890468745));
#3609=CARTESIAN_POINT('',(-0.0025750724030692,-0.0354538403315361,-0.0074633192583545));
#3610=CARTESIAN_POINT('',(-0.00243612147637478,-0.0354256373249008,-0.00876994248331801));
#3611=CARTESIAN_POINT('',(-0.00226704534526264,-0.0350615779989227,-0.0101128320429555));
#3612=CARTESIAN_POINT('',(-0.00208975060394845,-0.0343502791872319,-0.011336091218857));
#3613=CARTESIAN_POINT('',(-0.00191729639258609,-0.0333551476063579,-0.0123220520797394));
#3614=CARTESIAN_POINT('',(-0.0017773307445363,-0.0322285652007168,-0.0129899278415564));
#3615=CARTESIAN_POINT('',(-0.00161252724016248,-0.0309081404005238,-0.0133899805084273));
#3616=CARTESIAN_POINT('',(-0.00144450142242421,-0.029571348765231,-0.0134335076130495));
#3617=CARTESIAN_POINT('',(-0.0013006078036969,-0.0284306140865038,-0.0131954974878365));
#3618=CARTESIAN_POINT('',(-0.00118536323444279,-0.0275255314445124,-0.0128151582324451));
#3619=CARTESIAN_POINT('',(-0.00108496618062058,-0.0267291409055888,-0.0123169471273474));
#3620=CARTESIAN_POINT('',(-0.000946950986839607,-0.0258799245616355,-0.0115427464168308));
#3621=CARTESIAN_POINT('',(-0.000790035704524062,-0.025179552156396,-0.0105008776750698));
#3622=CARTESIAN_POINT('',(-0.000644996439772555,-0.0247742054228426,-0.00940512095243469));
#3623=CARTESIAN_POINT('',(-0.000526930051036465,-0.0246159314441561,-0.00842817553680802));
#3624=CARTESIAN_POINT('',(-0.000425373678673267,-0.0246180381168754,-0.0074854091052341));
#3625=CARTESIAN_POINT('',(-0.00029206309256104,-0.0248229612687844,-0.00636826663753093));
#3626=CARTESIAN_POINT('',(-0.000125843770562322,-0.0253639200880417,-0.00515037435231932));
#3627=CARTESIAN_POINT('',(4.03929731490638E-5,-0.0262015367827007,-0.0041138541457487));
#3628=CARTESIAN_POINT('',(0.00017285098176817,-0.0271003976276576,-0.00342344950055713));
#3629=CARTESIAN_POINT('',(0.000274804966078773,-0.0279394159096071,-0.00299102245158724));
#3630=CARTESIAN_POINT('',(0.000393199985611899,-0.0288819554769148,-0.00268626299224546));
#3631=CARTESIAN_POINT('',(0.000538389801671531,-0.0300424207180881,-0.00254757175544561));
#3632=CARTESIAN_POINT('',(0.000695261802862486,-0.0312888731516672,-0.00269623483729938));
#3633=CARTESIAN_POINT('',(0.000832678304052546,-0.0323635470609311,-0.00309848186853184));
#3634=CARTESIAN_POINT('',(0.000933079140719226,-0.0331701958645482,-0.00357994112026511));
#3635=CARTESIAN_POINT('',(0.00104881419726763,-0.0339224211615091,-0.00421292417647415));
#3636=CARTESIAN_POINT('',(0.00119283158579718,-0.0346543707631932,-0.00512008490837395));
#3637=CARTESIAN_POINT('',(0.00136086822957533,-0.0352248010677633,-0.00632986397545424));
#3638=CARTESIAN_POINT('',(0.00152498709274093,-0.0354704487235229,-0.00768560497795232));
#3639=CARTESIAN_POINT('',(0.00166525314346812,-0.0353899259843997,-0.00899363160236081));
#3640=CARTESIAN_POINT('',(0.00183810514287446,-0.0349656060153686,-0.0103298347909134));
#3641=CARTESIAN_POINT('',(0.00201539357635271,-0.0342008576814205,-0.0115203826086968));
#3642=CARTESIAN_POINT('',(0.00218391715071177,-0.0331727269990428,-0.0124555900794317));
#3643=CARTESIAN_POINT('',(0.0023228957563625,-0.0320227462358023,-0.013076721157398));
#3644=CARTESIAN_POINT('',(0.00249270287242513,-0.0306732341423485,-0.013423697457457));
#3645=CARTESIAN_POINT('',(0.00267000360713219,-0.029258261338177,-0.0134086900327907));
#3646=CARTESIAN_POINT('',(0.00284187833029399,-0.0279111128225356,-0.0130304699726942));
#3647=CARTESIAN_POINT('',(0.00298149458613207,-0.0267746519458973,-0.0123815145525293));
#3648=CARTESIAN_POINT('',(0.00314721511935445,-0.0257728742359253,-0.0114291176198042));
#3649=CARTESIAN_POINT('',(0.00331521290643418,-0.0250753206301889,-0.0102879930748593));
#3650=CARTESIAN_POINT('',(0.00345894254383468,-0.0247194222913289,-0.00917883577224752));
#3651=CARTESIAN_POINT('',(0.00357347191953753,-0.0246033634041199,-0.00820600380036256));
#3652=CARTESIAN_POINT('',(0.0036739591905691,-0.0246429875774622,-0.00726720264526206));
#3653=CARTESIAN_POINT('',(0.00381274053034291,-0.0248973506876451,-0.00614433598067395));
#3654=CARTESIAN_POINT('',(0.00396971572132184,-0.0254579391227336,-0.00502089025369285));
#3655=CARTESIAN_POINT('',(0.00411455118699084,-0.0262104513128986,-0.00412789241805403));
#3656=CARTESIAN_POINT('',(0.00423212540629128,-0.0269807798112336,-0.0035087415980524));
#3657=CARTESIAN_POINT('',(0.00433322849128514,-0.0278003160679309,-0.00304537716894335));
#3658=CARTESIAN_POINT('',(0.00446765634141878,-0.0288758552175184,-0.00267068411564471));
#3659=CARTESIAN_POINT('',(0.00463385261929065,-0.0302020384722468,-0.00254015284816454));
#3660=CARTESIAN_POINT('',(0.00480011501828655,-0.0315169475341789,-0.00275720332668447));
#3661=CARTESIAN_POINT('',(0.00493133893973859,-0.0325580664212309,-0.00319626624425079));
#3662=CARTESIAN_POINT('',(0.00503393647251898,-0.0333501400709183,-0.00371304985206939));
#3663=CARTESIAN_POINT('',(0.00515274528193684,-0.0340813592572,-0.00438301659027336));
#3664=CARTESIAN_POINT('',(0.00529814607918637,-0.0347751797194,-0.00532421255821107));
#3665=CARTESIAN_POINT('',(0.00545495901628441,-0.0352609014722882,-0.00648155787895361));
#3666=CARTESIAN_POINT('',(0.00559149081572045,-0.0354414838350351,-0.00761221312432848));
#3667=CARTESIAN_POINT('',(0.00569199235357999,-0.0354214899032627,-0.00855170434219845));
#3668=CARTESIAN_POINT('',(0.00580836477282187,-0.035242235618939,-0.00952016165628947));
#3669=CARTESIAN_POINT('',(0.00595255896332119,-0.0348143933285653,-0.0106049449910174));
#3670=CARTESIAN_POINT('',(0.00612059772584006,-0.034043699931255,-0.0116980903860672));
#3671=CARTESIAN_POINT('',(0.00628374592999107,-0.032988224206517,-0.0125795031837543));
#3672=CARTESIAN_POINT('',(0.00642449104509153,-0.0318100357113352,-0.0131563980248819));
#3673=CARTESIAN_POINT('',(0.00659785993226911,-0.0304371078943913,-0.0134473077093499));
#3674=CARTESIAN_POINT('',(0.00677513705947444,-0.029024273852761,-0.013369673808858));
#3675=CARTESIAN_POINT('',(0.00694286838627214,-0.0277054593088479,-0.0129381020344676));
#3676=CARTESIAN_POINT('',(0.00708195079149899,-0.0265969850718294,-0.0122450614842734));
#3677=CARTESIAN_POINT('',(0.00725245388729317,-0.0256276017675036,-0.011241426708613));
#3678=CARTESIAN_POINT('',(0.00742975458650505,-0.024942382448863,-0.0100033270687786));
#3679=CARTESIAN_POINT('',(0.00760102477849999,-0.0246066611951316,-0.00864674291969337));
#3680=CARTESIAN_POINT('',(0.00774032568918104,-0.0246091843531067,-0.00733883236211936));
#3681=CARTESIAN_POINT('',(0.00790708574005494,-0.024943770356005,-0.005994958771234));
#3682=CARTESIAN_POINT('',(0.00808434586580501,-0.0256282347390518,-0.00475663021105494));
#3683=CARTESIAN_POINT('',(0.00825827275504379,-0.0266051378388921,-0.00374684415829622));
#3684=CARTESIAN_POINT('',(0.00839967343329102,-0.0277218056604618,-0.00305484603119039));
#3685=CARTESIAN_POINT('',(0.0085616472105723,-0.0290262554421658,-0.00263031240078496));
#3686=CARTESIAN_POINT('',(0.00872967031654661,-0.0303617382702441,-0.002557791918344));
#3687=CARTESIAN_POINT('',(0.00887407817917134,-0.0315086696435552,-0.00277162915280442));
#3688=CARTESIAN_POINT('',(0.00899114285969081,-0.0324261216477873,-0.00313518208863698));
#3689=CARTESIAN_POINT('',(0.00909188933156839,-0.0332330471747185,-0.00361820650777052));
#3690=CARTESIAN_POINT('',(0.00922741481477123,-0.0340922969399015,-0.00437039587436064));
#3691=CARTESIAN_POINT('',(0.00939336119959401,-0.0348604222484991,-0.00545869792287004));
#3692=CARTESIAN_POINT('',(0.00957031426919986,-0.0353470892333488,-0.00678574315544531));
#3693=CARTESIAN_POINT('',(0.00972110295070731,-0.0354776410083402,-0.00811963565842778));
#3694=CARTESIAN_POINT('',(0.00987166618455845,-0.03528880297854,-0.00944585072225986));
#3695=CARTESIAN_POINT('',(0.0100486050296695,-0.0347445831569364,-0.0107502974248513));
#3696=CARTESIAN_POINT('',(0.0102145527480449,-0.0339295871890419,-0.011803968005932));
#3697=CARTESIAN_POINT('',(0.0103502483824314,-0.0330378026297043,-0.0125180991712515));
#3698=CARTESIAN_POINT('',(0.01045094776988,-0.0322105925379642,-0.0129651929323187));
#3699=CARTESIAN_POINT('',(0.0105679166947091,-0.0312783671488892,-0.0132881197001686));
#3700=CARTESIAN_POINT('',(0.0107122927315795,-0.0301232675950652,-0.0134515488419492));
#3701=CARTESIAN_POINT('',(0.0108803193953272,-0.0287922213812033,-0.0133206924722294));
#3702=CARTESIAN_POINT('',(0.0110424659357106,-0.0275071465948885,-0.0128392260000338));
#3703=CARTESIAN_POINT('',(0.0111837652007633,-0.0264221563272492,-0.0120990837895257));
#3704=CARTESIAN_POINT('',(0.0113576144766735,-0.0254905354861843,-0.0110476862473476));
#3705=CARTESIAN_POINT('',(0.0115348772644523,-0.0248608769846131,-0.00978059937579116));
#3706=CARTESIAN_POINT('',(0.0117017809912505,-0.0245853905601912,-0.00842294278743501));
#3707=CARTESIAN_POINT('',(0.0118410437467305,-0.0246402339715909,-0.00711629378779906));
#3708=CARTESIAN_POINT('',(0.0120122059515959,-0.0250349342378602,-0.00577601631080561));
#3709=CARTESIAN_POINT('',(0.0121895068988845,-0.0257736433779832,-0.00456906651154929));
#3710=CARTESIAN_POINT('',(0.0123601241081453,-0.026786285901091,-0.00360860409907655));
#3711=CARTESIAN_POINT('',(0.0124992317286444,-0.0279241574401032,-0.00296481464298998));
#3712=CARTESIAN_POINT('',(0.0126668253539418,-0.0292602149620321,-0.00259152764689616));
#3713=CARTESIAN_POINT('',(0.012844100323181,-0.0306750838464413,-0.00257575518733368));
#3714=CARTESIAN_POINT('',(0.0130175530259996,-0.0320342065183984,-0.00292653769410597));
#3715=CARTESIAN_POINT('',(0.0131583868411646,-0.0331861883712475,-0.00355468302873367));
#3716=CARTESIAN_POINT('',(0.0133213674884432,-0.0342016642055697,-0.00448115957779085));
#3717=CARTESIAN_POINT('',(0.0134894052397193,-0.0349238086251902,-0.00560696050762737));
#3718=CARTESIAN_POINT('',(0.0136336299682479,-0.0353038021392406,-0.00670950944654924));
#3719=CARTESIAN_POINT('',(0.0137501059289353,-0.0354405038285725,-0.00768519546495574));
#3720=CARTESIAN_POINT('',(0.0138506355681915,-0.0354192643351053,-0.0086247466200604));
#3721=CARTESIAN_POINT('',(0.0139870105689921,-0.0351894072041192,-0.00974594137805292));
#3722=CARTESIAN_POINT('',(0.0141438136959309,-0.0346535539412454,-0.0108809167030423));
#3723=CARTESIAN_POINT('',(0.0142892505535647,-0.0339191360111039,-0.0117909211595528));
#3724=CARTESIAN_POINT('',(0.0144081248812615,-0.0331591401491937,-0.0124283579949406));
#3725=CARTESIAN_POINT('',(0.0145108426249286,-0.0323448446597742,-0.0129100878811671));
#3726=CARTESIAN_POINT('',(0.0146418504705051,-0.0312860820407319,-0.0133028458955525));
#3727=CARTESIAN_POINT('',(0.0148081176231369,-0.0299629308944286,-0.0134621922565211));
#3728=CARTESIAN_POINT('',(0.0149743099285358,-0.0286437323523086,-0.0132737797231773));
#3729=CARTESIAN_POINT('',(0.0151089205272209,-0.0275851406055494,-0.012852104754083));
#3730=CARTESIAN_POINT('',(0.0152099576051024,-0.0267868904040155,-0.0123533437636475));
#3731=CARTESIAN_POINT('',(0.015327443952007,-0.026044612652675,-0.0117012235617321));
#3732=CARTESIAN_POINT('',(0.0154722454325885,-0.0253319584886829,-0.0107762269520867));
#3733=CARTESIAN_POINT('',(0.0156292307115098,-0.0248210359720574,-0.00962931100575031));
#3734=CARTESIAN_POINT('',(0.0157681350421808,-0.0246160260025893,-0.00849601969998471));
#3735=CARTESIAN_POINT('',(0.0158686485997326,-0.0246176240677233,-0.00755630570828042));
#3736=CARTESIAN_POINT('',(0.0159830522280962,-0.0247761410454955,-0.00658986658322354));
#3737=CARTESIAN_POINT('',(0.0161267550059708,-0.0251801973570401,-0.00549741441661694));
#3738=CARTESIAN_POINT('',(0.016294746459251,-0.0259269897100934,-0.00438790674496305));
#3739=CARTESIAN_POINT('',(0.016460619253646,-0.0269698614606527,-0.00348000714379507));
#3740=CARTESIAN_POINT('',(0.0166001837141143,-0.0281335580502939,-0.00288159660641406));
#3741=CARTESIAN_POINT('',(0.0167719567931077,-0.0294956773796474,-0.00256278153848795));
#3742=CARTESIAN_POINT('',(0.0169492582210203,-0.0309099556825108,-0.00260966871653219));
#3743=CARTESIAN_POINT('',(0.0171191855625093,-0.0322433217417335,-0.0030155074624866));
#3744=CARTESIAN_POINT('',(0.0172581764342526,-0.0333649823478411,-0.00368650111305777));
#3745=CARTESIAN_POINT('',(0.0174265683154094,-0.034350893077771,-0.00466556192840917));
#3746=CARTESIAN_POINT('',(0.0176038550958943,-0.0350628407128001,-0.00588840938709252));
#3747=CARTESIAN_POINT('',(0.0177767970919801,-0.0354283381256437,-0.00724216400476568));
#3748=CARTESIAN_POINT('',(0.0179171391090886,-0.0354514124605462,-0.00855268956516175));
#3749=CARTESIAN_POINT('',(0.0180810956637842,-0.0351467121326429,-0.00989589789342673));
#3750=CARTESIAN_POINT('',(0.0182491338328757,-0.0345239146227578,-0.0110795716269106));
#3751=CARTESIAN_POINT('',(0.0183931804970949,-0.033752917380316,-0.0119539003910762));
#3752=CARTESIAN_POINT('',(0.0185090267905361,-0.0329734191935105,-0.0125535230832254));
#3753=CARTESIAN_POINT('',(0.0186094369407204,-0.0321464001455803,-0.012999147636245));
#3754=CARTESIAN_POINT('',(0.0187467082915008,-0.0310555502623924,-0.0133537927840416));
#3755=CARTESIAN_POINT('',(0.018903570382783,-0.029803815575123,-0.0134478020457988));
#3756=CARTESIAN_POINT('',(0.0190487955514783,-0.0286504331330145,-0.013258436280376));
#3757=CARTESIAN_POINT('',(0.0191672638288669,-0.0277219380069481,-0.0129126255618669));
#3758=CARTESIAN_POINT('',(0.0192693193182339,-0.0269024262120483,-0.0124436575365268));
#3759=CARTESIAN_POINT('',(0.0194015727220745,-0.0260351707150911,-0.0117149017157383));
#3760=CARTESIAN_POINT('',(0.0195678139477178,-0.0252436794317864,-0.0106427364370323));
#3761=CARTESIAN_POINT('',(0.0197340290292145,-0.0247565059416045,-0.00940235694726929));
#3762=CARTESIAN_POINT('',(0.0198675339181488,-0.0246006721810597,-0.00827672794940284));
#3763=CARTESIAN_POINT('',(0.019969005540702,-0.0246399113076757,-0.00733503548478593));
#3764=CARTESIAN_POINT('',(0.0200869917615976,-0.0248407643867738,-0.00636619057586825));
#3765=CARTESIAN_POINT('',(0.0202319963151894,-0.0252936397670418,-0.00528931453228452));
#3766=CARTESIAN_POINT('',(0.0203889215932399,-0.0260389251984207,-0.00427905258570213));
#3767=CARTESIAN_POINT('',(0.0205270714869583,-0.0269215482520466,-0.00354253357248826));
#3768=CARTESIAN_POINT('',(0.020627476039433,-0.0277390460327897,-0.00307972766742446));
#3769=CARTESIAN_POINT('',(0.0207426025076353,-0.0286595923230075,-0.00273953310579804));
#3770=CARTESIAN_POINT('',(0.0208864679877301,-0.029809568160078,-0.00255167408900341));
#3771=CARTESIAN_POINT('',(0.0210544900096437,-0.0311431687310897,-0.00265362930539614));
#3772=CARTESIAN_POINT('',(0.0212194510943666,-0.0324452415527228,-0.0031112947982991));
#3773=CARTESIAN_POINT('',(0.0213593521838926,-0.0335412834994282,-0.00382783925743879));
#3774=CARTESIAN_POINT('',(0.0215317108875167,-0.0344921092332318,-0.00485620597727737));
#3775=CARTESIAN_POINT('',(0.0217090068288944,-0.0351492336619344,-0.0061094060061161));
#3776=CARTESIAN_POINT('',(0.0218782092514556,-0.0354542197934719,-0.00746731539019408));
#3777=CARTESIAN_POINT('',(0.0220171594968031,-0.0354250832512897,-0.00877391610330499));
#3778=CARTESIAN_POINT('',(0.0221863142405185,-0.0350599502094098,-0.0101167415572822));
#3779=CARTESIAN_POINT('',(0.0223636097569924,-0.034347682666597,-0.011339440283415));
#3780=CARTESIAN_POINT('',(0.0225360046840359,-0.0333519131129477,-0.012324520565358));
#3781=CARTESIAN_POINT('',(0.022675930018067,-0.0322249513099333,-0.012991534343398));
#3782=CARTESIAN_POINT('',(0.0228408315067265,-0.0309039662392787,-0.0133906782867043));
#3783=CARTESIAN_POINT('',(0.0230088550814783,-0.0295671452048081,-0.013433153250181));
#3784=CARTESIAN_POINT('',(0.0231527310900079,-0.0284266428133302,-0.0131942642347175));
#3785=CARTESIAN_POINT('',(0.0232679025081027,-0.0275220329507731,-0.0128133332631756));
#3786=CARTESIAN_POINT('',(0.0233683038457859,-0.0267259877497602,-0.0123145496302618));
#3787=CARTESIAN_POINT('',(0.0235064029153673,-0.025877177312701,-0.0115395524870864));
#3788=CARTESIAN_POINT('',(0.0236633244802188,-0.0251776182980328,-0.0104971184455048));
#3789=CARTESIAN_POINT('',(0.023808342097866,-0.024773137684946,-0.00940110330704625));
#3790=CARTESIAN_POINT('',(0.023926358824029,-0.0246156264302843,-0.00842417491111026));
#3791=CARTESIAN_POINT('',(0.0240278622930831,-0.0246184051286992,-0.00748156293685112));
#3792=CARTESIAN_POINT('',(0.0241612936636202,-0.0248242050047602,-0.00636423450972344));
#3793=CARTESIAN_POINT('',(0.0243275104891648,-0.0253661231832963,-0.00514677328036696));
#3794=CARTESIAN_POINT('',(0.0244937498609507,-0.0262045626514641,-0.00411091267236545));
#3795=CARTESIAN_POINT('',(0.0246260811682115,-0.0271036397326908,-0.00342137830729451));
#3796=CARTESIAN_POINT('',(0.0247280976935842,-0.0279431265248687,-0.0029894677428083));
#3797=CARTESIAN_POINT('',(0.0248465384057684,-0.0288860186672727,-0.00268538640048042));
#3798=CARTESIAN_POINT('',(0.024991750232237,-0.030046648882416,-0.00254758213482757));
#3799=CARTESIAN_POINT('',(0.0251486159930266,-0.031292967798477,-0.00269722950204884));
#3800=CARTESIAN_POINT('',(0.0252859426134873,-0.032367103512362,-0.00310018891783854));
#3801=CARTESIAN_POINT('',(0.0253863488373957,-0.0331734233022067,-0.00358223075579923));
#3802=CARTESIAN_POINT('',(0.0255021531031167,-0.0339253259302249,-0.00421589974877131));
#3803=CARTESIAN_POINT('',(0.0256461887508254,-0.0346566006602315,-0.00512366787986749));
#3804=CARTESIAN_POINT('',(0.0258142263243702,-0.0352260778125355,-0.00633389705720667));
#3805=CARTESIAN_POINT('',(0.0259782444868711,-0.0354706645940932,-0.00768954441005233));
#3806=CARTESIAN_POINT('',(0.0261185574209316,-0.0353891996486275,-0.00899764415255194));
#3807=CARTESIAN_POINT('',(0.0262914655332775,-0.034963804834441,-0.0103336708538845));
#3808=CARTESIAN_POINT('',(0.0264687529224733,-0.0341981172638862,-0.0115236102567715));
#3809=CARTESIAN_POINT('',(0.0266371947781576,-0.0331694495261958,-0.0124578878945106));
#3810=CARTESIAN_POINT('',(0.0267761807367291,-0.0320190072151688,-0.0130782068751545));
#3811=CARTESIAN_POINT('',(0.0269460627061863,-0.0306690297146876,-0.0134242109433711));
#3812=CARTESIAN_POINT('',(0.0271233638932474,-0.0292540674692384,-0.0134080843247083));
#3813=CARTESIAN_POINT('',(0.0272951755265275,-0.0279073788456309,-0.0130288813768822));
#3814=CARTESIAN_POINT('',(0.0274347593877726,-0.0267714600215101,-0.0123791599186247));
#3815=CARTESIAN_POINT('',(0.0276005746113155,-0.0257702066953748,-0.0114258295011082));
#3816=CARTESIAN_POINT('',(0.0277685685748581,-0.0250735541810665,-0.0102841646991908));
#3817=CARTESIAN_POINT('',(0.0279122813899139,-0.0247185355988016,-0.00917477312516046));
#3818=CARTESIAN_POINT('',(0.0280267328805693,-0.0246032216780363,-0.00820207424592715));
#3819=CARTESIAN_POINT('',(0.0281272360829902,-0.0246435154484556,-0.00726325700106798));
#3820=CARTESIAN_POINT('',(0.0282660940463826,-0.0248987739277803,-0.00614037194912079));
#3821=CARTESIAN_POINT('',(0.0284230755698271,-0.0254602524717252,-0.00501735301841079));
#3822=CARTESIAN_POINT('',(0.0285678898327822,-0.0262134194336103,-0.00412498117491614));
#3823=CARTESIAN_POINT('',(0.0286854096179828,-0.0269840962802139,-0.00350650736559379));
#3824=CARTESIAN_POINT('',(0.0287864714184537,-0.0278038587399406,-0.00304378594783528));
#3825=CARTESIAN_POINT('',(0.0289210128994339,-0.0288799756945485,-0.00266977762572355));
#3826=CARTESIAN_POINT('',(0.0290872068397308,-0.0302062576782082,-0.00254029003317461));
#3827=CARTESIAN_POINT('',(0.029253472028007,-0.0315209990430432,-0.0027583850173049));
#3828=CARTESIAN_POINT('',(0.0293845621455273,-0.0325614523103857,-0.00319805028602312));
#3829=CARTESIAN_POINT('',(0.0294872338155732,-0.0333533354051386,-0.00371551609547279));
#3830=CARTESIAN_POINT('',(0.0296060835245995,-0.0340841259852452,-0.0043861178594764));
#3831=CARTESIAN_POINT('',(0.0297515067653621,-0.0347772590509715,-0.00532789497184479));
#3832=CARTESIAN_POINT('',(0.0299083135166589,-0.0352620558107866,-0.00648561133315409));
#3833=CARTESIAN_POINT('',(0.0300447482205097,-0.0354417570285289,-0.00761612871613094));
#3834=CARTESIAN_POINT('',(0.0301452667931513,-0.035421092666963,-0.00855565517986404));
#3835=CARTESIAN_POINT('',(0.0302617036575136,-0.0352410806675532,-0.00952415623683999));
#3836=CARTESIAN_POINT('',(0.0304059168846989,-0.0348123776132225,-0.0106086549792159));
#3837=CARTESIAN_POINT('',(0.0305739549973378,-0.0340408232579948,-0.011701189052537));
#3838=CARTESIAN_POINT('',(0.0307369992503136,-0.0329849160894446,-0.0125816315605132));
#3839=CARTESIAN_POINT('',(0.0308777991500984,-0.0318061778726124,-0.0131577520907903));
#3840=CARTESIAN_POINT('',(0.0310512203172193,-0.0304328824931276,-0.0134476340298079));
#3841=CARTESIAN_POINT('',(0.0312284960785067,-0.0290201152692343,-0.0133688832042763));
#3842=CARTESIAN_POINT('',(0.0313961419628838,-0.0277018525198251,-0.0129363928725651));
#3843=CARTESIAN_POINT('',(0.0315352397563793,-0.026593837294691,-0.0122425376544025));
#3844=CARTESIAN_POINT('',(0.0317058139174845,-0.0256250800143141,-0.0112380226680931));
#3845=CARTESIAN_POINT('',(0.0318831147842639,-0.0249408400058599,-0.0099993808340832));
#3846=CARTESIAN_POINT('',(0.0320543179540136,-0.0246061988077369,-0.00864272280321802));
#3847=CARTESIAN_POINT('',(0.0321935949301626,-0.0246096563036319,-0.00733488159287575));
#3848=CARTESIAN_POINT('',(0.0323604443643008,-0.0249453114340434,-0.00599101752159366));
#3849=CARTESIAN_POINT('',(0.0325377061962525,-0.0256307576950923,-0.00475322507083202));
#3850=CARTESIAN_POINT('',(0.0327115849003886,-0.0266083463584215,-0.00374429148151629));
#3851=CARTESIAN_POINT('',(0.0328529223981179,-0.0277253573791086,-0.00305318480753834));
#3852=CARTESIAN_POINT('',(0.0330150035584848,-0.0290304067466458,-0.00262952354588506));
#3853=CARTESIAN_POINT('',(0.0331830290007803,-0.0303659540737627,-0.00255805895285608));
#3854=CARTESIAN_POINT('',(0.0333274169830041,-0.031512666732247,-0.00277277440791644));
#3855=CARTESIAN_POINT('',(0.0334444223488187,-0.0324296906124493,-0.00313695563563979));
#3856=CARTESIAN_POINT('',(0.0335451392656934,-0.0332361981840043,-0.00362051078700601));
#3857=CARTESIAN_POINT('',(0.0336807705851175,-0.0340951169357223,-0.00437353120873646));
#3858=CARTESIAN_POINT('',(0.0338467178833859,-0.0348623877865904,-0.0054624417465209));
#3859=CARTESIAN_POINT('',(0.0340236620805016,-0.0353479966557823,-0.00678984458240379));
#3860=CARTESIAN_POINT('',(0.0341743107740246,-0.035477556218335,-0.00812343748878255));
#3861=CARTESIAN_POINT('',(0.0343250138818508,-0.035287713735464,-0.00944990733933388));
#3862=CARTESIAN_POINT('',(0.0345019615919818,-0.0347424535109664,-0.0107539494798898));
#3863=CARTESIAN_POINT('',(0.0346679090406686,-0.0339266279634311,-0.0118069767764153));
#3864=CARTESIAN_POINT('',(0.0348034972290007,-0.0330345578497676,-0.012520255567561));
#3865=CARTESIAN_POINT('',(0.0349042294440697,-0.032206937450613,-0.0129668147103041));
#3866=CARTESIAN_POINT('',(0.0350212458407081,-0.0312743678270992,-0.0132890490507365));
#3867=CARTESIAN_POINT('',(0.0352235474042129,-0.0296562943078766,-0.0135171695115077));
#3868=CARTESIAN_POINT('',(0.035393054042643,-0.028317761112238,-0.0132093821365146));
#3869=CARTESIAN_POINT('',(0.0354922689270331,-0.027536976881956,-0.0127942902246233));
#3870=CARTESIAN_POINT('',(-0.00490123355729224,-0.0349024808107946,-0.0103189684051805));
#3871=CARTESIAN_POINT('',(-0.00490080286349469,-0.0344826192918565,-0.0112011218841285));
#3872=CARTESIAN_POINT('',(-0.00490020510057964,-0.0331712588949536,-0.0127122972564604));
#3873=CARTESIAN_POINT('',(-0.00489989262174908,-0.0303010433887087,-0.0136616690011782));
#3874=CARTESIAN_POINT('',(-0.00490022401260535,-0.0273619578121708,-0.0130013560140214));
#3875=CARTESIAN_POINT('',(-0.00490079922445666,-0.0259015904699999,-0.0116229116140458));
#3876=CARTESIAN_POINT('',(-0.00490123355072949,-0.0253970573430339,-0.010785689773909));
#3877=CARTESIAN_POINT('',(-0.00490123355072647,-0.0253970573430339,-0.010785689773909));
#3878=CARTESIAN_POINT('',(-0.00490123355072652,-0.0253970573430339,-0.010785689773909));
#3879=CARTESIAN_POINT('',(-0.00479220107256567,-0.0249495643367353,-0.0100423732884961));
#3880=CARTESIAN_POINT('',(-0.00457805856921011,-0.0244168235547126,-0.00832297332225265));
#3881=CARTESIAN_POINT('',(-0.00428347066952038,-0.0249104134384111,-0.00568218143145206));
#3882=CARTESIAN_POINT('',(-0.00394410917719939,-0.0265704928585621,-0.00357064681068692));
#3883=CARTESIAN_POINT('',(-0.00366065162586932,-0.029033786467811,-0.00247267044810515));
#3884=CARTESIAN_POINT('',(-0.00331481422243573,-0.0317075655533992,-0.00264187955464561));
#3885=CARTESIAN_POINT('',(-0.00303475501930406,-0.0340142450249748,-0.00404748280675789));
#3886=CARTESIAN_POINT('',(-0.00268858006164687,-0.0353906302537328,-0.00634549669415629));
#3887=CARTESIAN_POINT('',(-0.00240589487603768,-0.0355441226264499,-0.00903909104418121));
#3888=CARTESIAN_POINT('',(-0.00206511378626993,-0.0344297062566583,-0.0114814178830655));
#3889=CARTESIAN_POINT('',(-0.00177367257737487,-0.0323069331925239,-0.0131318931343505));
#3890=CARTESIAN_POINT('',(-0.00144433620666653,-0.0296547915600813,-0.0136030400503254));
#3891=CARTESIAN_POINT('',(-0.00113736226586225,-0.0270976803277419,-0.0127931453796901));
#3892=CARTESIAN_POINT('',(-0.000825285608767671,-0.0252004293144044,-0.0108752872367331));
#3893=CARTESIAN_POINT('',(-0.000500090270180428,-0.0244175953491299,-0.00831080823695791));
#3894=CARTESIAN_POINT('',(-0.000205711968005419,-0.0249174579906326,-0.00566257791415035));
#3895=CARTESIAN_POINT('',(0.00013374151537136,-0.0265880599828209,-0.00355905281300761));
#3896=CARTESIAN_POINT('',(0.00041623980367195,-0.0290454810255843,-0.00246953447637429));
#3897=CARTESIAN_POINT('',(0.000763731745425795,-0.031732062899322,-0.00265017532935253));
#3898=CARTESIAN_POINT('',(0.00104166750603052,-0.0340205150476767,-0.0040541795811494));
#3899=CARTESIAN_POINT('',(0.00138989551782998,-0.0353984845424708,-0.00636846079960666));
#3900=CARTESIAN_POINT('',(0.00167088522668353,-0.0355403525320517,-0.00905147061697418));
#3901=CARTESIAN_POINT('',(0.00201250017952945,-0.0344205582506588,-0.0114954413706529));
#3902=CARTESIAN_POINT('',(0.0023039657329585,-0.0322873040387528,-0.0131390772288765));
#3903=CARTESIAN_POINT('',(0.0026324209738782,-0.0296454654569112,-0.0136032115561828));
#3904=CARTESIAN_POINT('',(0.0029406131576991,-0.0270766749409474,-0.0127800644615057));
#3905=CARTESIAN_POINT('',(0.00325137239193109,-0.0251965212527041,-0.0108677607522425));
#3906=CARTESIAN_POINT('',(0.00357770801335981,-0.0244152732499795,-0.00828852730385158));
#3907=CARTESIAN_POINT('',(0.00387163427936172,-0.0249248292990083,-0.0056500830314417));
#3908=CARTESIAN_POINT('',(0.00421073114401392,-0.0265987663848605,-0.00354882045742892));
#3909=CARTESIAN_POINT('',(0.00449457224465174,-0.0290682984810709,-0.0024666313498433));
#3910=CARTESIAN_POINT('',(0.0048401816349286,-0.0317413235872698,-0.00265254440452731));
#3911=CARTESIAN_POINT('',(0.00512027480968121,-0.0340389856410967,-0.00407269956743206));
#3912=CARTESIAN_POINT('',(0.00546663190322115,-0.0354009257401051,-0.00637905843836076));
#3913=CARTESIAN_POINT('',(0.0057488984312196,-0.0355373807729535,-0.0090741265050208));
#3914=CARTESIAN_POINT('',(0.00609031282040132,-0.0344079425726202,-0.0115087917422068));
#3915=CARTESIAN_POINT('',(0.00638082153389064,-0.0322742560971304,-0.0131463260917682));
#3916=CARTESIAN_POINT('',(0.00671129837915202,-0.0296197932105584,-0.0136005735413007));
#3917=CARTESIAN_POINT('',(0.00701681154486398,-0.0270674471627046,-0.0127746188703011));
#3918=CARTESIAN_POINT('',(0.00733040833896558,-0.0251824622987751,-0.0108448183717351));
#3919=CARTESIAN_POINT('',(0.0076542674470375,-0.0244156999541705,-0.00827566765430337));
#3920=CARTESIAN_POINT('',(0.00794985946015031,-0.0249324450318552,-0.00563014890170324));
#3921=CARTESIAN_POINT('',(0.00828839258501579,-0.0266159027263571,-0.00353766672370227));
#3922=CARTESIAN_POINT('',(0.00857157167363339,-0.0290805614725382,-0.00246340710920407));
#3923=CARTESIAN_POINT('',(0.00891869025511499,-0.0317656060195989,-0.00266104949647867));
#3924=CARTESIAN_POINT('',(0.00919671020266771,-0.0340453066328892,-0.00407937391144893));
#3925=CARTESIAN_POINT('',(0.00954515027784839,-0.0354086528281079,-0.00640249659644729));
#3926=CARTESIAN_POINT('',(0.00982562026749687,-0.0355337078224973,-0.00908597411569197));
#3927=CARTESIAN_POINT('',(0.0101680264985535,-0.034398174679493,-0.0115234126071727));
#3928=CARTESIAN_POINT('',(0.010458401099361,-0.0322550672804233,-0.013153098371106));
#3929=CARTESIAN_POINT('',(0.0107881035344341,-0.0296100384808437,-0.013600755407819));
#3930=CARTESIAN_POINT('',(0.0110947922113019,-0.0270466263275514,-0.0127613356915914));
#3931=CARTESIAN_POINT('',(0.0114070460750203,-0.0251785876147254,-0.0108374570674753));
#3932=CARTESIAN_POINT('',(0.0117321139412022,-0.0244135907591317,-0.00825288599520167));
#3933=CARTESIAN_POINT('',(0.0120271253607893,-0.0249395652198571,-0.00561830221665423));
#3934=CARTESIAN_POINT('',(0.0123654636833315,-0.0266272450573256,-0.00352702879249754));
#3935=CARTESIAN_POINT('',(0.0126498480426366,-0.0291029125280671,-0.00246081913402632));
#3936=CARTESIAN_POINT('',(0.0129951616984465,-0.031775115022353,-0.00266345048524682));
#3937=CARTESIAN_POINT('',(0.0132753334166196,-0.0340636043580152,-0.00409811214976388));
#3938=CARTESIAN_POINT('',(0.01362183646179,-0.0354110408058703,-0.00641278169351719));
#3939=CARTESIAN_POINT('',(0.0139037201674086,-0.0355304022606994,-0.00910916738048502));
#3940=CARTESIAN_POINT('',(0.0142457326609166,-0.0343859635326634,-0.0115360987111119));
#3941=CARTESIAN_POINT('',(0.0145353514892381,-0.0322413880567702,-0.0131605891250684));
#3942=CARTESIAN_POINT('',(0.0148669273168273,-0.0295847488776461,-0.0135978843300834));
#3943=CARTESIAN_POINT('',(0.0151710186247404,-0.0270372442095957,-0.0127558458409078));
#3944=CARTESIAN_POINT('',(0.0154861107115738,-0.0251646596485229,-0.0108141888850469));
#3945=CARTESIAN_POINT('',(0.0158086138200528,-0.0244140199644285,-0.00824041260144635));
#3946=CARTESIAN_POINT('',(0.016105453537779,-0.0249476639277041,-0.00559777089637244));
#3947=CARTESIAN_POINT('',(0.0164430290277121,-0.0266439404961699,-0.00351639805955968));
#3948=CARTESIAN_POINT('',(0.0167269357410035,-0.0291157870527857,-0.00245748899855651));
#3949=CARTESIAN_POINT('',(0.0170736340188089,-0.0317991417773292,-0.00267215384904697));
#3950=CARTESIAN_POINT('',(0.0173517864661329,-0.0340700113101457,-0.00410479964374691));
#3951=CARTESIAN_POINT('',(0.0177003922673803,-0.0354186215136184,-0.00643665321788046));
#3952=CARTESIAN_POINT('',(0.0179803894214067,-0.0355268282468781,-0.00912053250544745));
#3953=CARTESIAN_POINT('',(0.0183235426303602,-0.0343755744484873,-0.0115512812101273));
#3954=CARTESIAN_POINT('',(0.0186128688667151,-0.0322226742895022,-0.013166955707991));
#3955=CARTESIAN_POINT('',(0.018943786416075,-0.0295745177749268,-0.0135980623107821));
#3956=CARTESIAN_POINT('',(0.0192489989039755,-0.0270166469381728,-0.0127423864544447));
#3957=CARTESIAN_POINT('',(0.0195627345076638,-0.0251607907679167,-0.0108069511245695));
#3958=CARTESIAN_POINT('',(0.019886502983524,-0.0244121371117173,-0.00821717432546258));
#3959=CARTESIAN_POINT('',(0.0201826429022347,-0.0249545270083567,-0.00558653567875304));
#3960=CARTESIAN_POINT('',(0.0205201849417277,-0.0266559576638185,-0.00350535334005297));
#3961=CARTESIAN_POINT('',(0.0208051501937251,-0.0291376229790829,-0.00245521313617049));
#3962=CARTESIAN_POINT('',(0.0211501328543445,-0.0318089420907098,-0.00267460594989466));
#3963=CARTESIAN_POINT('',(0.0214304191396042,-0.034088100170397,-0.00412372010191028));
#3964=CARTESIAN_POINT('',(0.0217770339912748,-0.035420973740245,-0.00644666759169417));
#3965=CARTESIAN_POINT('',(0.0220585703258157,-0.0355231860480204,-0.00914421309747118));
#3966=CARTESIAN_POINT('',(0.0224011455486379,-0.0343637682923582,-0.0115633373559569));
#3967=CARTESIAN_POINT('',(0.0226899174029254,-0.0322083290294859,-0.0131746799455989));
#3968=CARTESIAN_POINT('',(0.0230225502925526,-0.0295496601949384,-0.0135949712816334));
#3969=CARTESIAN_POINT('',(0.0233252589943405,-0.0270070740238942,-0.0127368255238055));
#3970=CARTESIAN_POINT('',(0.0236418212094914,-0.0251470234788516,-0.0107834001519789));
#3971=CARTESIAN_POINT('',(0.0239629484311066,-0.0244125574736998,-0.00820504560591946));
#3972=CARTESIAN_POINT('',(0.0242610699908713,-0.0249631143589249,-0.00556544708429459));
#3973=CARTESIAN_POINT('',(0.0245976503015268,-0.0266721715806413,-0.00349525012285184));
#3974=CARTESIAN_POINT('',(0.0248823317064908,-0.0291511545005127,-0.00245178282638756));
#3975=CARTESIAN_POINT('',(0.0252285623836062,-0.0318326656252425,-0.0026834882167366));
#3976=CARTESIAN_POINT('',(0.0255068959590385,-0.0340946247516268,-0.00413045506830682));
#3977=CARTESIAN_POINT('',(0.0258556208396686,-0.0354283883276371,-0.00647092688498616));
#3978=CARTESIAN_POINT('',(0.0261351923957124,-0.0355197128621391,-0.0091551413637154));
#3979=CARTESIAN_POINT('',(0.0264790479621842,-0.0343527592581567,-0.0115790434053888));
#3980=CARTESIAN_POINT('',(0.0267673687908033,-0.0321901280848111,-0.0131806463963202));
#3981=CARTESIAN_POINT('',(0.027099469044836,-0.0295389071455946,-0.0135951304882933));
#3982=CARTESIAN_POINT('',(0.027403233020878,-0.0269867405989522,-0.0127232178846447));
#3983=CARTESIAN_POINT('',(0.0277184372321209,-0.0251431341873509,-0.0107762449286737));
#3984=CARTESIAN_POINT('',(0.0280408746259005,-0.0244109133628085,-0.00818139603284992));
#3985=CARTESIAN_POINT('',(0.0283381866989034,-0.0249697155128367,-0.00555478635348866));
#3986=CARTESIAN_POINT('',(0.0286748939018953,-0.0266848995323263,-0.00348380033861593));
#3987=CARTESIAN_POINT('',(0.0289604785529559,-0.0291724276285574,-0.00244981432261706));
#3988=CARTESIAN_POINT('',(0.0293050945711323,-0.0318428011083363,-0.0026860120227468));
#3989=CARTESIAN_POINT('',(0.0295855317596911,-0.0341124701956002,-0.00414952182116834));
#3990=CARTESIAN_POINT('',(0.0299322240037521,-0.035430721892903,-0.00648071392051402));
#3991=CARTESIAN_POINT('',(0.0302134487378056,-0.0355157317449049,-0.00917926056825116));
#3992=CARTESIAN_POINT('',(0.0305565509935718,-0.03434135741401,-0.0115905046356251));
#3993=CARTESIAN_POINT('',(0.030844519231536,-0.0321750805161907,-0.0131885956921319));
#3994=CARTESIAN_POINT('',(0.0311781668313578,-0.0295145299980316,-0.0135918334601839));
#3995=CARTESIAN_POINT('',(0.0314795326098464,-0.0269769396892691,-0.0127175575946181));
#3996=CARTESIAN_POINT('',(0.0317975394978806,-0.0251295559499058,-0.0107524538436307));
#3997=CARTESIAN_POINT('',(0.0321172708798126,-0.0244113144652149,-0.00816956894627445));
#3998=CARTESIAN_POINT('',(0.0324167086751979,-0.0249787961593773,-0.00553317999489979));
#3999=CARTESIAN_POINT('',(0.0327522558234253,-0.0267005952738891,-0.00347422539941308));
#4000=CARTESIAN_POINT('',(0.0330377601060951,-0.0291866616329941,-0.0024462909315142));
#4001=CARTESIAN_POINT('',(0.0333834725952797,-0.0318661772471631,-0.00269505281517117));
#4002=CARTESIAN_POINT('',(0.0336620473882243,-0.0341191362801392,-0.00415634085049588));
#4003=CARTESIAN_POINT('',(0.0340108028820761,-0.0354379815998524,-0.00650531334514517));
#4004=CARTESIAN_POINT('',(0.0342901513566976,-0.0355122486438913,-0.00918980848901513));
#4005=CARTESIAN_POINT('',(0.0346340860691349,-0.0343301461440127,-0.0116066600334929));
#4006=CARTESIAN_POINT('',(0.0349236030509344,-0.032155874337903,-0.013194307209611));
#4007=CARTESIAN_POINT('',(0.0351403999752766,-0.0303912998740515,-0.0134590626501098));
#4008=CARTESIAN_POINT('',(0.03525,-0.0295211952338083,-0.0133776384171208));
#4009=CARTESIAN_POINT('',(-0.00514753380193613,-0.02676519730765,-0.0123146910958796));
#4010=CARTESIAN_POINT('',(-0.00504597890116389,-0.02605608389286,-0.0117872795547908));
#4011=CARTESIAN_POINT('',(-0.00486944864654164,-0.0251594988541062,-0.0106660913702487));
#4012=CARTESIAN_POINT('',(-0.0046410194335151,-0.0246368752659338,-0.00889534470847747));
#4013=CARTESIAN_POINT('',(-0.00450132019270459,-0.0245794465690555,-0.00760236948197095));
#4014=CARTESIAN_POINT('',(-0.00434255504159677,-0.0248382093842129,-0.00627287776498808));
#4015=CARTESIAN_POINT('',(-0.00417717105125742,-0.0254109434742629,-0.00508471387757714));
#4016=CARTESIAN_POINT('',(-0.00403447084826302,-0.0261385064879172,-0.00419255463415481));
#4017=CARTESIAN_POINT('',(-0.00391794129622013,-0.026887014651541,-0.00356695947011815));
#4018=CARTESIAN_POINT('',(-0.00381749042797742,-0.0276856049651302,-0.00309278169033164));
#4019=CARTESIAN_POINT('',(-0.00368714981254394,-0.0287356501517836,-0.00269790363492374));
#4020=CARTESIAN_POINT('',(-0.00352348120623702,-0.0300393893797057,-0.00253292559476476));
#4021=CARTESIAN_POINT('',(-0.00335980299198172,-0.0313422303843508,-0.00270495721074812));
#4022=CARTESIAN_POINT('',(-0.00322635448169487,-0.0323912586966696,-0.00310613759112747));
#4023=CARTESIAN_POINT('',(-0.00312711170528699,-0.0331866490638569,-0.00358469620726281));
#4024=CARTESIAN_POINT('',(-0.00301200801743236,-0.0339312577113143,-0.00421401309025204));
#4025=CARTESIAN_POINT('',(-0.00286990492530549,-0.0346537704948408,-0.00510996037185734));
#4026=CARTESIAN_POINT('',(-0.00270441159492497,-0.0352201251315643,-0.00630124434148096));
#4027=CARTESIAN_POINT('',(-0.00254283232752577,-0.0354716434796218,-0.00763326316570843));
#4028=CARTESIAN_POINT('',(-0.00240466857024938,-0.0354069746275284,-0.00892538090328618));
#4029=CARTESIAN_POINT('',(-0.00223469802431035,-0.0350073117010002,-0.010250302985779));
#4030=CARTESIAN_POINT('',(-0.00206010486618557,-0.0342748466877341,-0.0114380454277773));
#4031=CARTESIAN_POINT('',(-0.00189267959281031,-0.0332800763042813,-0.012383659922387));
#4032=CARTESIAN_POINT('',(-0.00175566967576729,-0.0321619399549961,-0.0130245158750197));
#4033=CARTESIAN_POINT('',(-0.00159031151438046,-0.0308439583667185,-0.013404965232634));
#4034=CARTESIAN_POINT('',(-0.00141574701017172,-0.0294489077515168,-0.0134370222749823));
#4035=CARTESIAN_POINT('',(-0.00124439972196534,-0.0281031346381045,-0.0131124054681799));
#4036=CARTESIAN_POINT('',(-0.00110476966182137,-0.0269551083765125,-0.0125148657945291));
#4037=CARTESIAN_POINT('',(-0.000945915393535599,-0.0259334645265402,-0.0116253324062138));
#4038=CARTESIAN_POINT('',(-0.000780527792814798,-0.0251915245341082,-0.0105347644702612));
#4039=CARTESIAN_POINT('',(-0.000637845297620552,-0.0247833433969976,-0.00945839472349176));
#4040=CARTESIAN_POINT('',(-0.000521351725336977,-0.0246164081227486,-0.00849738209282673));
#4041=CARTESIAN_POINT('',(-0.000420948611306266,-0.0246055736957813,-0.00756879335365057));
#4042=CARTESIAN_POINT('',(-0.000290510241958552,-0.0247893020912585,-0.00646183995074696));
#4043=CARTESIAN_POINT('',(-0.000126841815135852,-0.025299048910161,-0.00525059470170747));
#4044=CARTESIAN_POINT('',(3.68362174857817E-5,-0.0261000985003165,-0.0042088146138371));
#4045=CARTESIAN_POINT('',(0.000170202487059961,-0.0269722577720228,-0.00350158255498683));
#4046=CARTESIAN_POINT('',(0.000269467671986081,-0.0277847330870887,-0.00305244055539445));
#4047=CARTESIAN_POINT('',(0.0003846177171369,-0.0287023483255531,-0.00272275514386313));
#4048=CARTESIAN_POINT('',(0.000526737064005696,-0.0298396708043543,-0.00254569816600294));
#4049=CARTESIAN_POINT('',(0.000692229063480442,-0.0311544565315574,-0.00265168031553763));
#4050=CARTESIAN_POINT('',(0.000853730622618564,-0.0324333019441103,-0.00310054019971011));
#4051=CARTESIAN_POINT('',(0.000991929738885176,-0.0335196818783127,-0.00380327924807152));
#4052=CARTESIAN_POINT('',(0.00116194506459702,-0.0344667335085312,-0.00481251749487789));
#4053=CARTESIAN_POINT('',(0.0013365377662907,-0.0351283523100387,-0.0060411305247354));
#4054=CARTESIAN_POINT('',(0.00150390559164344,-0.0354490578157917,-0.0073754597699845));
#4055=CARTESIAN_POINT('',(0.00164090698918921,-0.0354442643865329,-0.00866421755762991));
#4056=CARTESIAN_POINT('',(0.00180633046197681,-0.0351139174907324,-0.0099958187163178));
#4057=CARTESIAN_POINT('',(0.00198089609796776,-0.0344433931908589,-0.0112195832232411));
#4058=CARTESIAN_POINT('',(0.00215220667549666,-0.0334888496238872,-0.01222208698582));
#4059=CARTESIAN_POINT('',(0.0022917846396088,-0.0323970676844345,-0.012916857202083));
#4060=CARTESIAN_POINT('',(0.00245072337270413,-0.0311154146039845,-0.0133561867429526));
#4061=CARTESIAN_POINT('',(0.00261611562706612,-0.0297999158458702,-0.0134526232760939));
#4062=CARTESIAN_POINT('',(0.00275878024319458,-0.0286638195895291,-0.013267251179585));
#4063=CARTESIAN_POINT('',(0.00287523754824627,-0.0277483983332826,-0.0129308093171728));
#4064=CARTESIAN_POINT('',(0.00297559365664079,-0.0269391443802816,-0.0124754961182296));
#4065=CARTESIAN_POINT('',(0.00310612932136417,-0.0260725720566161,-0.0117622431876897));
#4066=CARTESIAN_POINT('',(0.00326979757945014,-0.0252791254453275,-0.010714673314802));
#4067=CARTESIAN_POINT('',(0.00343347544274016,-0.0247781961283176,-0.00949974420304555));
#4068=CARTESIAN_POINT('',(0.00356675900380445,-0.0246024749207586,-0.00839096513647003));
#4069=CARTESIAN_POINT('',(0.0036660473560588,-0.0246202649100836,-0.0074626802953716));
#4070=CARTESIAN_POINT('',(0.00378124344777726,-0.0247941482941906,-0.00650314840490984));
#4071=CARTESIAN_POINT('',(0.00392337910098801,-0.0252101422109379,-0.00542987941481388));
#4072=CARTESIAN_POINT('',(0.00408886966824725,-0.0259599891887549,-0.00434470607123021));
#4073=CARTESIAN_POINT('',(0.00425029330793194,-0.0269884786088321,-0.00346237172704346));
#4074=CARTESIAN_POINT('',(0.00438852829887491,-0.0281406980731327,-0.00287349919113588));
#4075=CARTESIAN_POINT('',(0.00455858815721756,-0.0294885528857858,-0.00255873926520633));
#4076=CARTESIAN_POINT('',(0.00473318038314455,-0.0308833436365253,-0.00260093279939536));
#4077=CARTESIAN_POINT('',(0.00490049051620684,-0.0321988628178233,-0.00299109393515404));
#4078=CARTESIAN_POINT('',(0.00503748391796719,-0.0333121985677743,-0.0036402482137655));
#4079=CARTESIAN_POINT('',(0.00520297246136289,-0.034299781823343,-0.00459284559716463));
#4080=CARTESIAN_POINT('',(0.00537753920991404,-0.035023591980499,-0.00578587099479265));
#4081=CARTESIAN_POINT('',(0.00554881282715504,-0.0354136756672513,-0.00711390937133901));
#4082=CARTESIAN_POINT('',(0.00568833920866735,-0.0354687426504255,-0.00840671267633892));
#4083=CARTESIAN_POINT('',(0.0058473621997673,-0.0352075669425485,-0.00973639309538299));
#4084=CARTESIAN_POINT('',(0.00601275900680923,-0.0346325911328691,-0.0109235168109576));
#4085=CARTESIAN_POINT('',(0.00615540579433561,-0.0339034940895731,-0.0118142407824081));
#4086=CARTESIAN_POINT('',(0.00627182651914482,-0.0331541333251797,-0.0124382780018157));
#4087=CARTESIAN_POINT('',(0.00637213637902699,-0.0323550164485858,-0.01291095759286));
#4088=CARTESIAN_POINT('',(0.00650276887604328,-0.0313035691584526,-0.0133042874922838));
#4089=CARTESIAN_POINT('',(0.00666643697762415,-0.029999521358058,-0.0134668386899509));
#4090=CARTESIAN_POINT('',(0.00683011468348641,-0.0286970063992918,-0.0132923837040851));
#4091=CARTESIAN_POINT('',(0.00696331506845135,-0.0276493854535116,-0.0128896599825869));
#4092=CARTESIAN_POINT('',(0.00706262734680221,-0.0268545434264801,-0.0124096141428908));
#4093=CARTESIAN_POINT('',(0.00717786917428768,-0.0261107935584633,-0.0117787433471043));
#4094=CARTESIAN_POINT('',(0.007320021185406,-0.025389828258731,-0.010881373691243));
#4095=CARTESIAN_POINT('',(0.00748551021914749,-0.0248257099280421,-0.00968905685676352));
#4096=CARTESIAN_POINT('',(0.00764685572831302,-0.0245766497699725,-0.00835727029031879));
#4097=CARTESIAN_POINT('',(0.00778512710956366,-0.0246435123906315,-0.00706489620488465));
#4098=CARTESIAN_POINT('',(0.0079552312533158,-0.0250456868232688,-0.00574037439004027));
#4099=CARTESIAN_POINT('',(0.00812982298414251,-0.025780357895969,-0.00455400519361225));
#4100=CARTESIAN_POINT('',(0.00829707518074446,-0.0267764446046206,-0.00361052452372964));
#4101=CARTESIAN_POINT('',(0.00843406111044432,-0.0278956557745463,-0.00297155185071233));
#4102=CARTESIAN_POINT('',(0.00859961448354615,-0.0292148112087853,-0.00259331733040067));
#4103=CARTESIAN_POINT('',(0.00877418232543093,-0.0306099280612552,-0.00256385796073631));
#4104=CARTESIAN_POINT('',(0.00894541873284081,-0.0319547750917817,-0.00289084389371471));
#4105=CARTESIAN_POINT('',(0.00908489404526578,-0.033101464459617,-0.00349014294746409));
#4106=CARTESIAN_POINT('',(0.00924400108742967,-0.034122064563699,-0.004381913288082));
#4107=CARTESIAN_POINT('',(0.00940940234617721,-0.0348619811280479,-0.00547388654041016));
#4108=CARTESIAN_POINT('',(0.00955203135559943,-0.0352681519111194,-0.00655086912598549));
#4109=CARTESIAN_POINT('',(0.00966841518721697,-0.0354333120102949,-0.00751183697888178));
#4110=CARTESIAN_POINT('',(0.00976867955577915,-0.0354425861813175,-0.00844013840941998));
#4111=CARTESIAN_POINT('',(0.00989940842185629,-0.0352568148943033,-0.00954752651742037));
#4112=CARTESIAN_POINT('',(0.0100630763791539,-0.0347448132244118,-0.0107578245570271));
#4113=CARTESIAN_POINT('',(0.0102267539395013,-0.0339418282961597,-0.0117981090856652));
#4114=CARTESIAN_POINT('',(0.010359870680907,-0.0330690413911447,-0.0125033489336842));
#4115=CARTESIAN_POINT('',(0.0104592076440889,-0.0322555471045647,-0.0129512748191614));
#4116=CARTESIAN_POINT('',(0.010574494896466,-0.0313370187130811,-0.0132794373259373));
#4117=CARTESIAN_POINT('',(0.0107166633170247,-0.0301992390355958,-0.0134544430286566));
#4118=CARTESIAN_POINT('',(0.0108821507159532,-0.0288846793242756,-0.0133460076235838));
#4119=CARTESIAN_POINT('',(0.0110434178836609,-0.0276072666766274,-0.0128951375423161));
#4120=CARTESIAN_POINT('',(0.0111817261707948,-0.0265217592308235,-0.0121903683565157));
#4121=CARTESIAN_POINT('',(0.0113518743526563,-0.0255763131249929,-0.0111791571989404));
#4122=CARTESIAN_POINT('',(0.0115264655690511,-0.0249169874534769,-0.00994932190817975));
#4123=CARTESIAN_POINT('',(0.0116936595851212,-0.024598787731245,-0.00861492326976065));
#4124=CARTESIAN_POINT('',(0.0118306385664979,-0.024605749552343,-0.00732617310164819));
#4125=CARTESIAN_POINT('',(0.011996256528295,-0.0249386017708115,-0.00599466644812635));
#4126=CARTESIAN_POINT('',(0.0121708254442823,-0.0256114079918857,-0.004772145027231));
#4127=CARTESIAN_POINT('',(0.0123420243923855,-0.0265675370940119,-0.00377162979647001));
#4128=CARTESIAN_POINT('',(0.0124814491493154,-0.0276601766637509,-0.00307889497069615));
#4129=CARTESIAN_POINT('',(0.0126406400354669,-0.0289432425797292,-0.00264159032292446));
#4130=CARTESIAN_POINT('',(0.0128060456449329,-0.0302589443148852,-0.0025476086432017));
#4131=CARTESIAN_POINT('',(0.012948656926783,-0.031394565255334,-0.00273502824186762));
#4132=CARTESIAN_POINT('',(0.0130650035523214,-0.0323090569786838,-0.00307298281079462));
#4133=CARTESIAN_POINT('',(0.0131652231868236,-0.033117287134362,-0.00352950599501734));
#4134=CARTESIAN_POINT('',(0.0132960479585806,-0.033983209238312,-0.00424474370353659));
#4135=CARTESIAN_POINT('',(0.0134597157838072,-0.0347747077902978,-0.00529379122239472));
#4136=CARTESIAN_POINT('',(0.0136233932105615,-0.035273373112678,-0.00650964755868274));
#4137=CARTESIAN_POINT('',(0.0137564258410783,-0.035447056339787,-0.00761796865350175));
#4138=CARTESIAN_POINT('',(0.0138557882477909,-0.0354277031405026,-0.00854653355478472));
#4139=CARTESIAN_POINT('',(0.0139711206141099,-0.0352520439783381,-0.00950609093555491));
#4140=CARTESIAN_POINT('',(0.0141133054956089,-0.0348340455046531,-0.0105787295154839));
#4141=CARTESIAN_POINT('',(0.0142787911584365,-0.0340821880223871,-0.0116624783991892));
#4142=CARTESIAN_POINT('',(0.014439979773875,-0.0330526775583026,-0.0125425659135319));
#4143=CARTESIAN_POINT('',(0.0145783254824115,-0.0318991331669283,-0.0131296687968362));
#4144=CARTESIAN_POINT('',(0.0147485174550034,-0.0305503758108085,-0.0134420501285435));
#4145=CARTESIAN_POINT('',(0.0149231081376368,-0.0291556749361154,-0.0133972596440877));
#4146=CARTESIAN_POINT('',(0.0150902437292024,-0.0278413515586892,-0.0130048958581792));
#4147=CARTESIAN_POINT('',(0.0152272162860046,-0.0267291038437342,-0.0123538658902112));
#4148=CARTESIAN_POINT('',(0.0153928985953775,-0.0257428584143795,-0.0113991476697524));
#4149=CARTESIAN_POINT('',(0.015567468566232,-0.0250212667330104,-0.0102047691552851));
#4150=CARTESIAN_POINT('',(0.0157386298056211,-0.0246336980494445,-0.00887635563470059));
#4151=CARTESIAN_POINT('',(0.0158780045207269,-0.0245808219881917,-0.00758382416596894));
#4152=CARTESIAN_POINT('',(0.0160372790436547,-0.0248444586141492,-0.00625393610461564));
#4153=CARTESIAN_POINT('',(0.0162026889028391,-0.0254216605755854,-0.00506786599224855));
#4154=CARTESIAN_POINT('',(0.016345282507683,-0.0261522927691775,-0.00417857819588278));
#4155=CARTESIAN_POINT('',(0.0164615916143173,-0.0269024952742055,-0.00355610394023953));
#4156=CARTESIAN_POINT('',(0.0165617672720856,-0.0277021528040554,-0.00308491273660748));
#4157=CARTESIAN_POINT('',(0.0166926874859935,-0.0287549896934725,-0.002693141979223));
#4158=CARTESIAN_POINT('',(0.0168563551913514,-0.0300593416752762,-0.00253301620082051));
#4159=CARTESIAN_POINT('',(0.0170200324964435,-0.0313615261617873,-0.00270989593192186));
#4160=CARTESIAN_POINT('',(0.0171529805488726,-0.0324077273912474,-0.00311415190950507));
#4161=CARTESIAN_POINT('',(0.0172523691577798,-0.0332020349806607,-0.00359569486487251));
#4162=CARTESIAN_POINT('',(0.0173677463270172,-0.033944915521043,-0.00422811461736085));
#4163=CARTESIAN_POINT('',(0.0175099477209233,-0.0346643322190207,-0.00512690427419609));
#4164=CARTESIAN_POINT('',(0.0176754315463697,-0.0352262104003639,-0.00632024805067767));
#4165=CARTESIAN_POINT('',(0.0178365413988553,-0.0354728151598709,-0.00765179200149979));
#4166=CARTESIAN_POINT('',(0.0179749250442563,-0.0354037568720912,-0.00894443180258027));
#4167=CARTESIAN_POINT('',(0.0181451605601217,-0.0349990714081975,-0.0102685422437267));
#4168=CARTESIAN_POINT('',(0.0183197506896664,-0.0342621972373849,-0.0114535335994946));
#4169=CARTESIAN_POINT('',(0.0184868276128537,-0.0332648042204045,-0.0123948758066366));
#4170=CARTESIAN_POINT('',(0.018623794268841,-0.0321445098900768,-0.0130319699447117));
#4171=CARTESIAN_POINT('',(0.0187895406845621,-0.0308241897052571,-0.0134079833746495));
#4172=CARTESIAN_POINT('',(0.018964111691044,-0.0294290120780884,-0.0134348448614336));
#4173=CARTESIAN_POINT('',(0.0191352349723797,-0.0280851009279391,-0.0131054950551614));
#4174=CARTESIAN_POINT('',(0.019274560159411,-0.0269397394339144,-0.0125044334681738));
#4175=CARTESIAN_POINT('',(0.0194339181117684,-0.0259201934089955,-0.0116104290530895));
#4176=CARTESIAN_POINT('',(0.0195993321196588,-0.0251823034110861,-0.0105170568072215));
#4177=CARTESIAN_POINT('',(0.0197419080980967,-0.024778144459335,-0.00943946355432412));
#4178=CARTESIAN_POINT('',(0.0198581793730644,-0.0246147584190065,-0.00847855208098119));
#4179=CARTESIAN_POINT('',(0.0199583118114903,-0.024607043097788,-0.00755052095630323));
#4180=CARTESIAN_POINT('',(0.0200893270038723,-0.0247948605110773,-0.00644271441800512));
#4181=CARTESIAN_POINT('',(0.0202529946015547,-0.0253091136023699,-0.00523336669266509));
#4182=CARTESIAN_POINT('',(0.0204166717969243,-0.0261140328413075,-0.00419458223942334));
#4183=CARTESIAN_POINT('',(0.0205495348041984,-0.0269874315980998,-0.00349133973139667));
#4184=CARTESIAN_POINT('',(0.0206489503739267,-0.0278019603877194,-0.00304462289488012));
#4185=CARTESIAN_POINT('',(0.0207643720349854,-0.0287213923554859,-0.00271798993608856));
#4186=CARTESIAN_POINT('',(0.0209065899927329,-0.0298596266180268,-0.00254503528840618));
#4187=CARTESIAN_POINT('',(0.0210720718795251,-0.0311739532616858,-0.00265592430714542));
#4188=CARTESIAN_POINT('',(0.0212331027585022,-0.0324499255818716,-0.00310879697976483));
#4189=CARTESIAN_POINT('',(0.0213715248561715,-0.033534567689805,-0.00381560264656231));
#4190=CARTESIAN_POINT('',(0.0215418036677758,-0.0344783988980186,-0.00482878073689321));
#4191=CARTESIAN_POINT('',(0.0217163932249065,-0.0351354289461126,-0.00605983342378383));
#4192=CARTESIAN_POINT('',(0.0218834112359416,-0.0354511238919165,-0.00739429046423346));
#4193=CARTESIAN_POINT('',(0.022020372514883,-0.0354419935978217,-0.00868304260746413));
#4194=CARTESIAN_POINT('',(0.0221861827956168,-0.0351066352043866,-0.0100144437499165));
#4195=CARTESIAN_POINT('',(0.0223607548184819,-0.034431549616703,-0.011235717251673));
#4196=CARTESIAN_POINT('',(0.0225318398924942,-0.033473844434589,-0.0122342381060274));
#4197=CARTESIAN_POINT('',(0.0226711160652773,-0.0323803399811528,-0.0129249437606142));
#4198=CARTESIAN_POINT('',(0.0228305572395835,-0.0310958689003242,-0.0133602160148563));
#4199=CARTESIAN_POINT('',(0.0229959752951548,-0.0297799712321532,-0.0134517432935267));
#4200=CARTESIAN_POINT('',(0.0231385336978211,-0.0286448282274547,-0.0132622760007183));
#4201=CARTESIAN_POINT('',(0.0232547668284227,-0.0277312755156188,-0.0129228155064784));
#4202=CARTESIAN_POINT('',(0.0233548568049618,-0.0269240537431672,-0.0124650750246636));
#4203=CARTESIAN_POINT('',(0.0234859665119947,-0.0260587975636106,-0.0117478578986146));
#4204=CARTESIAN_POINT('',(0.0236496340141842,-0.0252692480399405,-0.0106973372561825));
#4205=CARTESIAN_POINT('',(0.0238133111117805,-0.0247728501071193,-0.0094805568476253));
#4206=CARTESIAN_POINT('',(0.0239460886069643,-0.0246012013870866,-0.00837270994992175));
#4207=CARTESIAN_POINT('',(0.0240455318961024,-0.0246221194751917,-0.00744384800802013));
#4208=CARTESIAN_POINT('',(0.0241609977378122,-0.0247995553630578,-0.00648427675446757));
#4209=CARTESIAN_POINT('',(0.024303232310802,-0.0252195568951809,-0.00541227073672436));
#4210=CARTESIAN_POINT('',(0.0244687121576752,-0.0259734216581011,-0.00432995259521576));
#4211=CARTESIAN_POINT('',(0.0246296638527161,-0.0270039427959906,-0.00345211464223393));
#4212=CARTESIAN_POINT('',(0.0247681249179989,-0.0281588211902761,-0.00286677840972233));
#4213=CARTESIAN_POINT('',(0.0249384467777296,-0.0295084712179775,-0.00255678078732913));
#4214=CARTESIAN_POINT('',(0.0251130357431236,-0.0309030767572949,-0.00260416794306219));
#4215=CARTESIAN_POINT('',(0.0252799945983319,-0.0322161953258188,-0.00299872799951829));
#4216=CARTESIAN_POINT('',(0.0254169510240061,-0.0333273632641256,-0.00365163854193681));
#4217=CARTESIAN_POINT('',(0.0255828249283096,-0.0343122609152149,-0.00460847282007705));
#4218=CARTESIAN_POINT('',(0.02575739794831,-0.0350316312175207,-0.00580419981922499));
#4219=CARTESIAN_POINT('',(0.0259284445657974,-0.0354166845795559,-0.00713297737377098));
#4220=CARTESIAN_POINT('',(0.0260676722382358,-0.0354673714583436,-0.00842524640070541));
#4221=CARTESIAN_POINT('',(0.026227196426875,-0.0352012712682234,-0.00975533170574776));
#4222=CARTESIAN_POINT('',(0.0263926184290905,-0.0346218470760113,-0.0109403423459883));
#4223=CARTESIAN_POINT('',(0.026535159306653,-0.033889680877533,-0.0118281916026631));
#4224=CARTESIAN_POINT('',(0.026651353980253,-0.0331386472502944,-0.0124490980925177));
#4225=CARTESIAN_POINT('',(0.0267514022524239,-0.0323384350096068,-0.01291881057525));
#4226=CARTESIAN_POINT('',(0.0268826060101378,-0.0312842210331081,-0.0133090112885385));
#4227=CARTESIAN_POINT('',(0.0270462734290082,-0.0299795692682608,-0.0134667130739959));
#4228=CARTESIAN_POINT('',(0.0272099504407888,-0.0286777196839904,-0.0132874072380533));
#4229=CARTESIAN_POINT('',(0.02734264195708,-0.0276329504678444,-0.0128816301431463));
#4230=CARTESIAN_POINT('',(0.0274421137241769,-0.0268391634683477,-0.0123985801019504));
#4231=CARTESIAN_POINT('',(0.0275576234352953,-0.0260971627837909,-0.011764616396827));
#4232=CARTESIAN_POINT('',(0.0276998746748953,-0.0253792958002749,-0.0108644091129907));
#4233=CARTESIAN_POINT('',(0.0278653523805926,-0.0248196615897329,-0.00967004433263729));
#4234=CARTESIAN_POINT('',(0.0280262246813986,-0.0245755093952115,-0.00833875333840829));
#4235=CARTESIAN_POINT('',(0.02816472522958,-0.024646765308236,-0.00704583846441659));
#4236=CARTESIAN_POINT('',(0.028335089889748,-0.0250539612815949,-0.00572215050417815));
#4237=CARTESIAN_POINT('',(0.0285096782440847,-0.0257930355742729,-0.0045385415741505));
#4238=CARTESIAN_POINT('',(0.0286765776998923,-0.0267917248669352,-0.00359934242390778));
#4239=CARTESIAN_POINT('',(0.0288135297960857,-0.0279131107274186,-0.002964122129052));
#4240=CARTESIAN_POINT('',(0.0289794670824087,-0.0292345865379045,-0.00259033600648644));
#4241=CARTESIAN_POINT('',(0.0291540410802917,-0.0306298194762607,-0.00256607259483156));
#4242=CARTESIAN_POINT('',(0.0293250489921229,-0.0319727849736389,-0.00289778098184542));
#4243=CARTESIAN_POINT('',(0.0294642286781954,-0.0331168275921948,-0.00350060831171472));
#4244=CARTESIAN_POINT('',(0.0296238356734182,-0.0341353092118588,-0.00439684387858279));
#4245=CARTESIAN_POINT('',(0.0297892615212287,-0.0348711695293008,-0.00549160878423292));
#4246=CARTESIAN_POINT('',(0.0299317849243896,-0.0352733151757185,-0.00656981052881093));
#4247=CARTESIAN_POINT('',(0.0300479408284161,-0.0354349283248838,-0.00753065402827701));
#4248=CARTESIAN_POINT('',(0.0301479481537992,-0.0354410861072036,-0.00845843185684143));
#4249=CARTESIAN_POINT('',(0.030279245498079,-0.0352512194069902,-0.0095666405325275));
#4250=CARTESIAN_POINT('',(0.0304429128457938,-0.0347347183311117,-0.0107750348521151));
#4251=CARTESIAN_POINT('',(0.0306065897837263,-0.0339278658240919,-0.0118123147136313));
#4252=CARTESIAN_POINT('',(0.0307391948544558,-0.0330538710171186,-0.0125135548260651));
#4253=CARTESIAN_POINT('',(0.0308386958580203,-0.0322382921529068,-0.0129590695920843));
#4254=CARTESIAN_POINT('',(0.0309542491272323,-0.0313179662170737,-0.0132841664010614));
#4255=CARTESIAN_POINT('',(0.0310965170847773,-0.0301792799810738,-0.0134550702186846));
#4256=CARTESIAN_POINT('',(0.03126199254805,-0.0288651934591134,-0.013341727254726));
#4257=CARTESIAN_POINT('',(0.0314227852444506,-0.027590668993226,-0.0128868596245055));
#4258=CARTESIAN_POINT('',(0.0315613257907558,-0.0265068851116164,-0.0121780110868985));
#4259=CARTESIAN_POINT('',(0.031731733003595,-0.0255646781517185,-0.0111628720830253));
#4260=CARTESIAN_POINT('',(0.0319063207275566,-0.0249099462043328,-0.00993060687267265));
#4261=CARTESIAN_POINT('',(0.0320731605404897,-0.0245967549820152,-0.00859610241299855));
#4262=CARTESIAN_POINT('',(0.0322101088309965,-0.0246080538911158,-0.00730733870060705));
#4263=CARTESIAN_POINT('',(0.0323761092576816,-0.0249459192657905,-0.00597605408259959));
#4264=CARTESIAN_POINT('',(0.0325506842141912,-0.0256232816494914,-0.00475603332490802));
#4265=CARTESIAN_POINT('',(0.0327216531713042,-0.0265825534346866,-0.00375951264995033));
#4266=CARTESIAN_POINT('',(0.032860785385065,-0.0276769300632798,-0.00307082999427901));
#4267=CARTESIAN_POINT('',(0.0330204749789876,-0.0289627986030694,-0.00263759760529571));
#4268=CARTESIAN_POINT('',(0.0331859045713328,-0.0302788851629794,-0.00254852424878502));
#4269=CARTESIAN_POINT('',(0.0333284105508278,-0.031413547610106,-0.00274003942280972));
#4270=CARTESIAN_POINT('',(0.0334445273727734,-0.0323261518640637,-0.00308099902038276));
#4271=CARTESIAN_POINT('',(0.0335444945090102,-0.0331323806256549,-0.00353996419799201));
#4272=CARTESIAN_POINT('',(0.0336758849755948,-0.0339969551976169,-0.00425915530793064));
#4273=CARTESIAN_POINT('',(0.0338395522643117,-0.0347845547391377,-0.00531114455197296));
#4274=CARTESIAN_POINT('',(0.0340032291403607,-0.0352786818949226,-0.0065288458673327));
#4275=CARTESIAN_POINT('',(0.0341357472990273,-0.0354482996550088,-0.00763620236200309));
#4276=CARTESIAN_POINT('',(0.0342352782974619,-0.0354258149040392,-0.00856537831626905));
#4277=CARTESIAN_POINT('',(0.0343508748135757,-0.0352466013947591,-0.00952495181811553));
#4278=CARTESIAN_POINT('',(0.034493159538681,-0.034824598303082,-0.0105963231300068));
#4279=CARTESIAN_POINT('',(0.0346586326669924,-0.034068729521961,-0.0116772042369401));
#4280=CARTESIAN_POINT('',(0.0348193455151291,-0.0330372080303288,-0.0125527900252393));
#4281=CARTESIAN_POINT('',(0.0349579267007757,-0.0318809867472822,-0.0131363622415265));
#4282=CARTESIAN_POINT('',(0.0351283757480454,-0.0305304531589069,-0.0134439722376886));
#4283=CARTESIAN_POINT('',(0.0353029645778563,-0.0291359513439015,-0.0133939843858352));
#4284=CARTESIAN_POINT('',(0.0354697379527808,-0.0278240356209776,-0.0129972506029341));
#4285=CARTESIAN_POINT('',(0.0356067074129078,-0.0267139800536986,-0.0123423943543328));
#4286=CARTESIAN_POINT('',(0.0357726794839279,-0.0257302877677477,-0.0113836734896567));
#4287=CARTESIAN_POINT('',(0.0359378783641629,-0.0250535201642815,-0.0102523147626074));
#4288=CARTESIAN_POINT('',(0.0361079752526284,-0.0246412006408566,-0.0089369875857134));
#4289=CARTESIAN_POINT('',(0.0362063649400508,-0.024594483116499,-0.00805852196718158));
#4290=CARTESIAN_POINT('',(0.0362607901469245,-0.0246350690301279,-0.00755890297968903));
#4291=CARTESIAN_POINT('',(-0.00540896061151577,-0.0269268394892452,-0.0120121491909664));
#4292=CARTESIAN_POINT('',(-0.00530735610217298,-0.0262670761493932,-0.0115105951082876));
#4293=CARTESIAN_POINT('',(-0.00513078972989758,-0.0254377431370189,-0.010450492733811));
#4294=CARTESIAN_POINT('',(-0.00490241918315849,-0.0249656403924148,-0.00878586711431308));
#4295=CARTESIAN_POINT('',(-0.0047627924934228,-0.0249245415732403,-0.00757384796118361));
#4296=CARTESIAN_POINT('',(-0.00460391827783567,-0.0251803008280863,-0.00632947787916927));
#4297=CARTESIAN_POINT('',(-0.0044385274901776,-0.0257290523836372,-0.00522144286198735));
#4298=CARTESIAN_POINT('',(-0.00429585008568164,-0.026419804765425,-0.0043925377103965));
#4299=CARTESIAN_POINT('',(-0.00417936128847485,-0.0271274197292981,-0.00381375872792201));
#4300=CARTESIAN_POINT('',(-0.00407898107577779,-0.0278802092622086,-0.00337740415036528));
#4301=CARTESIAN_POINT('',(-0.00394851073847949,-0.0288691500078937,-0.00301722846979789));
#4302=CARTESIAN_POINT('',(-0.00378484346915736,-0.0300928529043917,-0.00287562926841728));
#4303=CARTESIAN_POINT('',(-0.00362116494034734,-0.0313123413259126,-0.0030498741340803));
#4304=CARTESIAN_POINT('',(-0.00348781391616667,-0.0322910378453094,-0.00343607557674714));
#4305=CARTESIAN_POINT('',(-0.00338855262469428,-0.0330320078820533,-0.00389250408667674));
#4306=CARTESIAN_POINT('',(-0.00327338658311654,-0.0337240741570042,-0.00449001056143534));
#4307=CARTESIAN_POINT('',(-0.00313126435638357,-0.0343924793348438,-0.00533711005227137));
#4308=CARTESIAN_POINT('',(-0.0029657710161214,-0.0349114511232049,-0.00645940545774523));
#4309=CARTESIAN_POINT('',(-0.00280428647361426,-0.0351338835961546,-0.00770982057812331));
#4310=CARTESIAN_POINT('',(-0.00266608480614768,-0.0350605938247271,-0.00892059175788644));
#4311=CARTESIAN_POINT('',(-0.00249605536258149,-0.0346727125989421,-0.0101589168406172));
#4312=CARTESIAN_POINT('',(-0.00232146249497103,-0.0339742780519952,-0.0112649214043663));
#4313=CARTESIAN_POINT('',(-0.00215410572882311,-0.033032777024599,-0.0121410746525793));
#4314=CARTESIAN_POINT('',(-0.00201711339465193,-0.0319785225507292,-0.0127307380162499));
#4315=CARTESIAN_POINT('',(-0.00185167031551596,-0.0307388134460629,-0.0130744877398939));
#4316=CARTESIAN_POINT('',(-0.00167710444672342,-0.0294308367835037,-0.0130906027226652));
#4317=CARTESIAN_POINT('',(-0.00150579932394987,-0.0281729038216074,-0.0127729824039051));
#4318=CARTESIAN_POINT('',(-0.00136624174359541,-0.0271031322952869,-0.0122018285070959));
#4319=CARTESIAN_POINT('',(-0.00120727851974225,-0.026153690405866,-0.0113575046966825));
#4320=CARTESIAN_POINT('',(-0.0010418842860787,-0.0254691159363346,-0.0103278084005978));
#4321=CARTESIAN_POINT('',(-0.00089922451515615,-0.0250972692085223,-0.00931496347025409));
#4322=CARTESIAN_POINT('',(-0.000782772099035609,-0.024950394016397,-0.00841278148695764));
#4323=CARTESIAN_POINT('',(-0.000682438679904095,-0.024949380645486,-0.00754276121095688));
#4324=CARTESIAN_POINT('',(-0.000551871179408977,-0.025132569989528,-0.00650609727072701));
#4325=CARTESIAN_POINT('',(-0.000388204070439969,-0.0256224944346728,-0.00537584237823329));
#4326=CARTESIAN_POINT('',(-0.00022452570461682,-0.0263837396984895,-0.00440732990395456));
#4327=CARTESIAN_POINT('',(-9.12575199750339E-5,-0.0272077369830256,-0.00375347977181951));
#4328=CARTESIAN_POINT('',(8.02714344103594E-6,-0.0279738175878481,-0.00334037646891548));
#4329=CARTESIAN_POINT('',(0.000123239145853486,-0.0288375866001564,-0.00304026209872271));
#4330=CARTESIAN_POINT('',(0.000265377695725345,-0.0299055358231085,-0.0028855980774025));
#4331=CARTESIAN_POINT('',(0.000430869579985816,-0.0311368799202218,-0.00299806906675909));
#4332=CARTESIAN_POINT('',(0.000592276142979957,-0.0323305331782343,-0.0034312678009597));
#4333=CARTESIAN_POINT('',(0.000730513821139948,-0.0333421699486264,-0.00410075670888465));
#4334=CARTESIAN_POINT('',(0.000900587732054614,-0.034220142030383,-0.0050564457346421));
#4335=CARTESIAN_POINT('',(0.00107518012297749,-0.0348280326738413,-0.00621468517177023));
#4336=CARTESIAN_POINT('',(0.00124247912970868,-0.0351152699474839,-0.0074681390523967));
#4337=CARTESIAN_POINT('',(0.00137946360532024,-0.0350981290070981,-0.00867597491331071));
#4338=CARTESIAN_POINT('',(0.0015449716903705,-0.0347751876138487,-0.009921431651453));
#4339=CARTESIAN_POINT('',(0.00171953867084785,-0.0341344459386237,-0.0110618349685843));
#4340=CARTESIAN_POINT('',(0.00189080676640239,-0.0332299233025298,-0.0119918001792984));
#4341=CARTESIAN_POINT('',(0.00203031289848972,-0.0322001405385922,-0.0126320353681152));
#4342=CARTESIAN_POINT('',(0.00218936032345739,-0.030993778610936,-0.0130314766619575));
#4343=CARTESIAN_POINT('',(0.00235475908616891,-0.0297596923641095,-0.013108719813044));
#4344=CARTESIAN_POINT('',(0.00249740104457836,-0.0286967739034266,-0.0129236875937767));
#4345=CARTESIAN_POINT('',(0.00261381679309228,-0.0278423197029119,-0.0125993248052771));
#4346=CARTESIAN_POINT('',(0.00271410416702984,-0.0270886742400282,-0.01216481648898));
#4347=CARTESIAN_POINT('',(0.00284476837216152,-0.0262827023073734,-0.0114872198608799));
#4348=CARTESIAN_POINT('',(0.00300843533146474,-0.0255494478891613,-0.0104973495955344));
#4349=CARTESIAN_POINT('',(0.0031721135466247,-0.0250920244255381,-0.00935355236608577));
#4350=CARTESIAN_POINT('',(0.00330529842406372,-0.0249384076847067,-0.00831317552895456));
#4351=CARTESIAN_POINT('',(0.00340460721820891,-0.0249641789017017,-0.00744309305811328));
#4352=CARTESIAN_POINT('',(0.00351986487063986,-0.0251367120177259,-0.00654498829614314));
#4353=CARTESIAN_POINT('',(0.00366201979521689,-0.0255373680500542,-0.00554298779307846));
#4354=CARTESIAN_POINT('',(0.00382751012217039,-0.0262510668367709,-0.00453329935179471));
#4355=CARTESIAN_POINT('',(0.00398883849459555,-0.0272233662064664,-0.0037168700053096));
#4356=CARTESIAN_POINT('',(0.00412711269908235,-0.0283093892427933,-0.00317606710794355));
#4357=CARTESIAN_POINT('',(0.00429723083011395,-0.0295763006483666,-0.00289431195167779));
#4358=CARTESIAN_POINT('',(0.00447182272501489,-0.0308832749534279,-0.0029477940967435));
#4359=CARTESIAN_POINT('',(0.0046390637281644,-0.0321120356157956,-0.00332645057047821));
#4360=CARTESIAN_POINT('',(0.00477604086895135,-0.0331491379210843,-0.00394579645152563));
#4361=CARTESIAN_POINT('',(0.00494161371899992,-0.0340658392985179,-0.00484885886882289));
#4362=CARTESIAN_POINT('',(0.00511618179193511,-0.0347323894952836,-0.00597437531117518));
#4363=CARTESIAN_POINT('',(0.0052874126107283,-0.0350847146128804,-0.0072228064657719));
#4364=CARTESIAN_POINT('',(0.00542686780807855,-0.0351235999200238,-0.00843465243623132));
#4365=CARTESIAN_POINT('',(0.00558599922720277,-0.0348655752646735,-0.00967917009503628));
#4366=CARTESIAN_POINT('',(0.0057514024179862,-0.0343147344090601,-0.0107862056888765));
#4367=CARTESIAN_POINT('',(0.00589402661438312,-0.0336225569406911,-0.0116137508247348));
#4368=CARTESIAN_POINT('',(0.0060104053823421,-0.0329141659408099,-0.0121910569930642));
#4369=CARTESIAN_POINT('',(0.00611064746829892,-0.0321608815011476,-0.0126260141629604));
#4370=CARTESIAN_POINT('',(0.00624140791481073,-0.0311706510729945,-0.0129847154013167));
#4371=CARTESIAN_POINT('',(0.00640507473667162,-0.0299466831915651,-0.0131240387646028));
#4372=CARTESIAN_POINT('',(0.00656875281307978,-0.02872752431397,-0.0129475235765121));
#4373=CARTESIAN_POINT('',(0.00670185391586345,-0.0277501727717263,-0.0125598974245354));
#4374=CARTESIAN_POINT('',(0.00680118759947988,-0.027009713764249,-0.0121020704609037));
#4375=CARTESIAN_POINT('',(0.0069164905910416,-0.0263184760696208,-0.0115031188281116));
#4376=CARTESIAN_POINT('',(0.00705866194185556,-0.0256515340182727,-0.0106547011152879));
#4377=CARTESIAN_POINT('',(0.00722415061020448,-0.0251346708328052,-0.0095314614993037));
#4378=CARTESIAN_POINT('',(0.00738540058113164,-0.0249145383104889,-0.00828129473142778));
#4379=CARTESIAN_POINT('',(0.00752371182752295,-0.0249898874459381,-0.00707029137990995));
#4380=CARTESIAN_POINT('',(0.00769387393136102,-0.0253801196088956,-0.00583237309657444));
#4381=CARTESIAN_POINT('',(0.00786846531090767,-0.0260806079382803,-0.00472767827480723));
#4382=CARTESIAN_POINT('',(0.00803564806640899,-0.0270233155365588,-0.00385354103792919));
#4383=CARTESIAN_POINT('',(0.00817261839611854,-0.0280785702414966,-0.00326564599148171));
#4384=CARTESIAN_POINT('',(0.00833825577014061,-0.0293193527815345,-0.00292398860664786));
#4385=CARTESIAN_POINT('',(0.00851282491630225,-0.0306273649911535,-0.00291030934856356));
#4386=CARTESIAN_POINT('',(0.00868401820885943,-0.0318844004691151,-0.00323013796376364));
#4387=CARTESIAN_POINT('',(0.00882342298508232,-0.0329529141834155,-0.00380293250813435));
#4388=CARTESIAN_POINT('',(0.00898263819126961,-0.0339013489991766,-0.00464934223844595));
#4389=CARTESIAN_POINT('',(0.00914804570913604,-0.034584012064046,-0.00568033305412151));
#4390=CARTESIAN_POINT('',(0.00929065219405503,-0.0349539680369024,-0.00669373400650403));
#4391=CARTESIAN_POINT('',(0.00940699366857268,-0.0350991800974715,-0.0075958477329008));
#4392=CARTESIAN_POINT('',(0.00950719122382927,-0.0350987362075255,-0.00846560332366896));
#4393=CARTESIAN_POINT('',(0.00963804744831607,-0.0349136241595668,-0.00950264179257125));
#4394=CARTESIAN_POINT('',(0.00980171414494833,-0.034421597369766,-0.010631987307817));
#4395=CARTESIAN_POINT('',(0.00996539209452506,-0.0336585510559706,-0.0115990778141715));
#4396=CARTESIAN_POINT('',(0.0100984089553311,-0.0328339973745399,-0.0122510492572191));
#4397=CARTESIAN_POINT('',(0.0101977682871259,-0.0320669563089117,-0.0126630129240117));
#4398=CARTESIAN_POINT('',(0.0103131163068565,-0.031202353058247,-0.012961685098726));
#4399=CARTESIAN_POINT('',(0.0104553041354062,-0.0301339946004914,-0.0131144229808679));
#4400=CARTESIAN_POINT('',(0.0106207910438603,-0.0289028892995619,-0.0129996536930605));
#4401=CARTESIAN_POINT('',(0.0107819624024878,-0.0277106034348801,-0.0125645897205746));
#4402=CARTESIAN_POINT('',(0.0109203112063047,-0.0266997930667503,-0.0118931992570361));
#4403=CARTESIAN_POINT('',(0.0110905170355603,-0.0258233516623816,-0.0109356795585277));
#4404=CARTESIAN_POINT('',(0.0112651078804223,-0.0252176229439635,-0.00977631789254124));
#4405=CARTESIAN_POINT('',(0.0114322321443078,-0.0249327345224244,-0.00852283052789121));
#4406=CARTESIAN_POINT('',(0.0115691961866985,-0.0249519070451663,-0.00731500960120943));
#4407=CARTESIAN_POINT('',(0.0117348978435607,-0.0252771974053052,-0.00606967285289738));
#4408=CARTESIAN_POINT('',(0.011909468043713,-0.025920065440174,-0.0049304581157984));
#4409=CARTESIAN_POINT('',(0.0120806235606276,-0.0268260488014548,-0.00400237609289945));
#4410=CARTESIAN_POINT('',(0.0122199784294118,-0.0278566257909122,-0.00336404860680424));
#4411=CARTESIAN_POINT('',(0.0123792772154334,-0.0290642882194009,-0.00296652474377328));
#4412=CARTESIAN_POINT('',(0.0125446889593813,-0.0302985376510682,-0.00289158401362253));
#4413=CARTESIAN_POINT('',(0.0126872777833911,-0.0313609914440688,-0.0030785317381497));
#4414=CARTESIAN_POINT('',(0.0128035816516433,-0.0322145520266297,-0.00340429856203778));
#4415=CARTESIAN_POINT('',(0.0129037354335464,-0.032967244427628,-0.00383993889914136));
#4416=CARTESIAN_POINT('',(0.013034686972455,-0.0337725744688396,-0.00451938617468795));
#4417=CARTESIAN_POINT('',(0.0131983535560627,-0.0345039898824528,-0.00551062101957925));
#4418=CARTESIAN_POINT('',(0.0133620313907374,-0.0349592803091597,-0.00665526602425899));
#4419=CARTESIAN_POINT('',(0.0134949635423745,-0.0351109929980453,-0.00769518031137238));
#4420=CARTESIAN_POINT('',(0.0135943492810187,-0.0350837540138569,-0.00856553004955009));
#4421=CARTESIAN_POINT('',(0.0137097420178822,-0.0349095545427141,-0.00946363255120002));
#4422=CARTESIAN_POINT('',(0.0138519463756337,-0.0345070262819835,-0.0104650237247237));
#4423=CARTESIAN_POINT('',(0.01401743142291,-0.0337914575359975,-0.0114733542600507));
#4424=CARTESIAN_POINT('',(0.0141785239585639,-0.0328182297685209,-0.0122876659701431));
#4425=CARTESIAN_POINT('',(0.0143169108352702,-0.0317309702900786,-0.0128268033109254));
#4426=CARTESIAN_POINT('',(0.0144871601424762,-0.030463241916158,-0.0131063159586475));
#4427=CARTESIAN_POINT('',(0.0146617504333255,-0.0291563783999818,-0.013050400521334));
#4428=CARTESIAN_POINT('',(0.0148288159617265,-0.0279287659589251,-0.01266969516277));
#4429=CARTESIAN_POINT('',(0.0149657742405678,-0.0268926898140119,-0.0120485957907915));
#4430=CARTESIAN_POINT('',(0.0151315399390286,-0.0259772699293091,-0.0111435606295585));
#4431=CARTESIAN_POINT('',(0.0153061111739313,-0.0253128131456854,-0.0100167984523038));
#4432=CARTESIAN_POINT('',(0.0154772286658652,-0.0249628493425848,-0.0087680473393667));
#4433=CARTESIAN_POINT('',(0.0156165341409772,-0.0249260127567574,-0.0075564644583669));
#4434=CARTESIAN_POINT('',(0.0157759162994697,-0.025186348999635,-0.00631178250707399));
#4435=CARTESIAN_POINT('',(0.0159413321684848,-0.0257392641587126,-0.00520575862288605));
#4436=CARTESIAN_POINT('',(0.0160839033821882,-0.0264328678045979,-0.00437957438943372));
#4437=CARTESIAN_POINT('',(0.0162001693314135,-0.0271420245916314,-0.00380374560051181));
#4438=CARTESIAN_POINT('',(0.0163002800973751,-0.027895817286168,-0.00337017684378117));
#4439=CARTESIAN_POINT('',(0.0164313264870049,-0.0288873255295467,-0.00301296018956453));
#4440=CARTESIAN_POINT('',(0.0165949929697822,-0.0301115542997932,-0.00287591128138304));
#4441=CARTESIAN_POINT('',(0.0167586707014932,-0.03133037946481,-0.00305469803265057));
#4442=CARTESIAN_POINT('',(0.0168915176769017,-0.0323063745946549,-0.00344373834534881));
#4443=CARTESIAN_POINT('',(0.016990930581029,-0.0330463354731426,-0.00390297323022182));
#4444=CARTESIAN_POINT('',(0.0171063677239164,-0.033736734758554,-0.00450336524009937));
#4445=CARTESIAN_POINT('',(0.0172485886623026,-0.0344022126603803,-0.00535309894070803));
#4446=CARTESIAN_POINT('',(0.017414071747126,-0.0349169637097015,-0.00647727716797025));
#4447=CARTESIAN_POINT('',(0.0175750852492604,-0.0351347990251853,-0.00772718591160811));
#4448=CARTESIAN_POINT('',(0.0177135107142618,-0.0350573886094028,-0.0089384301934789));
#4449=CARTESIAN_POINT('',(0.0178838032518732,-0.0346648060920583,-0.0101759312680214));
#4450=CARTESIAN_POINT('',(0.0180583929693839,-0.033962266808518,-0.0112793120742014));
#4451=CARTESIAN_POINT('',(0.0182253995185315,-0.0330183620845823,-0.0121514290767674));
#4452=CARTESIAN_POINT('',(0.0183623525576021,-0.0319620992593349,-0.0127375601338684));
#4453=CARTESIAN_POINT('',(0.0185281820563121,-0.0307202518915365,-0.0130771194279571));
#4454=CARTESIAN_POINT('',(0.018702754306721,-0.0294122092583111,-0.0130883628265716));
#4455=CARTESIAN_POINT('',(0.0188738335244047,-0.0281560803821856,-0.0127663309594785));
#4456=CARTESIAN_POINT('',(0.0190130901196885,-0.0270888160695764,-0.0121918926801368));
#4457=CARTESIAN_POINT('',(0.0191725554431537,-0.0261413979842254,-0.0113433998571227));
#4458=CARTESIAN_POINT('',(0.0193379753362096,-0.0254606491901918,-0.0103111204859011));
#4459=CARTESIAN_POINT('',(0.0194805289902434,-0.0250925853365609,-0.0092971655630483));
#4460=CARTESIAN_POINT('',(0.0195967567077439,-0.0249490352146987,-0.00839513095480611));
#4461=CARTESIAN_POINT('',(0.0196968252152397,-0.0249509352818746,-0.0075256240879337));
#4462=CARTESIAN_POINT('',(0.0198279659917432,-0.0251379728590511,-0.00648822639349865));
#4463=CARTESIAN_POINT('',(0.0199916323858747,-0.0256320987458825,-0.00535979312434337));
#4464=CARTESIAN_POINT('',(0.0201553100265695,-0.026396945095006,-0.00439412881176487));
#4465=CARTESIAN_POINT('',(0.0202880713588218,-0.0272220403143548,-0.00374404066457829));
#4466=CARTESIAN_POINT('',(0.0203875121870279,-0.0279900565022739,-0.00333321022281997));
#4467=CARTESIAN_POINT('',(0.0205029934247569,-0.0288554849267234,-0.00303598635217482));
#4468=CARTESIAN_POINT('',(0.0206452309951776,-0.0299242501735412,-0.00288517437654566));
#4469=CARTESIAN_POINT('',(0.0208107120162808,-0.0311551100619636,-0.00300224221476819));
#4470=CARTESIAN_POINT('',(0.0209716462744779,-0.0323460215405006,-0.00343916420483511));
#4471=CARTESIAN_POINT('',(0.0211101108431209,-0.0333560121210427,-0.00411246227718493));
#4472=CARTESIAN_POINT('',(0.0212804463635157,-0.0342309141317912,-0.00507180692623645));
#4473=CARTESIAN_POINT('',(0.0214550354883642,-0.0348344786433293,-0.00623228623249891));
#4474=CARTESIAN_POINT('',(0.0216219828145892,-0.0351170192924711,-0.00748579679263515));
#4475=CARTESIAN_POINT('',(0.0217589311376771,-0.0350958149717887,-0.00869361178090987));
#4476=CARTESIAN_POINT('',(0.0219248241951796,-0.0347681749816535,-0.00993881820683187));
#4477=CARTESIAN_POINT('',(0.0220993974418459,-0.0341231830371164,-0.0110768398620751));
#4478=CARTESIAN_POINT('',(0.0222704381360796,-0.033215747884961,-0.012003033336169));
#4479=CARTESIAN_POINT('',(0.0224096463654554,-0.0321843697793127,-0.0126394588445696));
#4480=CARTESIAN_POINT('',(0.0225691946462606,-0.0309754141376995,-0.0130350583364839));
#4481=CARTESIAN_POINT('',(0.0227346184623186,-0.029741008118348,-0.0131076971538223));
#4482=CARTESIAN_POINT('',(0.0228771546073535,-0.0286790214524733,-0.0129188337698686));
#4483=CARTESIAN_POINT('',(0.0229933437804945,-0.0278263632873507,-0.0125916693868938));
#4484=CARTESIAN_POINT('',(0.0230933707870633,-0.0270746095968306,-0.0121548899600618));
#4485=CARTESIAN_POINT('',(0.023224605486447,-0.0262699361056646,-0.0114735972646598));
#4486=CARTESIAN_POINT('',(0.0233882718041079,-0.0255403605525892,-0.0104810020869844));
#4487=CARTESIAN_POINT('',(0.023551949365743,-0.0250872063127896,-0.00933551230282343));
#4488=CARTESIAN_POINT('',(0.0236846245880444,-0.0249373942129788,-0.00829607573102224));
#4489=CARTESIAN_POINT('',(0.0237840940988852,-0.0249661027726296,-0.00742544282583278));
#4490=CARTESIAN_POINT('',(0.0238996191202011,-0.0251419693406497,-0.00652735349080315));
#4491=CARTESIAN_POINT('',(0.0240418733740233,-0.0255463684044305,-0.00552657364723984));
#4492=CARTESIAN_POINT('',(0.024207352230147,-0.0262638040122296,-0.00451960687012413));
#4493=CARTESIAN_POINT('',(0.0243682070341176,-0.0272379504259391,-0.00370741522796368));
#4494=CARTESIAN_POINT('',(0.0245067112216894,-0.0283264549022608,-0.00316994075974492));
#4495=CARTESIAN_POINT('',(0.0246770894771681,-0.0295949909233552,-0.00289267529531124));
#4496=CARTESIAN_POINT('',(0.0248516779900332,-0.0309017385363509,-0.00295102370111494));
#4497=CARTESIAN_POINT('',(0.0250185658497666,-0.0321281943953657,-0.00333377185419714));
#4498=CARTESIAN_POINT('',(0.0251555099806681,-0.0331632520528459,-0.0039566294179729));
#4499=CARTESIAN_POINT('',(0.0253214663553988,-0.0340773811703408,-0.00486363271756441));
#4500=CARTESIAN_POINT('',(0.02549604057907,-0.0347397418718683,-0.00599163625407355));
#4501=CARTESIAN_POINT('',(0.025667042500723,-0.0350873441995199,-0.00724069690830814));
#4502=CARTESIAN_POINT('',(0.0258062028781869,-0.0351221335580035,-0.00845202553257188));
#4503=CARTESIAN_POINT('',(0.0259658339085654,-0.0348594833743074,-0.00969686198997444));
#4504=CARTESIAN_POINT('',(0.0261312615465751,-0.0343044976570819,-0.0108018687102372));
#4505=CARTESIAN_POINT('',(0.0262737802333156,-0.0336094689315237,-0.0116266898345128));
#4506=CARTESIAN_POINT('',(0.0263899305495266,-0.0328995563715344,-0.012201036876772));
#4507=CARTESIAN_POINT('',(0.0264899168127688,-0.0321452421081354,-0.0126332260896372));
#4508=CARTESIAN_POINT('',(0.0266212449708937,-0.0311524679223049,-0.0129889480962399));
#4509=CARTESIAN_POINT('',(0.0267849112242494,-0.029927982366476,-0.0131237239354403));
#4510=CARTESIAN_POINT('',(0.0269485887187903,-0.0287094950857953,-0.0129426643950173));
#4511=CARTESIAN_POINT('',(0.0270811773644799,-0.0277348677534407,-0.012552220519867));
#4512=CARTESIAN_POINT('',(0.027180676316471,-0.0269953921561069,-0.0120915681737742));
#4513=CARTESIAN_POINT('',(0.0272962448100469,-0.0263058410894325,-0.011489740612485));
#4514=CARTESIAN_POINT('',(0.0274385157986044,-0.0256418283552272,-0.0106386931588835));
#4515=CARTESIAN_POINT('',(0.0276039923884973,-0.0251291929546225,-0.00951358193361844));
#4516=CARTESIAN_POINT('',(0.0277647675280813,-0.0249136520628902,-0.00826394086960528));
#4517=CARTESIAN_POINT('',(0.0279033118498081,-0.0249931257310181,-0.00705244690945518));
#4518=CARTESIAN_POINT('',(0.0280737325925948,-0.0253880579759318,-0.0058153734535879));
#4519=CARTESIAN_POINT('',(0.0282483204741575,-0.0260926453714802,-0.00471331092703049));
#4520=CARTESIAN_POINT('',(0.0284151486239312,-0.0270377377616265,-0.00384321834045287));
#4521=CARTESIAN_POINT('',(0.0285520890864494,-0.0280950166238268,-0.00325884699486768));
#4522=CARTESIAN_POINT('',(0.028718108536738,-0.0293379201845399,-0.00292139150924865));
#4523=CARTESIAN_POINT('',(0.0288926837181571,-0.0306459881172606,-0.0029125840880491));
#4524=CARTESIAN_POINT('',(0.0290636466181691,-0.0319012012976799,-0.00323681412563186));
#4525=CARTESIAN_POINT('',(0.029202759657792,-0.0329672245979076,-0.00381289928003634));
#4526=CARTESIAN_POINT('',(0.0293624732298434,-0.0339136163034117,-0.00466347232658548));
#4527=CARTESIAN_POINT('',(0.0295279045887424,-0.0345924479833823,-0.00569703427937861));
#4528=CARTESIAN_POINT('',(0.0296704058679268,-0.034958618356628,-0.00671154111726993));
#4529=CARTESIAN_POINT('',(0.029786517014702,-0.0351005077807667,-0.00761348575375784));
#4530=CARTESIAN_POINT('',(0.0298864632922785,-0.0350971525306105,-0.00848275986334119));
#4531=CARTESIAN_POINT('',(0.0300178844448607,-0.0349081866686258,-0.00952050146414432));
#4532=CARTESIAN_POINT('',(0.0301815506460666,-0.0344119649389964,-0.0106480196309669));
#4533=CARTESIAN_POINT('',(0.0303452280854884,-0.0336453195834441,-0.0116122535239509));
#4534=CARTESIAN_POINT('',(0.030477729688039,-0.0328196977030085,-0.012260453837708));
#4535=CARTESIAN_POINT('',(0.0305772588396541,-0.0320506916949392,-0.0126701573837073));
#4536=CARTESIAN_POINT('',(0.0306928704940915,-0.0311844471902627,-0.012965926880918));
#4537=CARTESIAN_POINT('',(0.0308351582686846,-0.0301152775981657,-0.0131148131872451));
#4538=CARTESIAN_POINT('',(0.0310006324911046,-0.0288846697403541,-0.0129954465715846));
#4539=CARTESIAN_POINT('',(0.0311613277562706,-0.0276951396069433,-0.0125566738104247));
#4540=CARTESIAN_POINT('',(0.0312999127273177,-0.0266859622364826,-0.0118814620332323));
#4541=CARTESIAN_POINT('',(0.03147037570956,-0.0258126083139282,-0.0109202981941919));
#4542=CARTESIAN_POINT('',(0.0316449629405043,-0.0252112102758776,-0.00975870584343336));
#4543=CARTESIAN_POINT('',(0.0318117311369508,-0.0249310162765681,-0.00850518236794969));
#4544=CARTESIAN_POINT('',(0.0319486684548958,-0.0249542526678146,-0.00729736432364988));
#4545=CARTESIAN_POINT('',(0.0321147507389647,-0.0252842429077916,-0.0060522985590937));
#4546=CARTESIAN_POINT('',(0.0322893268588714,-0.0259313562971234,-0.00491547447965533));
#4547=CARTESIAN_POINT('',(0.0324602504882519,-0.0268402342860011,-0.00399117487609054));
#4548=CARTESIAN_POINT('',(0.0325993167041788,-0.0278724204335478,-0.00335664566496465));
#4549=CARTESIAN_POINT('',(0.032759112609869,-0.0290826619679197,-0.00296297745709747));
#4550=CARTESIAN_POINT('',(0.0329245475885834,-0.0303172179807157,-0.00289264001961426));
#4551=CARTESIAN_POINT('',(0.0330670315109842,-0.0313787350582326,-0.0030834192125347));
#4552=CARTESIAN_POINT('',(0.0331831031758823,-0.0322304820371872,-0.00341197464048862));
#4553=CARTESIAN_POINT('',(0.0332830102255139,-0.0329813113283744,-0.00384990030594109));
#4554=CARTESIAN_POINT('',(0.0334145239081246,-0.0337853136319779,-0.00453303312525132));
#4555=CARTESIAN_POINT('',(0.03357819006933,-0.0345130484827978,-0.00552698438954412));
#4556=CARTESIAN_POINT('',(0.033741867465605,-0.0349640633928499,-0.00667331594514557));
#4557=CARTESIAN_POINT('',(0.0338742815586577,-0.0351119784353352,-0.00771225965551897));
#4558=CARTESIAN_POINT('',(0.0339738416682641,-0.0350817984028366,-0.00858319161798026));
#4559=CARTESIAN_POINT('',(0.034089496172285,-0.0349042640449694,-0.00948125687424991));
#4560=CARTESIAN_POINT('',(0.0342318007825215,-0.0344979956037327,-0.0104814233950828));
#4561=CARTESIAN_POINT('',(0.0343972725448006,-0.0337786962680382,-0.0114870205537187));
#4562=CARTESIAN_POINT('',(0.0345578876923637,-0.0328036409106384,-0.0122970898123317));
#4563=CARTESIAN_POINT('',(0.0346965139518973,-0.0317138830648437,-0.0128329037635429));
#4564=CARTESIAN_POINT('',(0.0348670184626964,-0.0304445479840963,-0.0131079184334795));
#4565=CARTESIAN_POINT('',(0.0350416067515284,-0.0291379242084762,-0.0130471335722905));
#4566=CARTESIAN_POINT('',(0.0352083083030732,-0.0279126227342342,-0.0126623630320622));
#4567=CARTESIAN_POINT('',(0.035345267065674,-0.0268786152167394,-0.0120376892176386));
#4568=CARTESIAN_POINT('',(0.0355113221282949,-0.0259656394713288,-0.0111289213790828));
#4569=CARTESIAN_POINT('',(0.0356765170094421,-0.0253425756384226,-0.010061715198727));
#4570=CARTESIAN_POINT('',(0.0358465901020628,-0.0249692563430833,-0.00882484362004632));
#4571=CARTESIAN_POINT('',(0.0359448966291757,-0.024934187327817,-0.00800153814975836));
#4572=CARTESIAN_POINT('',(0.0359993503713742,-0.0249771271988394,-0.00753343131023079));
#4573=CARTESIAN_POINT('',(-0.00567021921680671,-0.027087821491632,-0.0117090961098106));
#4574=CARTESIAN_POINT('',(-0.00556855261486905,-0.0264774708737977,-0.0112332692702713));
#4575=CARTESIAN_POINT('',(-0.00539194106658427,-0.0257155716262201,-0.0102340902325479));
#4576=CARTESIAN_POINT('',(-0.00516364391043695,-0.0252942816668417,-0.00867554037491722));
#4577=CARTESIAN_POINT('',(-0.00502410804599545,-0.0252697000268,-0.00754451189229438));
#4578=CARTESIAN_POINT('',(-0.00486509731230876,-0.0255226825635308,-0.00638524634492131));
#4579=CARTESIAN_POINT('',(-0.00469969803849174,-0.0260476482602967,-0.00535743656446673));
#4580=CARTESIAN_POINT('',(-0.00455704915217085,-0.0267017208575641,-0.00459191268628753));
#4581=CARTESIAN_POINT('',(-0.0044406113534132,-0.0273685197323371,-0.00406008196251118));
#4582=CARTESIAN_POINT('',(-0.00434031961040896,-0.0280755391280037,-0.00366168520109731));
#4583=CARTESIAN_POINT('',(-0.00420968686956725,-0.0290035085260814,-0.00333635672199822));
#4584=CARTESIAN_POINT('',(-0.00404602131296057,-0.0301471968375991,-0.00321835312200548));
#4585=CARTESIAN_POINT('',(-0.00388234235957878,-0.0312832999905382,-0.0033950225929112));
#4586=CARTESIAN_POINT('',(-0.00374911336753889,-0.0321915518406714,-0.00376637757300268));
#4587=CARTESIAN_POINT('',(-0.00364982889108355,-0.0328780380659861,-0.00420080128021562));
#4588=CARTESIAN_POINT('',(-0.00353458480132937,-0.0335174850632878,-0.00476664036728546));
#4589=CARTESIAN_POINT('',(-0.0033924386499818,-0.0341316402466235,-0.00556501546619959));
#4590=CARTESIAN_POINT('',(-0.00322694528064539,-0.0346030318019769,-0.00661841061896641));
#4591=CARTESIAN_POINT('',(-0.0030655792964953,-0.0347961699696236,-0.00778720370959338));
#4592=CARTESIAN_POINT('',(-0.00292733017031796,-0.0347140614146715,-0.00891663898611326));
#4593=CARTESIAN_POINT('',(-0.00275722703108381,-0.0343377353668228,-0.0100683295153909));
#4594=CARTESIAN_POINT('',(-0.00258263452442154,-0.033673139095482,-0.0110924712847573));
#4595=CARTESIAN_POINT('',(-0.00241536348608934,-0.0327847931657581,-0.011898981416457));
#4596=CARTESIAN_POINT('',(-0.002278393163368,-0.0317943354675014,-0.0124372812398831));
#4597=CARTESIAN_POINT('',(-0.00211284380723083,-0.030632793433289,-0.0127441281738942));
#4598=CARTESIAN_POINT('',(-0.00193827624234453,-0.0294118896233573,-0.0127440715817526));
#4599=CARTESIAN_POINT('',(-0.00176702386636018,-0.0282418757344428,-0.0124332417453573));
#4600=CARTESIAN_POINT('',(-0.00162755702200957,-0.0272504827044562,-0.0118883284609359));
#4601=CARTESIAN_POINT('',(-0.0014684574165857,-0.0263733415827592,-0.0110890093712562));
#4602=CARTESIAN_POINT('',(-0.00130305490242332,-0.0257463145325792,-0.0101200627516475));
#4603=CARTESIAN_POINT('',(-0.0011604235566193,-0.0254109778229727,-0.00917069297775673));
#4604=CARTESIAN_POINT('',(-0.0010440226415433,-0.0252843155823886,-0.00832734123351871));
#4605=CARTESIAN_POINT('',(-0.000943776489278358,-0.0252932552145713,-0.00751592969820405));
#4606=CARTESIAN_POINT('',(-0.000813047325065927,-0.0254760975157126,-0.00654951285681402));
#4607=CARTESIAN_POINT('',(-0.000649381904717477,-0.0259463980840202,-0.00550033795080779));
#4608=CARTESIAN_POINT('',(-0.000485703090822411,-0.0266680056828948,-0.00460522721090634));
#4609=CARTESIAN_POINT('',(-0.000352557688256576,-0.0274438987927445,-0.00400492309348192));
#4610=CARTESIAN_POINT('',(-0.000253248633565086,-0.0281636619478609,-0.00362797599133558));
#4611=CARTESIAN_POINT('',(-0.000137959079504818,-0.0289736698391463,-0.0033575709374512));
#4612=CARTESIAN_POINT('',(4.20348072354767E-6,-0.0299722814060916,-0.00322548488057992));
#4613=CARTESIAN_POINT('',(0.000169695237578023,-0.0311201614542069,-0.00334465980239569));
#4614=CARTESIAN_POINT('',(0.000330982902509335,-0.032228502272828,-0.00376236849139706));
#4615=CARTESIAN_POINT('',(0.000469268855231056,-0.0331653063402931,-0.00439878417016691));
#4616=CARTESIAN_POINT('',(0.000639416070639119,-0.0339740528326384,-0.00530110117092607));
#4617=CARTESIAN_POINT('',(0.000814008075434209,-0.034528010975802,-0.00638907085656757));
#4618=CARTESIAN_POINT('',(0.000981220964442908,-0.0347815654416622,-0.00756165707386512));
#4619=CARTESIAN_POINT('',(0.00111818425601292,-0.0347518863290167,-0.0086885595014941));
#4620=CARTESIAN_POINT('',(0.00128379823551508,-0.0344361217999833,-0.00984786120651441));
#4621=CARTESIAN_POINT('',(0.00145836688710274,-0.0338249635127908,-0.0109047893921168));
#4622=CARTESIAN_POINT('',(0.00162958183957014,-0.0329703231496305,-0.0117620445571251));
#4623=CARTESIAN_POINT('',(0.00176899804659387,-0.0320024754862598,-0.0123475650837544));
#4624=CARTESIAN_POINT('',(0.00192818152284307,-0.0308712769510124,-0.0127069299325274));
#4625=CARTESIAN_POINT('',(0.0020935884101944,-0.0297185887407339,-0.0127647612204736));
#4626=CARTESIAN_POINT('',(0.00223620202693495,-0.0287288929534712,-0.0125798919577439));
#4627=CARTESIAN_POINT('',(0.00235256577300045,-0.0279354821435829,-0.012267475876562));
#4628=CARTESIAN_POINT('',(0.00245276708264163,-0.0272375456237385,-0.01185367802541));
#4629=CARTESIAN_POINT('',(0.00258359221163835,-0.0264922338371414,-0.0112115504437238));
#4630=CARTESIAN_POINT('',(0.00274725750634081,-0.025819348503696,-0.0102792528233315));
#4631=CARTESIAN_POINT('',(0.00291093619309979,-0.0254056304767772,-0.00920651030244766));
#4632=CARTESIAN_POINT('',(0.00304399753869393,-0.0252742890582079,-0.008234568132149));
#4633=CARTESIAN_POINT('',(0.00314333193037635,-0.0253081820308402,-0.00742267939223005));
#4634=CARTESIAN_POINT('',(0.00325866663781722,-0.0254795271706794,-0.00658599753578029));
#4635=CARTESIAN_POINT('',(0.00340084565845076,-0.0258650233005574,-0.00565532725396412));
#4636=CARTESIAN_POINT('',(0.00356633570152347,-0.0265427488561456,-0.00472125085378391));
#4637=CARTESIAN_POINT('',(0.00372754483634992,-0.0274589459083333,-0.00397091628002908));
#4638=CARTESIAN_POINT('',(0.00386586813118368,-0.0284788812378137,-0.00347834899121773));
#4639=CARTESIAN_POINT('',(0.00403605917542258,-0.0296649293687734,-0.00322981379924012));
#4640=CARTESIAN_POINT('',(0.00421065065901755,-0.0308840748294346,-0.00329481342730325));
#4641=CARTESIAN_POINT('',(0.00437780515466602,-0.0320259761114861,-0.00366215471023677));
#4642=CARTESIAN_POINT('',(0.00451476193884857,-0.0329867398789424,-0.00425185174817308));
#4643=CARTESIAN_POINT('',(0.00468044030064622,-0.0338324355899846,-0.00510557173129191));
#4644=CARTESIAN_POINT('',(0.00485501001970225,-0.0344415274531223,-0.00616369465418664));
#4645=CARTESIAN_POINT('',(0.00502618729919507,-0.0347558761748984,-0.00733255260080339));
#4646=CARTESIAN_POINT('',(0.00516555338254434,-0.0347783921906113,-0.00846340718106309));
#4647=CARTESIAN_POINT('',(0.00532482052247011,-0.0345232916743697,-0.00962277830989743));
#4648=CARTESIAN_POINT('',(0.00549023168201608,-0.0339963894495546,-0.0106496289173255));
#4649=CARTESIAN_POINT('',(0.00563282762023949,-0.0333410008095281,-0.0114138678181154));
#4650=CARTESIAN_POINT('',(0.00574915388442378,-0.0326735034318517,-0.0119443105379762));
#4651=CARTESIAN_POINT('',(0.00584931110876594,-0.0319660194378676,-0.012341411287076));
#4652=CARTESIAN_POINT('',(0.00598023173907385,-0.0310368739826722,-0.0126653382125156));
#4653=CARTESIAN_POINT('',(0.00614389692034377,-0.0298929646328047,-0.0127812171118994));
#4654=CARTESIAN_POINT('',(0.00630757549188723,-0.0287571949296139,-0.0126024302529185));
#4655=CARTESIAN_POINT('',(0.00644055231322767,-0.0278502266309654,-0.0122297702889417));
#4656=CARTESIAN_POINT('',(0.00653991280061053,-0.0271642130766079,-0.011794035821382));
#4657=CARTESIAN_POINT('',(0.00665529235043577,-0.026525565335547,-0.0112268608719442));
#4658=CARTESIAN_POINT('',(0.00679748788296419,-0.0259127890196701,-0.0104272718968835));
#4659=CARTESIAN_POINT('',(0.00696297611096326,-0.0254433786649018,-0.00937302172974003));
#4660=CARTESIAN_POINT('',(0.00712410650492616,-0.025252381887317,-0.00820449396013337));
#4661=CARTESIAN_POINT('',(0.00726246765738272,-0.0253364157485135,-0.0070748499146808));
#4662=CARTESIAN_POINT('',(0.00743270228303107,-0.0257149320250638,-0.00592357368678638));
#4663=CARTESIAN_POINT('',(0.00760729322609508,-0.0263814295301451,-0.00490067854195581));
#4664=CARTESIAN_POINT('',(0.00777438908444554,-0.0272708713729771,-0.00409606692859132));
#4665=CARTESIAN_POINT('',(0.0079113398850156,-0.0282622555108062,-0.00355942021975762));
#4666=CARTESIAN_POINT('',(0.0080770823879308,-0.0294247697148068,-0.00325454359658865));
#4667=CARTESIAN_POINT('',(0.00825165315521784,-0.0306456779071784,-0.00325687396342047));
#4668=CARTESIAN_POINT('',(0.00842279251234664,-0.0318148221091499,-0.00356975073308333));
#4669=CARTESIAN_POINT('',(0.00856210898575237,-0.0328050370988804,-0.00411618636443622));
#4670=CARTESIAN_POINT('',(0.00872145958207097,-0.0336812069287737,-0.00491743999708542));
#4671=CARTESIAN_POINT('',(0.00888687491280456,-0.0343064343693985,-0.00588756977719107));
#4672=CARTESIAN_POINT('',(0.00902945322309125,-0.0346399997798214,-0.00683743856151943));
#4673=CARTESIAN_POINT('',(0.00914574169258612,-0.0347651111412388,-0.00768069757113991));
#4674=CARTESIAN_POINT('',(0.00924585558901973,-0.0347548170983546,-0.00849186851896404));
#4675=CARTESIAN_POINT('',(0.009376871257018,-0.0345701721707758,-0.00945859825668871));
#4676=CARTESIAN_POINT('',(0.00954053633705907,-0.0340979220590516,-0.0105069013736627));
#4677=CARTESIAN_POINT('',(0.00970421480531664,-0.0333746478046996,-0.0114006633272637));
#4678=CARTESIAN_POINT('',(0.00983710663525265,-0.0325982709637452,-0.0119992019916946));
#4679=CARTESIAN_POINT('',(0.00993649397700881,-0.0318776044016314,-0.0123750863019499));
#4680=CARTESIAN_POINT('',(0.0100519180581486,-0.0310668420934031,-0.0126441293836029));
#4681=CARTESIAN_POINT('',(0.0101941301540286,-0.0300678694722248,-0.0127744144490805));
#4682=CARTESIAN_POINT('',(0.0103596164656697,-0.0289202416202155,-0.0126530961970285));
#4683=CARTESIAN_POINT('',(0.0105206679081381,-0.0278132034184268,-0.0122336679443523));
#4684=CARTESIAN_POINT('',(0.0106590674336706,-0.0268771791720432,-0.0115954786036393));
#4685=CARTESIAN_POINT('',(0.010829345393229,-0.026069889279771,-0.0106914737752407));
#4686=CARTESIAN_POINT('',(0.0110039357764334,-0.0255179620547813,-0.00960248232133621));
#4687=CARTESIAN_POINT('',(0.0111709727536474,-0.0252665993340693,-0.00842989947145287));
#4688=CARTESIAN_POINT('',(0.0113079180943902,-0.0252981734123248,-0.00730301848170007));
#4689=CARTESIAN_POINT('',(0.011473724497137,-0.025616130531073,-0.00614386322693742));
#4690=CARTESIAN_POINT('',(0.0116482962934134,-0.0262292593769862,-0.00508806952494684));
#4691=CARTESIAN_POINT('',(0.0118193974788573,-0.0270852347918876,-0.00423259263032433));
#4692=CARTESIAN_POINT('',(0.0119586648561282,-0.0280538139959977,-0.00364885173852421));
#4693=CARTESIAN_POINT('',(0.012118098701421,-0.0291861999528965,-0.0032912974561147));
#4694=CARTESIAN_POINT('',(0.0122835181023228,-0.0303390109548452,-0.00323561607243769));
#4695=CARTESIAN_POINT('',(0.0124260788352872,-0.0313282524821803,-0.00342226887009015));
#4696=CARTESIAN_POINT('',(0.0125423291973473,-0.0321208048297063,-0.00373597963424856));
#4697=CARTESIAN_POINT('',(0.0126424005233276,-0.0328178602259609,-0.00415083240678877));
#4698=CARTESIAN_POINT('',(0.0127735107652481,-0.0335625371343411,-0.00479467587072512));
#4699=CARTESIAN_POINT('',(0.0129371757562544,-0.0342336924545012,-0.00572822462692472));
#4700=CARTESIAN_POINT('',(0.0131008541331647,-0.0346454081008425,-0.00680173517639575));
#4701=CARTESIAN_POINT('',(0.0132336605046774,-0.0347749798653446,-0.00777320883842684));
#4702=CARTESIAN_POINT('',(0.0133330754594422,-0.0347397141542606,-0.00858535349712792));
#4703=CARTESIAN_POINT('',(0.0134485437607533,-0.0345668121162476,-0.00942200431431628));
#4704=CARTESIAN_POINT('',(0.0135907724714086,-0.0341795762051648,-0.010352086165613));
#4705=CARTESIAN_POINT('',(0.0137562567654152,-0.0335001215555943,-0.0112848706830932));
#4706=CARTESIAN_POINT('',(0.0139172290458863,-0.0325830896693877,-0.012033216657723));
#4707=CARTESIAN_POINT('',(0.0140556674598895,-0.031562005538853,-0.0125242225689258));
#4708=CARTESIAN_POINT('',(0.0142259885057808,-0.0303752269258454,-0.0127706509762792));
#4709=CARTESIAN_POINT('',(0.0144005783097992,-0.0291562136370033,-0.0127033817572156));
#4710=CARTESIAN_POINT('',(0.0145675561621379,-0.0280154137210629,-0.0123341459788821));
#4711=CARTESIAN_POINT('',(0.0147044965668481,-0.0270556136344028,-0.0117428170745921));
#4712=CARTESIAN_POINT('',(0.014870366628033,-0.0262111439162985,-0.010887272948299));
#4713=CARTESIAN_POINT('',(0.0150449394340526,-0.025604020638223,-0.00982801208475524));
#4714=CARTESIAN_POINT('',(0.01521600219856,-0.0252918794786117,-0.00865889032642006));
#4715=CARTESIAN_POINT('',(0.0153552209935816,-0.025271270016171,-0.00752828927517134));
#4716=CARTESIAN_POINT('',(0.0155147378802955,-0.0255285329335674,-0.00636879814764554));
#4717=CARTESIAN_POINT('',(0.0156801612503338,-0.0260573572395918,-0.00534291783415855));
#4718=CARTESIAN_POINT('',(0.0158227044566242,-0.0267140629869785,-0.00457996478460945));
#4719=CARTESIAN_POINT('',(0.0159389163985677,-0.0273822492281918,-0.00405091417534356));
#4720=CARTESIAN_POINT('',(0.0160389459116133,-0.0280902104305626,-0.00365510125846028));
#4721=CARTESIAN_POINT('',(0.0161701502635416,-0.0290205207084001,-0.00333258517898042));
#4722=CARTESIAN_POINT('',(0.0163338151776974,-0.0301646472963128,-0.00321882963643446));
#4723=CARTESIAN_POINT('',(0.0164974934752081,-0.0313000796382027,-0.00339973498847491));
#4724=CARTESIAN_POINT('',(0.016630213921411,-0.0322057538696077,-0.00377368991989465));
#4725=CARTESIAN_POINT('',(0.016729657247781,-0.0328913066455634,-0.0042107441970631));
#4726=CARTESIAN_POINT('',(0.0168451694580476,-0.033529146023034,-0.00477925039901281));
#4727=CARTESIAN_POINT('',(0.0169874148348689,-0.0341405425438423,-0.00558005115510621));
#4728=CARTESIAN_POINT('',(0.0171528970099722,-0.0346079684768075,-0.00663515105986859));
#4729=CARTESIAN_POINT('',(0.0173137899180716,-0.0347968265639425,-0.00780340452447155));
#4730=CARTESIAN_POINT('',(0.0174522677358809,-0.0347108654574248,-0.0089332654868113));
#4731=CARTESIAN_POINT('',(0.0176226316204509,-0.0343301596470357,-0.0100841177009647));
#4732=CARTESIAN_POINT('',(0.0177972208259592,-0.0336617636046313,-0.0111057622701021));
#4733=CARTESIAN_POINT('',(0.0179641393097837,-0.0327712347233439,-0.0119084715609921));
#4734=CARTESIAN_POINT('',(0.0181010753022649,-0.0317789167051706,-0.0124434690614326));
#4735=CARTESIAN_POINT('',(0.0182670087803866,-0.0306154384534384,-0.0127463701264818));
#4736=CARTESIAN_POINT('',(0.0184415825768996,-0.0293945306628845,-0.0127417659271194));
#4737=CARTESIAN_POINT('',(0.0186126066712878,-0.0282262645837722,-0.0124268470636097));
#4738=CARTESIAN_POINT('',(0.0187517773980221,-0.0272372198361027,-0.0118788860589802));
#4739=CARTESIAN_POINT('',(0.0189113771184695,-0.0263620302770717,-0.0110757006638142));
#4740=CARTESIAN_POINT('',(0.0190768043566007,-0.0257386050377875,-0.0101043933291746));
#4741=CARTESIAN_POINT('',(0.0192193300868993,-0.0254068121775617,-0.00915402746644113));
#4742=CARTESIAN_POINT('',(0.0193355032961082,-0.0252832504214527,-0.00831087131117764));
#4743=CARTESIAN_POINT('',(0.0194354917538002,-0.0252948981223172,-0.00749992603127127));
#4744=CARTESIAN_POINT('',(0.0195667897516757,-0.0254813480854385,-0.00653289772952727));
#4745=CARTESIAN_POINT('',(0.0197304546011559,-0.0259555446744323,-0.00548546903319182));
#4746=CARTESIAN_POINT('',(0.0198941328312236,-0.0266804845810632,-0.00459305980138614));
#4747=CARTESIAN_POINT('',(0.0200267668853637,-0.0274573312154611,-0.00399629066789658));
#4748=CARTESIAN_POINT('',(0.0201262393418952,-0.0281789149787254,-0.00362146340041257));
#4749=CARTESIAN_POINT('',(0.020241795149829,-0.028990423149105,-0.00335378786096812));
#4750=CARTESIAN_POINT('',(0.020384057244174,-0.0299897545469167,-0.00322530354123725));
#4751=CARTESIAN_POINT('',(0.0205495371991133,-0.0311371240219495,-0.00334876526704109));
#4752=CARTESIAN_POINT('',(0.0207103505245955,-0.0322428531869837,-0.00376990624558172));
#4753=CARTESIAN_POINT('',(0.0208488682614862,-0.0331781036873391,-0.00440987501467925));
#4754=CARTESIAN_POINT('',(0.0210192747370037,-0.0339839289227162,-0.0053155622009232));
#4755=CARTESIAN_POINT('',(0.0211938633246801,-0.0345338231607056,-0.006405571110166));
#4756=CARTESIAN_POINT('',(0.0213607221964523,-0.0347829952924143,-0.00757814100767719));
#4757=CARTESIAN_POINT('',(0.0214976543005152,-0.0347495258932877,-0.00870500895587918));
#4758=CARTESIAN_POINT('',(0.0216636509539662,-0.0344293757150669,-0.00986400810101671));
#4759=CARTESIAN_POINT('',(0.0218382257217181,-0.0338142786570757,-0.0109186631496949));
#4760=CARTESIAN_POINT('',(0.0220092108968746,-0.0329569766054668,-0.0117723569002209));
#4761=CARTESIAN_POINT('',(0.0221483340693585,-0.0319876593299107,-0.012354323383428));
#4762=CARTESIAN_POINT('',(0.0223080164157183,-0.0308540928588862,-0.0127100607222598));
#4763=CARTESIAN_POINT('',(0.0224734474208865,-0.0297011652150609,-0.0127635927678126));
#4764=CARTESIAN_POINT('',(0.0226159557259095,-0.0287123802468888,-0.0125751563192906));
#4765=CARTESIAN_POINT('',(0.0227320898898299,-0.0279206944790259,-0.0122601570468581));
#4766=CARTESIAN_POINT('',(0.0228320380498107,-0.0272245069221291,-0.0118442425202998));
#4767=CARTESIAN_POINT('',(0.022963429229428,-0.0264804785018275,-0.0111986882751128));
#4768=CARTESIAN_POINT('',(0.0231270940263973,-0.0258110539364975,-0.0102638923540279));
#4769=CARTESIAN_POINT('',(0.0232907722009879,-0.0254013435750929,-0.00918961661631624));
#4770=CARTESIAN_POINT('',(0.0234233193964457,-0.025273538006098,-0.00821862556562811));
#4771=CARTESIAN_POINT('',(0.0235228217416544,-0.0253101784014855,-0.00740621017083656));
#4772=CARTESIAN_POINT('',(0.0236384208358953,-0.02548463786891,-0.00656960058805405));
#4773=CARTESIAN_POINT('',(0.0237806996990882,-0.0258736122087574,-0.00564010901566658));
#4774=CARTESIAN_POINT('',(0.0239461773326115,-0.0265547929792143,-0.00470862180193364));
#4775=CARTESIAN_POINT('',(0.0241069108653593,-0.0274726505662679,-0.00396226655419228));
#4776=CARTESIAN_POINT('',(0.0242454690365462,-0.0284948915347761,-0.00347281965943463));
#4777=CARTESIAN_POINT('',(0.0244159178552033,-0.0296823918576455,-0.00322850226731428));
#4778=CARTESIAN_POINT('',(0.0245905058057288,-0.0309012682056575,-0.00329804070735465));
#4779=CARTESIAN_POINT('',(0.0247573048220107,-0.0320409590418186,-0.00366916517724816));
#4780=CARTESIAN_POINT('',(0.024894233561474,-0.0329998025320041,-0.00426213046873415));
#4781=CARTESIAN_POINT('',(0.0250602931485393,-0.0338430376622213,-0.00511949430275178));
#4782=CARTESIAN_POINT('',(0.0252348688682721,-0.0344481899219689,-0.00617988898711572));
#4783=CARTESIAN_POINT('',(0.0254058148751541,-0.0347581235198282,-0.00734926483364174));
#4784=CARTESIAN_POINT('',(0.0255448910074996,-0.0347768276721867,-0.00847962062699229));
#4785=CARTESIAN_POINT('',(0.0257046557718166,-0.0345174002970978,-0.00963922257814767));
#4786=CARTESIAN_POINT('',(0.0258700904429544,-0.0339866574812283,-0.010664127559628));
#4787=CARTESIAN_POINT('',(0.0260125813734518,-0.0333286356772086,-0.0114257927090238));
#4788=CARTESIAN_POINT('',(0.0261286761795946,-0.0326597699837538,-0.0119534472795031));
#4789=CARTESIAN_POINT('',(0.0262285847995668,-0.03195131899871,-0.0123479804288167));
#4790=CARTESIAN_POINT('',(0.0263600686965754,-0.031019855135662,-0.0126690764428929));
#4791=CARTESIAN_POINT('',(0.0265237334531894,-0.0298755151169687,-0.0127807099755679));
#4792=CARTESIAN_POINT('',(0.0266874115842779,-0.0287404240505221,-0.0125976850392723));
#4793=CARTESIAN_POINT('',(0.0268198714545685,-0.0278360543545826,-0.0122224452024639));
#4794=CARTESIAN_POINT('',(0.0269194044469277,-0.0271509505145479,-0.011784061999621));
#4795=CARTESIAN_POINT('',(0.027035046516044,-0.026513928589255,-0.011214229196486));
#4796=CARTESIAN_POINT('',(0.0271773421993759,-0.0259039127865158,-0.0104122187549597));
#4797=CARTESIAN_POINT('',(0.0273428174102393,-0.0254384744770582,-0.00935627440213702));
#4798=CARTESIAN_POINT('',(0.0275034709402657,-0.025251752344362,-0.00818830421067702));
#4799=CARTESIAN_POINT('',(0.0276420700609013,-0.0253396426871001,-0.00705821819434012));
#4800=CARTESIAN_POINT('',(0.0278125609748145,-0.0257225372953407,-0.00590779970607516));
#4801=CARTESIAN_POINT('',(0.0279871482688722,-0.0263928291658502,-0.00488740965465314));
#4802=CARTESIAN_POINT('',(0.0281538871863273,-0.0272844361982923,-0.00408660645162872));
#4803=CARTESIAN_POINT('',(0.0282908130850151,-0.0282776955623667,-0.00355325430053223));
#4804=CARTESIAN_POINT('',(0.028456935363874,-0.029442129714854,-0.00325233400852135));
#4805=CARTESIAN_POINT('',(0.0286315120163254,-0.0306630323189657,-0.00325921208252714));
#4806=CARTESIAN_POINT('',(0.0288024186059609,-0.0318304118622808,-0.0035761681664329));
#4807=CARTESIAN_POINT('',(0.0289414482123533,-0.0328182941456286,-0.00412565761953117));
#4808=CARTESIAN_POINT('',(0.0291012951865393,-0.0336924944622012,-0.00493077195766769));
#4809=CARTESIAN_POINT('',(0.0292667334225678,-0.0343141149299277,-0.00590325123195119));
#4810=CARTESIAN_POINT('',(0.0294092070293235,-0.0346441339918949,-0.00685411223748925));
#4811=CARTESIAN_POINT('',(0.0295252621652644,-0.0347661474613592,-0.00769715542652484));
#4812=CARTESIAN_POINT('',(0.0296251320029896,-0.0347531467717194,-0.00850788996161651));
#4813=CARTESIAN_POINT('',(0.0297567081528955,-0.0345648894292865,-0.00947520248115617));
#4814=CARTESIAN_POINT('',(0.0299203728812998,-0.0340887494351518,-0.0105217541371011));
#4815=CARTESIAN_POINT('',(0.0300840509808702,-0.0333621448927439,-0.0114128067118533));
#4816=CARTESIAN_POINT('',(0.0302164230596438,-0.0325848424181784,-0.0120078023013059));
#4817=CARTESIAN_POINT('',(0.0303159874575837,-0.0318623276269297,-0.0123815781982153));
#4818=CARTESIAN_POINT('',(0.0304316721900726,-0.0310500821756646,-0.0126478806625363));
#4819=CARTESIAN_POINT('',(0.0305739847448015,-0.0300503942769339,-0.012774564486383));
#4820=CARTESIAN_POINT('',(0.0307394574317698,-0.0289032893610389,-0.0126489591666186));
#4821=CARTESIAN_POINT('',(0.0309000307492167,-0.0277988756207307,-0.0122261123235688));
#4822=CARTESIAN_POINT('',(0.0310386713343917,-0.0268643928267225,-0.0115843583202525));
#4823=CARTESIAN_POINT('',(0.0312092040956011,-0.0260600402842604,-0.0106769942814393));
#4824=CARTESIAN_POINT('',(0.031383790713877,-0.0255121810877759,-0.0095859722362774));
#4825=CARTESIAN_POINT('',(0.0315504692892702,-0.0252651983490632,-0.00841342486761603));
#4826=CARTESIAN_POINT('',(0.0316873928710125,-0.0253005634775446,-0.0072865615668438));
#4827=CARTESIAN_POINT('',(0.031853577599738,-0.0256229071444968,-0.00612772819603997));
#4828=CARTESIAN_POINT('',(0.032028155165642,-0.0262399700541316,-0.00507421596280583));
#4829=CARTESIAN_POINT('',(0.0321990220891297,-0.0270985903094918,-0.0042223101931488));
#4830=CARTESIAN_POINT('',(0.0323380056838278,-0.0280686522192003,-0.00364211293449558));
#4831=CARTESIAN_POINT('',(0.0324979346596608,-0.0292033922667342,-0.00328819889039418));
#4832=CARTESIAN_POINT('',(0.0326633763594901,-0.0303564304057347,-0.00323681559368254));
#4833=CARTESIAN_POINT('',(0.0328058326933212,-0.031344756513897,-0.00342703580467835));
#4834=CARTESIAN_POINT('',(0.0329218478467019,-0.0321355676140669,-0.00374331737586379));
#4835=CARTESIAN_POINT('',(0.0330216796599999,-0.0328309005770095,-0.00416030056309684));
#4836=CARTESIAN_POINT('',(0.0331533475981646,-0.0335742669200949,-0.00480756042502571));
#4837=CARTESIAN_POINT('',(0.0333170123104988,-0.0342419600023115,-0.00574359954083671));
#4838=CARTESIAN_POINT('',(0.0334806903905333,-0.0346496621812748,-0.0068186376150678));
#4839=CARTESIAN_POINT('',(0.033612974211608,-0.0347757050773091,-0.00778913197028176));
#4840=CARTESIAN_POINT('',(0.0337125707734521,-0.0347376879687275,-0.0086018329082903));
#4841=CARTESIAN_POINT('',(0.0338282978579279,-0.0345616705862986,-0.0094383910568286));
#4842=CARTESIAN_POINT('',(0.0339706273336521,-0.0341709591702262,-0.0103672905088469));
#4843=CARTESIAN_POINT('',(0.0341360974038933,-0.0334880552862348,-0.0112974749919116));
#4844=CARTESIAN_POINT('',(0.0342965902664178,-0.0325693810836273,-0.0120418374883195));
#4845=CARTESIAN_POINT('',(0.0344352729527305,-0.0315459754185702,-0.0125297274393461));
#4846=CARTESIAN_POINT('',(0.0346058468595312,-0.0303577614518141,-0.0127719305098973));
#4847=CARTESIAN_POINT('',(0.0347804344758229,-0.029139029523331,-0.0127001199187181));
#4848=CARTESIAN_POINT('',(0.0349470461472549,-0.0280004453347929,-0.0123271249661905));
#4849=CARTESIAN_POINT('',(0.0350839915178411,-0.0270425891481266,-0.0117324725381503));
#4850=CARTESIAN_POINT('',(0.0352501504453457,-0.0262004562525193,-0.0108734658290498));
#4851=CARTESIAN_POINT('',(0.0354153403089006,-0.0256312841124202,-0.00987030751039471));
#4852=CARTESIAN_POINT('',(0.0355853836522246,-0.0252971814446136,-0.00871184228101146));
#4853=CARTESIAN_POINT('',(0.0356835860678943,-0.025273889550668,-0.00794374009174515));
#4854=CARTESIAN_POINT('',(0.0357380755337955,-0.0253192614512851,-0.00750713569330914));
#4855=CARTESIAN_POINT('',(-0.00593106163046191,-0.0272475889671904,-0.0114050093284615));
#4856=CARTESIAN_POINT('',(-0.00582930376665427,-0.0266867890547391,-0.0109546684132901));
#4857=CARTESIAN_POINT('',(-0.00565262610544215,-0.0259926870412442,-0.0100161254904251));
#4858=CARTESIAN_POINT('',(-0.00542443645232774,-0.025622762707762,-0.00856358600075685));
#4859=CARTESIAN_POINT('',(-0.00528503423710092,-0.025615049825888,-0.00751362124328524));
#4860=CARTESIAN_POINT('',(-0.00512582278235625,-0.0258656933490291,-0.00643946226563217));
#4861=CARTESIAN_POINT('',(-0.00496041123747423,-0.0263672362165092,-0.00549208014010435));
#4862=CARTESIAN_POINT('',(-0.00481780410387479,-0.0269848668702606,-0.0047901880198281));
#4863=CARTESIAN_POINT('',(-0.00470144114429827,-0.0276109869287149,-0.0043055587443653));
#4864=CARTESIAN_POINT('',(-0.00460127974982471,-0.028272289069962,-0.00394537244500832));
#4865=CARTESIAN_POINT('',(-0.0044704079620987,-0.0291395164559383,-0.00365519200310344));
#4866=CARTESIAN_POINT('',(-0.00430674529007921,-0.0302032100506956,-0.00356119666961266));
#4867=CARTESIAN_POINT('',(-0.00414306542460372,-0.0312558468728522,-0.00374068833815169));
#4868=CARTESIAN_POINT('',(-0.00401001592074782,-0.0320934402247836,-0.00409743896385654));
#4869=CARTESIAN_POINT('',(-0.00391069726734891,-0.0327253078716207,-0.00451009225092356));
#4870=CARTESIAN_POINT('',(-0.00379533843568756,-0.0333119681114298,-0.00504452711202368));
#4871=CARTESIAN_POINT('',(-0.00365315735534658,-0.0338715890628572,-0.00579439730367053));
#4872=CARTESIAN_POINT('',(-0.00348766378798727,-0.0342950183524473,-0.00677904120824963));
#4873=CARTESIAN_POINT('',(-0.00332647201951308,-0.0344584738112078,-0.00786616959620024));
#4874=CARTESIAN_POINT('',(-0.00318815306117388,-0.0343671646701171,-0.00891426760073253));
#4875=CARTESIAN_POINT('',(-0.00301794182588172,-0.034001965946265,-0.00997922311380842));
#4876=CARTESIAN_POINT('',(-0.00284334982487208,-0.03337085569171,-0.01092124743991));
#4877=CARTESIAN_POINT('',(-0.00267620460703739,-0.0325354602211333,-0.0116577669260525));
#4878=CARTESIAN_POINT('',(-0.00253926667206632,-0.0316086493132374,-0.0121443703799298));
#4879=CARTESIAN_POINT('',(-0.00237356120934836,-0.030525101027993,-0.0124139108010783));
#4880=CARTESIAN_POINT('',(-0.00219899126214485,-0.0293912901142569,-0.0123972476353167));
#4881=CARTESIAN_POINT('',(-0.00202781613606605,-0.0283093580515637,-0.0120928254505484));
#4882=CARTESIAN_POINT('',(-0.00188848280905875,-0.0273965829159323,-0.0115738844241247));
#4883=CARTESIAN_POINT('',(-0.00172918268521111,-0.026591963511669,-0.010819192296979));
#4884=CARTESIAN_POINT('',(-0.00156376820150314,-0.0260228408571633,-0.00991078251071247));
#4885=CARTESIAN_POINT('',(-0.00142117847022949,-0.0257243500893851,-0.00902480729514181));
#4886=CARTESIAN_POINT('',(-0.00130485313561995,-0.0256181885298902,-0.00824029408114733));
#4887=CARTESIAN_POINT('',(-0.00120473555991043,-0.0256373265948982,-0.00748757099103029));
#4888=CARTESIAN_POINT('',(-0.00107376844048677,-0.0258201970328752,-0.00659135392116125));
#4889=CARTESIAN_POINT('',(-0.000910105867899993,-0.026271240854083,-0.00562344827176975));
#4890=CARTESIAN_POINT('',(-0.00074642610586224,-0.0269535144927854,-0.00480200851734307));
#4891=CARTESIAN_POINT('',(-0.000613461297618963,-0.0276814053279113,-0.00425555673737314));
#4892=CARTESIAN_POINT('',(-0.000514116289035646,-0.0283549874876086,-0.00391499964558289));
#4893=CARTESIAN_POINT('',(-0.000398712725656877,-0.0291113778569783,-0.00367458076695573));
#4894=CARTESIAN_POINT('',(-0.000256515109156008,-0.0300406995895371,-0.00356542856671267));
#4895=CARTESIAN_POINT('',(-9.10233833803009E-5,-0.0311050532373325,-0.00369171273726022));
#4896=CARTESIAN_POINT('',(7.00895647781809E-5,-0.0321278501365769,-0.00409424595968934));
#4897=CARTESIAN_POINT('',(0.000208446550149059,-0.0329896296238402,-0.00469791880768847));
#4898=CARTESIAN_POINT('',(0.000378701285480759,-0.0337288491684292,-0.00554718367845509));
#4899=CARTESIAN_POINT('',(0.000553292749235725,-0.0342284780421339,-0.00656506108186898));
#4900=CARTESIAN_POINT('',(0.000720379243274421,-0.0344479465601695,-0.00765678254125718));
#4901=CARTESIAN_POINT('',(0.000857311364556484,-0.0344053658634864,-0.00870271544060817));
#4902=CARTESIAN_POINT('',(0.00102308088663279,-0.0340963419696233,-0.00977580976702087));
#4903=CARTESIAN_POINT('',(0.00119765188541421,-0.0335144005354657,-0.0107490277191277));
#4904=CARTESIAN_POINT('',(0.00136878900458885,-0.0327093928136493,-0.0115332402617755));
#4905=CARTESIAN_POINT('',(0.00150807288772402,-0.0318033671241682,-0.0120637047702212));
#4906=CARTESIAN_POINT('',(0.00166745639473847,-0.0307471157902009,-0.0123826126279509));
#4907=CARTESIAN_POINT('',(0.00183287502337803,-0.029675820136191,-0.0124206165553517));
#4908=CARTESIAN_POINT('',(0.00197544714964418,-0.0287594453437752,-0.0122355790242956));
#4909=CARTESIAN_POINT('',(0.0020917345757069,-0.0280272293815402,-0.011934865057553));
#4910=CARTESIAN_POINT('',(0.00219180908038748,-0.0273851929315072,-0.0115416043984678));
#4911=CARTESIAN_POINT('',(0.00232287107289201,-0.0267006886330315,-0.0109345977351214));
#4912=CARTESIAN_POINT('',(0.00248653355654992,-0.0260885198949661,-0.010059649681268));
#4913=CARTESIAN_POINT('',(0.00265021322753848,-0.0257188925097321,-0.00905783368245403));
#4914=CARTESIAN_POINT('',(0.00278309287290905,-0.0256101422924396,-0.00815439187810884));
#4915=CARTESIAN_POINT('',(0.00288246499538742,-0.0256524280819003,-0.00740069481300857));
#4916=CARTESIAN_POINT('',(0.00299791297940211,-0.0258228967328414,-0.00662545053906449));
#4917=CARTESIAN_POINT('',(0.00314012718352848,-0.0261935650071968,-0.00576624712661907));
#4918=CARTESIAN_POINT('',(0.00330561696642784,-0.0268356369502609,-0.00490803973140438));
#4919=CARTESIAN_POINT('',(0.00346665088362679,-0.0276958878251539,-0.00422415773952385));
#4920=CARTESIAN_POINT('',(0.00360504641150281,-0.0286499261215126,-0.00378015746471549));
#4921=CARTESIAN_POINT('',(0.00377534439937289,-0.0297552367699706,-0.00356526333544955));
#4922=CARTESIAN_POINT('',(0.0039499353065422,-0.030886508405905,-0.00364221275030096));
#4923=CARTESIAN_POINT('',(0.00411696283293033,-0.0319413508502278,-0.00399858901968433));
#4924=CARTESIAN_POINT('',(0.00425388966432863,-0.0328255633950091,-0.00455893426225139));
#4925=CARTESIAN_POINT('',(0.00441972300447511,-0.0335999895198728,-0.00536366307345795));
#4926=CARTESIAN_POINT('',(0.00459429503559328,-0.03415123604783,-0.00635459209093913));
#4927=CARTESIAN_POINT('',(0.00476539389852579,-0.0344271956210734,-0.00744392616073655));
#4928=CARTESIAN_POINT('',(0.0049046288516164,-0.0344329900724368,-0.00849371708344463));
#4929=CARTESIAN_POINT('',(0.0050640955343765,-0.0341803760030815,-0.00956793805921768));
#4930=CARTESIAN_POINT('',(0.00522951820692808,-0.033677050082203,-0.0105144004042897));
#4931=CARTESIAN_POINT('',(0.00537207277879767,-0.0330582126555891,-0.0112150821667695));
#4932=CARTESIAN_POINT('',(0.00548832198355307,-0.0324314733944525,-0.0116984078415781));
#4933=CARTESIAN_POINT('',(0.00558835417468984,-0.031769734543246,-0.0120574002546171));
#4934=CARTESIAN_POINT('',(0.00571951057649168,-0.0309014470047979,-0.0123462507878222));
#4935=CARTESIAN_POINT('',(0.00588317298342144,-0.0298375769659009,-0.0124382728177862));
#4936=CARTESIAN_POINT('',(0.00604685257529327,-0.0287852782907754,-0.0122568165486568));
#4937=CARTESIAN_POINT('',(0.00617964659075306,-0.027948908574617,-0.011898882763404));
#4938=CARTESIAN_POINT('',(0.00627904658578902,-0.0273174737165769,-0.0114850043205944));
#4939=CARTESIAN_POINT('',(0.00639453867928842,-0.0267315848697936,-0.0109493440104061));
#4940=CARTESIAN_POINT('',(0.00653676952247106,-0.0261732587168455,-0.0101983646598964));
#4941=CARTESIAN_POINT('',(0.00670225726120965,-0.0257516836955866,-0.00921295597029699));
#4942=CARTESIAN_POINT('',(0.00686321193693323,-0.0255902103728366,-0.00812611138672402));
#4943=CARTESIAN_POINT('',(0.00700164652272943,-0.0256833115734975,-0.00707782682517905));
#4944=CARTESIAN_POINT('',(0.00717198751555912,-0.026050539402423,-0.00601329483617627));
#4945=CARTESIAN_POINT('',(0.00734657784681401,-0.0266833977973202,-0.00507245470252926));
#4946=CARTESIAN_POINT('',(0.00751354616179669,-0.0275197768657341,-0.00433771668273347));
#4947=CARTESIAN_POINT('',(0.0076504682271259,-0.0284474418069886,-0.00385265096987627));
#4948=CARTESIAN_POINT('',(0.00781636514394669,-0.029531859376888,-0.00358495953418641));
#4949=CARTESIAN_POINT('',(0.00799093818815618,-0.0306656426289459,-0.00360373446642637));
#4950=CARTESIAN_POINT('',(0.00816199854557757,-0.031746731450846,-0.00391004115415759));
#4951=CARTESIAN_POINT('',(0.00830118508252814,-0.0326584093313945,-0.00443038711202122));
#4952=CARTESIAN_POINT('',(0.00846073473347826,-0.0334620916750619,-0.00518686162833411));
#4953=CARTESIAN_POINT('',(0.00862616134891002,-0.0340295261719367,-0.00609634217059602));
#4954=CARTESIAN_POINT('',(0.00876869841702791,-0.0343263648377459,-0.00698275898110206));
#4955=CARTESIAN_POINT('',(0.00888490908777895,-0.0344310883051933,-0.00776715324951319));
#4956=CARTESIAN_POINT('',(0.00898489972292046,-0.0344106980970539,-0.00851966231043507));
#4957=CARTESIAN_POINT('',(0.00911615007008963,-0.0342261451770765,-0.00941612804846458));
#4958=CARTESIAN_POINT('',(0.00927981241248224,-0.0337733051624813,-0.0103831990667606));
#4959=CARTESIAN_POINT('',(0.00944349193717883,-0.033089499532143,-0.0112033624577279));
#4960=CARTESIAN_POINT('',(0.0095761998558224,-0.032361200204851,-0.01174816176646));
#4961=CARTESIAN_POINT('',(0.00967562848203958,-0.0316867691199484,-0.0120877331810914));
#4962=CARTESIAN_POINT('',(0.00979116437379981,-0.0309297058545627,-0.012326869606925));
#4963=CARTESIAN_POINT('',(0.00993341190743633,-0.0300000716648597,-0.0124343459849367));
#4964=CARTESIAN_POINT('',(0.0100988975007376,-0.0289359847428107,-0.0123060735632559));
#4965=CARTESIAN_POINT('',(0.0102597727245984,-0.0279144266471287,-0.0119019678109008));
#4966=CARTESIAN_POINT('',(0.0103982468836706,-0.027053379776367,-0.0112966478948388));
#4967=CARTESIAN_POINT('',(0.0105686306338038,-0.0263155440354721,-0.0104458392633154));
#4968=CARTESIAN_POINT('',(0.0107432203698178,-0.0258178153934012,-0.00942704136688699));
#4969=CARTESIAN_POINT('',(0.0109101292297402,-0.0256003810645196,-0.00833536178156909));
#4970=CARTESIAN_POINT('',(0.0110470470528237,-0.0256447206577105,-0.00728945553928257));
#4971=CARTESIAN_POINT('',(0.0112130073048156,-0.0259557805602867,-0.00621653587723824));
#4972=CARTESIAN_POINT('',(0.0113875813428668,-0.026539536261361,-0.00524439904432036));
#4973=CARTESIAN_POINT('',(0.0115586029455774,-0.0273457517611101,-0.00446186048868593));
#4974=CARTESIAN_POINT('',(0.0116977415803687,-0.0282524475811552,-0.00393304711494097));
#4975=CARTESIAN_POINT('',(0.0118573739918189,-0.029309771808003,-0.00361584391161613));
#4976=CARTESIAN_POINT('',(0.0120228044490869,-0.0303811487839917,-0.00357983714499804));
#4977=CARTESIAN_POINT('',(0.0121653240641319,-0.0312970792450386,-0.00376652626235361));
#4978=CARTESIAN_POINT('',(0.0122814958882453,-0.032028470668788,-0.00406842422811711));
#4979=CARTESIAN_POINT('',(0.0123814457250026,-0.0326696997700652,-0.00446266444793452));
#4980=CARTESIAN_POINT('',(0.0125127895534632,-0.0333535739909582,-0.00507125086883011));
#4981=CARTESIAN_POINT('',(0.0126764518435,-0.0339641216095952,-0.00594733592454571));
#4982=CARTESIAN_POINT('',(0.0128401313129719,-0.0343318767485963,-0.00694983959201688));
#4983=CARTESIAN_POINT('',(0.0129727526680269,-0.0344389927795871,-0.00785280457580102));
#4984=CARTESIAN_POINT('',(0.0130722106840092,-0.0343954282239288,-0.00860674857242767));
#4985=CARTESIAN_POINT('',(0.0131877900627339,-0.0342235123747898,-0.00938193120467582));
#4986=CARTESIAN_POINT('',(0.0133300543381888,-0.0338512369933199,-0.0102405667358821));
#4987=CARTESIAN_POINT('',(0.0134955376847844,-0.0332075774835725,-0.0110975473495044));
#4988=CARTESIAN_POINT('',(0.0136563332465236,-0.0323465869971155,-0.0117795696271534));
#4989=CARTESIAN_POINT('',(0.0137948474941675,-0.0313914861029693,-0.0122221125902822));
#4990=CARTESIAN_POINT('',(0.0139652737538714,-0.0302855331581145,-0.0124350351627841));
#4991=CARTESIAN_POINT('',(0.0141398628753204,-0.0291544159423855,-0.0123559799889682));
#4992=CARTESIAN_POINT('',(0.014306712036628,-0.02810062921618,-0.0119978648316595));
#4993=CARTESIAN_POINT('',(0.014443626141297,-0.0272173170362012,-0.0114360082285354));
#4994=CARTESIAN_POINT('',(0.0146096494868498,-0.0264440628198899,-0.0106296049303573));
#4995=CARTESIAN_POINT('',(0.014784224499489,-0.0258946604365573,-0.00963764655793219));
#4996=CARTESIAN_POINT('',(0.014955207098359,-0.0256207544197474,-0.00854810652557169));
#4997=CARTESIAN_POINT('',(0.015094298345047,-0.0256167246197143,-0.00749855825172224));
#4998=CARTESIAN_POINT('',(0.0152540133091734,-0.0258713520014897,-0.00642426330296453));
#4999=CARTESIAN_POINT('',(0.0154194475072219,-0.0263764470456975,-0.00547873065398215));
#5000=CARTESIAN_POINT('',(0.0155619497199065,-0.0269964922884388,-0.00477926011741481));
#5001=CARTESIAN_POINT('',(0.0156780823848133,-0.0276238417198865,-0.00429724168270241));
#5002=CARTESIAN_POINT('',(0.0157779921808587,-0.0282860291589533,-0.0039394358044616));
#5003=CARTESIAN_POINT('',(0.0159094290263897,-0.0291553662416813,-0.00365192361191926));
#5004=CARTESIAN_POINT('',(0.0160730912762423,-0.03021940922195,-0.00356187357924711));
#5005=CARTESIAN_POINT('',(0.0162367707024491,-0.0312713660946114,-0.00374529541601637));
#5006=CARTESIAN_POINT('',(0.0163693050272772,-0.0321065025880855,-0.00410440286953978));
#5007=CARTESIAN_POINT('',(0.0164687931915672,-0.032737515531431,-0.00451951510933205));
#5008=CARTESIAN_POINT('',(0.0165844157458882,-0.0333226246041741,-0.00505639642294328));
#5009=CARTESIAN_POINT('',(0.0167266968144929,-0.0338796551273759,-0.0058084829764067));
#5010=CARTESIAN_POINT('',(0.0168921778131226,-0.0342993729748052,-0.00679465149498967));
#5011=CARTESIAN_POINT('',(0.0170528935026105,-0.0344588668228252,-0.00788120398123085));
#5012=CARTESIAN_POINT('',(0.0171914483540611,-0.0343639715922131,-0.00892968263370439));
#5013=CARTESIAN_POINT('',(0.0173619168755261,-0.0339947154725308,-0.0099937820848074));
#5014=CARTESIAN_POINT('',(0.0175365053630885,-0.0333601115037798,-0.0109334343991748));
#5015=CARTESIAN_POINT('',(0.0177032945823276,-0.0325227571430502,-0.0116663875741667));
#5016=CARTESIAN_POINT('',(0.0178402054924203,-0.0315942311734159,-0.0121499190215607));
#5017=CARTESIAN_POINT('',(0.0180062916898172,-0.0305089519586483,-0.0124157567359633));
#5018=CARTESIAN_POINT('',(0.0181808676577865,-0.0293752008129388,-0.0123948700590506));
#5019=CARTESIAN_POINT('',(0.0183518110037561,-0.0282949629811027,-0.0120866835080248));
#5020=CARTESIAN_POINT('',(0.0184908553764716,-0.0273843751749267,-0.0115649296456982));
#5021=CARTESIAN_POINT('',(0.0186506526853168,-0.0265816381902901,-0.0108066754807138));
#5022=CARTESIAN_POINT('',(0.0188160905230781,-0.026015894164381,-0.00989612943122268));
#5023=CARTESIAN_POINT('',(0.0189585753841488,-0.0257207087378326,-0.00900927283899074));
#5024=CARTESIAN_POINT('',(0.0190746685773449,-0.0256174219998792,-0.0082250068920366));
#5025=CARTESIAN_POINT('',(0.0191745390904108,-0.0256390639442041,-0.00747269798457443));
#5026=CARTESIAN_POINT('',(0.0193060684886463,-0.0258253013267553,-0.00657599694008766));
#5027=CARTESIAN_POINT('',(0.019469730710477,-0.0262799346494179,-0.00560976294492981));
#5028=CARTESIAN_POINT('',(0.0196334101053872,-0.0269652712772934,-0.0047908795623182));
#5029=CARTESIAN_POINT('',(0.0197658569334846,-0.0276939660790542,-0.00424773626234996));
#5030=CARTESIAN_POINT('',(0.0198653760045828,-0.0283692590194762,-0.0039091454521399));
#5031=CARTESIAN_POINT('',(0.0199810414230604,-0.0291269871322965,-0.00367129650285892));
#5032=CARTESIAN_POINT('',(0.020123339336113,-0.0300569316702476,-0.00356549568771028));
#5033=CARTESIAN_POINT('',(0.0202888178855251,-0.031120746121462,-0.00369575639152421));
#5034=CARTESIAN_POINT('',(0.0204494534927614,-0.0321410595723208,-0.0041014282154636));
#5035=CARTESIAN_POINT('',(0.0205880494631917,-0.0330013793547958,-0.00470840068495898));
#5036=CARTESIAN_POINT('',(0.0207585599985325,-0.033737823899573,-0.00556074785422333));
#5037=CARTESIAN_POINT('',(0.020933147832889,-0.0342336504567969,-0.00658046220566852));
#5038=CARTESIAN_POINT('',(0.021099876866707,-0.0344490518357518,-0.00767209103772058));
#5039=CARTESIAN_POINT('',(0.0212367851060679,-0.034402952841996,-0.00871797841762629));
#5040=CARTESIAN_POINT('',(0.0214029339134858,-0.0340898566618219,-0.00979071442968924));
#5041=CARTESIAN_POINT('',(0.0215775108175235,-0.0335042889392835,-0.0107617663075338));
#5042=CARTESIAN_POINT('',(0.0217484146616035,-0.0326968735596701,-0.0115426264964485));
#5043=CARTESIAN_POINT('',(0.0218874126745508,-0.0317895014343044,-0.012069793454426));
#5044=CARTESIAN_POINT('',(0.0220472921200239,-0.0307311108463208,-0.0123852861951628));
#5045=CARTESIAN_POINT('',(0.0222127334964188,-0.0296596582495145,-0.0124192964291228));
#5046=CARTESIAN_POINT('',(0.0223552010566558,-0.0287441742592475,-0.0122309556485013));
#5047=CARTESIAN_POINT('',(0.022471254465702,-0.0280136148032149,-0.0119278795622917));
#5048=CARTESIAN_POINT('',(0.0225710864535799,-0.0273731808428851,-0.0115326531735786));
#5049=CARTESIAN_POINT('',(0.0227027079400105,-0.0266899492546956,-0.010922491980322));
#5050=CARTESIAN_POINT('',(0.0228663701459714,-0.0260810233802978,-0.010045273617224));
#5051=CARTESIAN_POINT('',(0.023030049521563,-0.0257151431448687,-0.00904208496795387));
#5052=CARTESIAN_POINT('',(0.0231624083865609,-0.025609657835222,-0.00813960984094462));
#5053=CARTESIAN_POINT('',(0.0232619591229246,-0.0256545032547419,-0.00738540518205861));
#5054=CARTESIAN_POINT('',(0.023377667094048,-0.025827866614427,-0.00661029367477262));
#5055=CARTESIAN_POINT('',(0.0235199819028133,-0.0262017478231234,-0.00575222772030854));
#5056=CARTESIAN_POINT('',(0.0236854579017649,-0.0268469920474653,-0.00489647887579537));
#5057=CARTESIAN_POINT('',(0.0238460132168785,-0.0277087136306186,-0.00421631812965784));
#5058=CARTESIAN_POINT('',(0.0239846508213996,-0.0286648846419267,-0.0037752304489957));
#5059=CARTESIAN_POINT('',(0.0241552031226545,-0.0297714716576033,-0.00356428321259013));
#5060=CARTESIAN_POINT('',(0.0243297902844888,-0.0309024300300716,-0.00364544372646489));
#5061=CARTESIAN_POINT('',(0.0244964588896345,-0.031955153976772,-0.00400529224967717));
#5062=CARTESIAN_POINT('',(0.0246333649821135,-0.0328375722812246,-0.00456866456099148));
#5063=CARTESIAN_POINT('',(0.0247995761576232,-0.0336096466778196,-0.00537673807459033));
#5064=CARTESIAN_POINT('',(0.0249741539784637,-0.0341572027214891,-0.0063697219369442));
#5065=CARTESIAN_POINT('',(0.0251450180717356,-0.0344290553506212,-0.00745945890322423));
#5066=CARTESIAN_POINT('',(0.0252839702391924,-0.0344313214823547,-0.00850877223692292));
#5067=CARTESIAN_POINT('',(0.0254439316130692,-0.0341746790357227,-0.00958313259408859));
#5068=CARTESIAN_POINT('',(0.0256093764270073,-0.0336678182683855,-0.0105277309282053));
#5069=CARTESIAN_POINT('',(0.0257518267372244,-0.0330465662139781,-0.0112259883478542));
#5070=CARTESIAN_POINT('',(0.0258678400497472,-0.0324186154223978,-0.0117066960611762));
#5071=CARTESIAN_POINT('',(0.0259676342702866,-0.0317559675552911,-0.0120633226506837));
#5072=CARTESIAN_POINT('',(0.0260993473802594,-0.030885591536693,-0.0123494881377453));
#5073=CARTESIAN_POINT('',(0.0262630095824935,-0.0298213791246535,-0.0124375674826586));
#5074=CARTESIAN_POINT('',(0.0264266889507532,-0.0287697677119448,-0.0122521791239977));
#5075=CARTESIAN_POINT('',(0.0265589593864187,-0.0279358739831237,-0.0118919075349804));
#5076=CARTESIAN_POINT('',(0.0266585425464607,-0.0273052721281217,-0.0114755527958513));
#5077=CARTESIAN_POINT('',(0.0267742927586487,-0.0267209511922522,-0.010937454962676));
#5078=CARTESIAN_POINT('',(0.0269166245143583,-0.0261652171257772,-0.0101842631625483));
#5079=CARTESIAN_POINT('',(0.0270820978616149,-0.0257473593393255,-0.00919733978256112));
#5080=CARTESIAN_POINT('',(0.0272425726748651,-0.0255898422712566,-0.00811108767124461));
#5081=CARTESIAN_POINT('',(0.0273812524285243,-0.0256865335501244,-0.00706240740498282));
#5082=CARTESIAN_POINT('',(0.0275518462476569,-0.0260578171080367,-0.00599874950466905));
#5083=CARTESIAN_POINT('',(0.0277264327176548,-0.0266941640724258,-0.00506028862769916));
#5084=CARTESIAN_POINT('',(0.0278930406509789,-0.027532485408905,-0.00432912363977113));
#5085=CARTESIAN_POINT('',(0.0280299451204304,-0.0284618794240652,-0.00384712302654736));
#5086=CARTESIAN_POINT('',(0.0281962184219974,-0.0295480126213387,-0.00358314373873777));
#5087=CARTESIAN_POINT('',(0.028370797140371,-0.0306817272159637,-0.00360614212390325));
#5088=CARTESIAN_POINT('',(0.0285416212339879,-0.0317611063304108,-0.00391620386737474));
#5089=CARTESIAN_POINT('',(0.0286805280703038,-0.0326706112229949,-0.00443936865217077));
#5090=CARTESIAN_POINT('',(0.0288405711642275,-0.0334723945578093,-0.00519939968912788));
#5091=CARTESIAN_POINT('',(0.0290060193146071,-0.0340364458196093,-0.00611100598917463));
#5092=CARTESIAN_POINT('',(0.029148452425652,-0.0343299768724021,-0.0069983005466512));
#5093=CARTESIAN_POINT('',(0.0292644253293439,-0.0344318282848765,-0.00778242880438874));
#5094=CARTESIAN_POINT('',(0.0293641825404508,-0.0344089349336714,-0.00853455143584914));
#5095=CARTESIAN_POINT('',(0.0294959868091704,-0.0342210111689345,-0.00943147441335274));
#5096=CARTESIAN_POINT('',(0.0296596490198106,-0.0337645874288716,-0.0103968690044394));
#5097=CARTESIAN_POINT('',(0.0298233283927347,-0.0330777208099153,-0.0112144687342482));
#5098=CARTESIAN_POINT('',(0.0299555099329712,-0.0323486435647058,-0.0117559525484243));
#5099=CARTESIAN_POINT('',(0.0300551262750588,-0.0316724758095307,-0.0120935677548969));
#5100=CARTESIAN_POINT('',(0.0301709184166598,-0.0309140909217861,-0.0123301242387803));
#5101=CARTESIAN_POINT('',(0.0303132671705117,-0.0299838381426684,-0.0124342497543186));
#5102=CARTESIAN_POINT('',(0.0304787377648484,-0.0289203019081619,-0.0123020007590411));
#5103=CARTESIAN_POINT('',(0.0306391318666241,-0.0279012389133079,-0.0118947693431366));
#5104=CARTESIAN_POINT('',(0.0307778542844053,-0.0270416407245047,-0.0112861387989241));
#5105=CARTESIAN_POINT('',(0.0309484893733035,-0.0263065947482994,-0.01043225834753));
#5106=CARTESIAN_POINT('',(0.031123075132154,-0.0258126721157221,-0.00941163158484639));
#5107=CARTESIAN_POINT('',(0.0312896221506093,-0.0255993024106154,-0.00832006237666661));
#5108=CARTESIAN_POINT('',(0.0314265255208916,-0.0256471613583839,-0.00727418606751648));
#5109=CARTESIAN_POINT('',(0.0315928607063757,-0.0259622940473068,-0.00620164269528121));
#5110=CARTESIAN_POINT('',(0.0317674403030096,-0.0265496715331786,-0.0052316796011227));
#5111=CARTESIAN_POINT('',(0.0319382241481956,-0.0273582788786131,-0.00445250212401815));
#5112=CARTESIAN_POINT('',(0.0320770861677918,-0.0282663335129778,-0.0039269769026779));
#5113=CARTESIAN_POINT('',(0.032237210773273,-0.0293257839028535,-0.00361320040794398));
#5114=CARTESIAN_POINT('',(0.0324026621589816,-0.0303973064226007,-0.00358118605708189));
#5115=CARTESIAN_POINT('',(0.0325450781217354,-0.031312341801244,-0.00377117857387635));
#5116=CARTESIAN_POINT('',(0.0326610103043553,-0.032042061888135,-0.00407542687015441));
#5117=CARTESIAN_POINT('',(0.0327607312639919,-0.0326817128778802,-0.00447164610396299));
#5118=CARTESIAN_POINT('',(0.0328926262265198,-0.033364289298655,-0.00508337702575692));
#5119=CARTESIAN_POINT('',(0.0330562884576931,-0.0339715928163014,-0.00596172500269734));
#5120=CARTESIAN_POINT('',(0.0332199678472759,-0.0343355954973846,-0.00696559593645514));
#5121=CARTESIAN_POINT('',(0.0333520600261554,-0.0344394536097131,-0.00786756818923005));
#5122=CARTESIAN_POINT('',(0.0334517103085489,-0.0343933251517315,-0.00862204723009445));
#5123=CARTESIAN_POINT('',(0.0335675440680237,-0.0342185140116499,-0.00939707812564369));
#5124=CARTESIAN_POINT('',(0.0337099098696054,-0.0338430282555724,-0.0102545728140451));
#5125=CARTESIAN_POINT('',(0.0338753776179468,-0.0331962022007437,-0.011109084898359));
#5126=CARTESIAN_POINT('',(0.0340356907671384,-0.0323337579890625,-0.0117873823858398));
#5127=CARTESIAN_POINT('',(0.0341744564818581,-0.0313765095134724,-0.0122270165669466));
#5128=CARTESIAN_POINT('',(0.0343451321523726,-0.0302692959748975,-0.0124359854649811));
#5129=CARTESIAN_POINT('',(0.0345197188227218,-0.0291385034639225,-0.0123527172699443));
#5130=CARTESIAN_POINT('',(0.034686198555509,-0.0280868396404601,-0.0119911512850412));
#5131=CARTESIAN_POINT('',(0.0348231242199474,-0.0272053449197729,-0.0114262202327527));
#5132=CARTESIAN_POINT('',(0.0349894356971016,-0.0264343232501745,-0.0106166250312746));
#5133=CARTESIAN_POINT('',(0.035154618072922,-0.0259194086094722,-0.0096773337393573));
#5134=CARTESIAN_POINT('',(0.0353246180163173,-0.0256249353339902,-0.00859719864101609));
#5135=CARTESIAN_POINT('',(0.0354226671884296,-0.0256136574277419,-0.00788438319888988));
#5136=CARTESIAN_POINT('',(0.0354772092300714,-0.025661613116079,-0.00747927297819172));
#5137=CARTESIAN_POINT('',(-0.00490123355072783,-0.0253970573430355,-0.0107856897739084));
#5138=CARTESIAN_POINT('',(-0.00482115793407653,-0.0248769223351561,-0.0097664552813455));
#5139=CARTESIAN_POINT('',(-0.00467654748056381,-0.0244961231488839,-0.00741373419749005));
#5140=CARTESIAN_POINT('',(-0.00441804430762782,-0.026237589937653,-0.00425088551877724));
#5141=CARTESIAN_POINT('',(-0.0041772131580576,-0.0296172529500007,-0.00291110014337666));
#5142=CARTESIAN_POINT('',(-0.00398885324055412,-0.0318940197677948,-0.00376114792661532));
#5143=CARTESIAN_POINT('',(-0.00389999986499362,-0.0327405052026579,-0.00453825216562056));
#5144=CARTESIAN_POINT('',(-0.010375,1.38777878078145E-17,0.));
#5145=CARTESIAN_POINT('',(-0.001,-4.88869245146789E-5,-1.7347234759768E-18));
#5146=CARTESIAN_POINT('',(0.03375,2.08166817117217E-17,0.));
#5147=CARTESIAN_POINT('',(0.03225,-0.03,0.015));
#5148=CARTESIAN_POINT('',(0.03225,2.08166817117217E-17,0.015));
#5149=CARTESIAN_POINT('',(0.03225,2.08166817117217E-17,0.01425));
#5150=CARTESIAN_POINT('',(0.03225,2.08166817117217E-17,0.006));
#5151=CARTESIAN_POINT('',(0.03225,-0.03,0.006));
#5152=CARTESIAN_POINT('',(0.03225,-0.06,0.006));
#5153=CARTESIAN_POINT('',(0.03225,-0.06,0.015));
#5154=CARTESIAN_POINT('',(0.03225,-0.06,0.01425));
#5155=CARTESIAN_POINT('',(0.03225,-0.03,0.01425));
#5156=CARTESIAN_POINT('',(0.03375,2.08166817117217E-17,0.015));
#5157=CARTESIAN_POINT('',(0.0315,2.08166817117217E-17,0.01425));
#5158=CARTESIAN_POINT('',(0.0315,2.08166817117217E-17,0.015));
#5159=CARTESIAN_POINT('',(0.0315,2.08166817117217E-17,0.01575));
#5160=CARTESIAN_POINT('',(0.03075,0.,0.01575));
#5161=CARTESIAN_POINT('',(0.03075,0.,0.018));
#5162=CARTESIAN_POINT('',(0.03075,0.,0.016));
#5163=CARTESIAN_POINT('',(0.03275,2.08166817117217E-17,0.016));
#5164=CARTESIAN_POINT('',(0.03275,2.08166817117217E-17,0.018));
#5165=CARTESIAN_POINT('',(0.03375,2.08166817117217E-17,0.018));
#5166=CARTESIAN_POINT('',(0.03375,2.08166817117217E-17,0.006));
#5167=CARTESIAN_POINT('',(0.03375,-0.06,0.015));
#5168=CARTESIAN_POINT('',(0.03375,-0.06,0.));
#5169=CARTESIAN_POINT('',(0.03375,-0.06,0.018));
#5170=CARTESIAN_POINT('',(0.03275,-0.06,0.018));
#5171=CARTESIAN_POINT('',(0.03275,-0.06,0.016));
#5172=CARTESIAN_POINT('',(0.03075,-0.06,0.016));
#5173=CARTESIAN_POINT('',(0.03075,-0.06,0.018));
#5174=CARTESIAN_POINT('',(0.03075,-0.06,0.01575));
#5175=CARTESIAN_POINT('',(0.0315,-0.06,0.01575));
#5176=CARTESIAN_POINT('',(0.0315,-0.06,0.015));
#5177=CARTESIAN_POINT('',(0.0315,-0.06,0.01425));
#5178=CARTESIAN_POINT('',(0.03375,-0.06,0.006));
#5179=CARTESIAN_POINT('',(-0.010375,1.38777878078145E-17,0.006));
#5180=CARTESIAN_POINT('',(0.03075,-0.03,0.018));
#5181=CARTESIAN_POINT('',(0.03075,0.,0.01575));
#5182=CARTESIAN_POINT('',(0.03075,-0.03,0.016));
#5183=CARTESIAN_POINT('',(0.033,-0.03,0.018));
#5184=CARTESIAN_POINT('',(0.03275,-0.03,0.018));
#5185=CARTESIAN_POINT('',(0.03525,-0.03,0.018));
#5186=CARTESIAN_POINT('',(0.0315,-0.03,0.01425));
#5187=CARTESIAN_POINT('',(0.0315,-0.03,0.015));
#5188=CARTESIAN_POINT('',(0.0315,-0.03,0.01575));
#5189=CARTESIAN_POINT('',(0.03275,-0.03,0.016));
#5190=CARTESIAN_POINT('',(-0.001,-0.0130435884109153,-0.00746800383941237));
#5191=CARTESIAN_POINT('',(-0.001,-0.0260382898973158,-0.0149360076788247));
#5192=CARTESIAN_POINT('',(-0.001,-0.0470052985135994,-0.00746800383941237));
#5193=CARTESIAN_POINT('',(-0.001,-0.0340105970271987,-0.0149360076788247));
#5194=CARTESIAN_POINT('',(-0.001,-0.0300244434622573,-0.00799990041787271));
#5195=CARTESIAN_POINT('',(-0.006,-0.0300244434622573,-0.00799990041787271));
#5196=CARTESIAN_POINT('',(-0.04125,-0.05,0.0042));
#5197=CARTESIAN_POINT('',(-0.04125,-0.05,0.0042));
#5198=CARTESIAN_POINT('',(-0.04125,-0.055,0.0042));
#5199=CARTESIAN_POINT('',(-0.04125,-0.055,0.0042));
#5200=CARTESIAN_POINT('',(-0.04125,-0.055,0.003));
#5201=CARTESIAN_POINT('',(-0.04125,-0.055,0.003));
#5202=CARTESIAN_POINT('',(-0.04125,-0.0555409123485376,0.0019288259566254));
#5203=CARTESIAN_POINT('',(-0.04125,-0.0555409123485376,0.0019288259566254));
#5204=CARTESIAN_POINT('',(-0.04125,-0.03,-0.00499991908940053));
#5205=CARTESIAN_POINT('',(-0.04125,-0.0438,-0.0005));
#5206=CARTESIAN_POINT('',(-0.04125,-0.0438,-0.00204971486084201));
#5207=CARTESIAN_POINT('',(-0.04125,-0.045,-0.00204971486084201));
#5208=CARTESIAN_POINT('',(-0.04125,-0.0455409123485377,-0.00312088890421659));
#5209=CARTESIAN_POINT('',(-0.04125,-0.0496704561742688,-0.00103558702168729));
#5210=CARTESIAN_POINT('',(-0.04125,-0.01,0.0042));
#5211=CARTESIAN_POINT('',(-0.04125,-0.01,0.0042));
#5212=CARTESIAN_POINT('',(-0.04125,-0.015,0.0042));
#5213=CARTESIAN_POINT('',(-0.04125,-0.015,0.0042));
#5214=CARTESIAN_POINT('',(-0.04125,-0.015,0.003));
#5215=CARTESIAN_POINT('',(-0.04125,-0.015,0.003));
#5216=CARTESIAN_POINT('',(-0.04125,-0.0162,0.003));
#5217=CARTESIAN_POINT('',(-0.04125,-0.0162,0.003));
#5218=CARTESIAN_POINT('',(-0.04125,-0.03,-0.00499991908940053));
#5219=CARTESIAN_POINT('',(-0.04125,-0.0103295438257311,-0.00103558702168729));
#5220=CARTESIAN_POINT('',(-0.04125,-0.0144590876514623,-0.00312088890421659));
#5221=CARTESIAN_POINT('',(-0.04125,-0.015,-0.00204971486084201));
#5222=CARTESIAN_POINT('',(-0.04125,-0.0162,-0.00204971486084201));
#5223=CARTESIAN_POINT('',(-0.04125,-0.0162,-0.0005));
#5224=CARTESIAN_POINT('',(0.0390707547169811,-0.03,0.0156226415094339));
#5225=CARTESIAN_POINT('',(0.0390707547169811,-0.04,0.0156226415094339));
#5226=CARTESIAN_POINT('',(0.0428915094339622,-0.04,0.0132452830188679));
#5227=CARTESIAN_POINT('',(0.0428915094339622,-0.03,0.0132452830188679));
#5228=CARTESIAN_POINT('',(0.0428915094339622,-0.03,0.0132452830188679));
#5229=CARTESIAN_POINT('',(0.0390707547169811,-0.03,0.0156226415094339));
#5230=CARTESIAN_POINT('',(0.0390707547169812,-0.03,0.00237735849056604));
#5231=CARTESIAN_POINT('',(0.0390707547169812,-0.04,0.00237735849056604));
#5232=CARTESIAN_POINT('',(0.0428915094339622,-0.04,0.00475471698113208));
#5233=CARTESIAN_POINT('',(0.0390707547169812,-0.03,0.00237735849056604));
#5234=CARTESIAN_POINT('',(0.0428915094339622,-0.03,0.00475471698113208));
#5235=CARTESIAN_POINT('',(0.0428915094339622,-0.03,0.00475471698113208));
#5236=CARTESIAN_POINT('',(0.04025,-0.03,0.009));
#5237=CARTESIAN_POINT('',(0.04025,-0.04,0.009));
#5238=CARTESIAN_POINT('',(0.04025,-0.03,0.009));
#5239=CARTESIAN_POINT('',(0.04025,-0.03,0.009));
#5240=CARTESIAN_POINT('',(0.04025,-0.04,0.009));
#5241=CARTESIAN_POINT('',(0.04025,-0.04,0.00685));
#5242=CARTESIAN_POINT('',(0.019625,-0.03,0.009));
#5243=CARTESIAN_POINT('',(0.04025,-0.03,0.009));
#5244=CARTESIAN_POINT('',(0.04025,-0.03,0.013));
#5245=CARTESIAN_POINT('',(0.019625,-0.04,0.009));
#5246=CARTESIAN_POINT('',(0.04025,-0.035,0.009));
#5247=CARTESIAN_POINT('',(0.04025,-0.035,0.009));
#5248=CARTESIAN_POINT('',(0.04025,-0.035,0.012));
#5249=CARTESIAN_POINT('',(0.04025,-0.035,0.009));
#5250=CARTESIAN_POINT('',(0.04025,-0.035,0.009));
#5251=CARTESIAN_POINT('',(0.04025,-0.035,0.013));
#5252=CARTESIAN_POINT('',(0.04375,-0.035,0.009));
#5253=CARTESIAN_POINT('',(-0.04125,-0.0162,-0.0005));
#5254=CARTESIAN_POINT('',(-0.04125,-0.0162,-0.00204971486084201));
#5255=CARTESIAN_POINT('',(-0.04125,-0.0103295438257311,-0.00103558702168729));
#5256=CARTESIAN_POINT('',(-0.04125,-0.0144590876514623,-0.00312088890421659));
#5257=CARTESIAN_POINT('',(-0.04125,-0.0438,-0.0005));
#5258=CARTESIAN_POINT('',(-0.04125,-0.0438,-0.00204971486084201));
#5259=CARTESIAN_POINT('',(-0.04125,-0.0496704561742688,-0.00103558702168729));
#5260=CARTESIAN_POINT('',(-0.04125,-0.0455409123485377,-0.00312088890421659));
#5261=CARTESIAN_POINT('',(-0.04125,-0.045,-0.00204971486084201));
#5262=CARTESIAN_POINT('',(-0.04125,-0.015,-0.00204971486084201));
#5263=MECHANICAL_DESIGN_GEOMETRIC_PRESENTATION_REPRESENTATION('',(#780),
#5264);
#5264=(
GEOMETRIC_REPRESENTATION_CONTEXT(3)
GLOBAL_UNCERTAINTY_ASSIGNED_CONTEXT((#5265))
GLOBAL_UNIT_ASSIGNED_CONTEXT((#5268,#5267,#5266))
REPRESENTATION_CONTEXT('Phone Holder Female','TOP_LEVEL_ASSEMBLY_PART')
);
#5265=UNCERTAINTY_MEASURE_WITH_UNIT(LENGTH_MEASURE(2.E-5),#5268,
'DISTANCE_ACCURACY_VALUE','Maximum Tolerance applied to model');
#5266=(
NAMED_UNIT(*)
SI_UNIT($,.STERADIAN.)
SOLID_ANGLE_UNIT()
);
#5267=(
NAMED_UNIT(*)
PLANE_ANGLE_UNIT()
SI_UNIT($,.RADIAN.)
);
#5268=(
LENGTH_UNIT()
NAMED_UNIT(*)
SI_UNIT($,.METRE.)
);
#5269=PRODUCT_DEFINITION_SHAPE('','',#5270);
#5270=PRODUCT_DEFINITION('','',#5272,#5271);
#5271=PRODUCT_DEFINITION_CONTEXT('',#5278,'design');
#5272=PRODUCT_DEFINITION_FORMATION_WITH_SPECIFIED_SOURCE('','',#5274,
 .NOT_KNOWN.);
#5273=PRODUCT_RELATED_PRODUCT_CATEGORY('','',(#5274));
#5274=PRODUCT('Phone Holder Female','Phone Holder Female',
'Phone Holder Female',(#5276));
#5275=PRODUCT_CATEGORY('','');
#5276=PRODUCT_CONTEXT('',#5278,'mechanical');
#5277=APPLICATION_PROTOCOL_DEFINITION('international standard',
'ap242_managed_model_based_3d_engineering',2020,#5278);
#5278=APPLICATION_CONTEXT('managed model based 3d engineering');
ENDSEC;
END-ISO-10303-21;
