ISO-10303-21;
HEADER;
/* Generated by software containing ST-Developer
 * from STEP Tools, Inc. (www.steptools.com) 
 */
/* OPTION: using custom renumber hook */

FILE_DESCRIPTION(
/* description */ ('STEP AP242 Edition 2',
'CAx-IF Rec.Pracs.---Representation and Presentation of Product Manufa
cturing Information (PMI)---4.0---2014-10-13',
'CAx-IF Rec.Pracs.---3D Tessellated Geometry---0.4---2014-09-14','2;1',
'CAx-IF Rec.Pracs.---User Defined Attributes---1.5---2016-08-15'),
/* implementation_level */ '2;1');

FILE_NAME(
/* name */ 'Assembly 1 - Screw 2',
/* time_stamp */ '2026-07-26T17:36:16Z',
/* author */ (''),
/* organization */ (''),
/* preprocessor_version */ 'ST-DEVELOPER v20',
/* originating_system */ 'ONSHAPE BY PTC INC, 1.218',
/* authorisation */ '  ');

FILE_SCHEMA (('AP242_MANAGED_MODEL_BASED_3D_ENGINEERING_MIM_LF { 1 0 10303 442 3 1 4 }'));
ENDSEC;

DATA;
#10=SHAPE_REPRESENTATION_RELATIONSHIP('','',#290,#11);
#11=ADVANCED_BREP_SHAPE_REPRESENTATION('',(#288),#1370);
#12=TOROIDAL_SURFACE('',#317,0.0145,0.0075);
#13=TOROIDAL_SURFACE('',#318,0.0145,0.0075);
#14=CONICAL_SURFACE('',#309,0.009,1.25778819142685);
#15=(
BOUNDED_SURFACE()
B_SPLINE_SURFACE(1,2,((#673,#674,#675,#676,#677,#678,#679,#680,#681,#682,
#683,#684,#685,#686,#687,#688,#689,#690,#691,#692,#693,#694,#695,#696,#697,
#698,#699,#700,#701,#702,#703,#704,#705,#706,#707,#708,#709,#710,#711,#712,
#713,#714,#715,#716,#717,#718,#719,#720,#721,#722,#723,#724,#725,#726,#727,
#728,#729,#730,#731,#732,#733,#734,#735,#736,#737,#738,#739,#740,#741,#742,
#743,#744,#745,#746,#747,#748,#749,#750,#751,#752,#753,#754,#755,#756,#757,
#758,#759,#760,#761,#762,#763,#764,#765,#766,#767,#768,#769,#770,#771,#772,
#773,#774,#775,#776,#777,#778,#779),(#780,#781,#782,#783,#784,#785,#786,
#787,#788,#789,#790,#791,#792,#793,#794,#795,#796,#797,#798,#799,#800,#801,
#802,#803,#804,#805,#806,#807,#808,#809,#810,#811,#812,#813,#814,#815,#816,
#817,#818,#819,#820,#821,#822,#823,#824,#825,#826,#827,#828,#829,#830,#831,
#832,#833,#834,#835,#836,#837,#838,#839,#840,#841,#842,#843,#844,#845,#846,
#847,#848,#849,#850,#851,#852,#853,#854,#855,#856,#857,#858,#859,#860,#861,
#862,#863,#864,#865,#866,#867,#868,#869,#870,#871,#872,#873,#874,#875,#876,
#877,#878,#879,#880,#881,#882,#883,#884,#885,#886)),.UNSPECIFIED.,.F.,.F.,
 .F.)
B_SPLINE_SURFACE_WITH_KNOTS((2,2),(3,2,2,2,2,2,2,2,2,2,2,2,2,2,2,2,2,2,
2,2,2,2,2,2,2,2,2,2,2,2,2,2,2,2,2,2,2,2,2,2,2,2,2,2,2,2,2,2,2,2,2,2,2,3),
(0.142767386002738,1.),(0.,0.0185185185185185,0.037037037037037,0.0555555555555556,
0.0740740740740741,0.0925925925925926,0.111111111111111,0.12962962962963,
0.148148148148148,0.166666666666667,0.185185185185185,0.203703703703703,
0.222222222222222,0.240740740740741,0.25925925925926,0.277777777777778,
0.296296296296297,0.314814814814815,0.333333333333334,0.351851851851852,
0.370370370370371,0.388888888888889,0.407407407407407,0.425925925925926,
0.444444444444444,0.462962962962963,0.481481481481482,0.5,0.518518518518519,
0.537037037037037,0.555555555555556,0.574074074074074,0.592592592592593,
0.611111111111111,0.62962962962963,0.648148148148148,0.666666666666667,
0.685185185185185,0.703703703703704,0.722222222222222,0.740740740740741,
0.759259259259259,0.777777777777778,0.796296296296296,0.814814814814815,
0.833333333333333,0.851851851851852,0.87037037037037,0.888888888888889,
0.907407407407407,0.925925925925926,0.944444444444444,0.962962962962963,
0.972632859096405),.PIECEWISE_BEZIER_KNOTS.)
GEOMETRIC_REPRESENTATION_ITEM()
RATIONAL_B_SPLINE_SURFACE(((1.,0.866025403784439,1.,0.866025403784439,1.,
0.866025403784439,1.,0.866025403784439,1.,0.866025403784439,1.,0.866025403784439,
1.,0.866025403784439,1.,0.866025403784439,1.,0.866025403784439,1.,0.866025403784439,
1.,0.866025403784439,1.,0.866025403784439,1.,0.866025403784439,1.,0.866025403784439,
1.,0.866025403784439,1.,0.866025403784439,1.,0.866025403784439,1.,0.866025403784439,
1.,0.866025403784439,1.,0.866025403784439,1.,0.866025403784439,1.,0.866025403784439,
1.,0.866025403784439,1.,0.866025403784439,1.,0.866025403784439,1.,0.866025403784439,
1.,0.866025403784439,1.,0.866025403784439,1.,0.866025403784439,1.,0.866025403784439,
1.,0.866025403784439,1.,0.866025403784439,1.,0.866025403784439,1.,0.866025403784439,
1.,0.866025403784439,1.,0.866025403784439,1.,0.866025403784439,1.,0.866025403784439,
1.,0.866025403784439,1.,0.866025403784439,1.,0.866025403784439,1.,0.866025403784439,
1.,0.866025403784439,1.,0.866025403784439,1.,0.866025403784439,1.,0.866025403784439,
1.,0.866025403784439,1.,0.866025403784439,1.,0.866025403784439,1.,0.866025403784439,
1.,0.866025403784439,1.,0.866025403784439,1.,0.930041896784093,0.933144453481547),
(1.,0.866025403784439,1.,0.866025403784439,1.,0.866025403784439,1.,0.866025403784439,
1.,0.866025403784439,1.,0.866025403784439,1.,0.866025403784439,1.,0.866025403784439,
1.,0.866025403784439,1.,0.866025403784439,1.,0.866025403784439,1.,0.866025403784439,
1.,0.866025403784439,1.,0.866025403784439,1.,0.866025403784439,1.,0.866025403784439,
1.,0.866025403784439,1.,0.866025403784439,1.,0.866025403784439,1.,0.866025403784439,
1.,0.866025403784439,1.,0.866025403784439,1.,0.866025403784439,1.,0.866025403784439,
1.,0.866025403784439,1.,0.866025403784439,1.,0.866025403784439,1.,0.866025403784439,
1.,0.866025403784439,1.,0.866025403784439,1.,0.866025403784439,1.,0.866025403784439,
1.,0.866025403784439,1.,0.866025403784439,1.,0.866025403784439,1.,0.866025403784439,
1.,0.866025403784439,1.,0.866025403784439,1.,0.866025403784439,1.,0.866025403784439,
1.,0.866025403784439,1.,0.866025403784439,1.,0.866025403784439,1.,0.866025403784439,
1.,0.866025403784439,1.,0.866025403784439,1.,0.866025403784439,1.,0.866025403784439,
1.,0.866025403784439,1.,0.866025403784439,1.,0.866025403784439,1.,0.866025403784439,
1.,0.930041896784093,0.933144453481547)))
REPRESENTATION_ITEM('')
SURFACE()
);
#16=(
BOUNDED_SURFACE()
B_SPLINE_SURFACE(1,2,((#1114,#1115,#1116,#1117,#1118,#1119,#1120,#1121,
#1122,#1123,#1124,#1125,#1126,#1127,#1128,#1129,#1130,#1131,#1132,#1133,
#1134,#1135,#1136,#1137,#1138,#1139,#1140,#1141,#1142,#1143,#1144,#1145,
#1146,#1147,#1148,#1149,#1150,#1151,#1152,#1153,#1154,#1155,#1156,#1157,
#1158,#1159,#1160,#1161,#1162,#1163,#1164,#1165,#1166,#1167,#1168,#1169,
#1170,#1171,#1172,#1173,#1174,#1175,#1176,#1177,#1178,#1179,#1180,#1181,
#1182,#1183,#1184,#1185,#1186,#1187,#1188,#1189,#1190,#1191,#1192,#1193,
#1194,#1195,#1196,#1197,#1198,#1199,#1200,#1201,#1202,#1203,#1204,#1205,
#1206,#1207,#1208,#1209,#1210,#1211,#1212,#1213,#1214,#1215,#1216,#1217,
#1218),(#1219,#1220,#1221,#1222,#1223,#1224,#1225,#1226,#1227,#1228,#1229,
#1230,#1231,#1232,#1233,#1234,#1235,#1236,#1237,#1238,#1239,#1240,#1241,
#1242,#1243,#1244,#1245,#1246,#1247,#1248,#1249,#1250,#1251,#1252,#1253,
#1254,#1255,#1256,#1257,#1258,#1259,#1260,#1261,#1262,#1263,#1264,#1265,
#1266,#1267,#1268,#1269,#1270,#1271,#1272,#1273,#1274,#1275,#1276,#1277,
#1278,#1279,#1280,#1281,#1282,#1283,#1284,#1285,#1286,#1287,#1288,#1289,
#1290,#1291,#1292,#1293,#1294,#1295,#1296,#1297,#1298,#1299,#1300,#1301,
#1302,#1303,#1304,#1305,#1306,#1307,#1308,#1309,#1310,#1311,#1312,#1313,
#1314,#1315,#1316,#1317,#1318,#1319,#1320,#1321,#1322,#1323)),
 .UNSPECIFIED.,.F.,.F.,.F.)
B_SPLINE_SURFACE_WITH_KNOTS((2,2),(3,2,2,2,2,2,2,2,2,2,2,2,2,2,2,2,2,2,
2,2,2,2,2,2,2,2,2,2,2,2,2,2,2,2,2,2,2,2,2,2,2,2,2,2,2,2,2,2,2,2,2,2,3),
(0.,0.857232613993979),(0.0500482122391208,0.0555555555555556,0.0740740740740741,
0.0925925925925926,0.111111111111111,0.12962962962963,0.148148148148148,
0.166666666666667,0.185185185185185,0.203703703703703,0.222222222222222,
0.240740740740741,0.25925925925926,0.277777777777778,0.296296296296297,
0.314814814814815,0.333333333333334,0.351851851851852,0.370370370370371,
0.388888888888889,0.407407407407407,0.425925925925926,0.444444444444444,
0.462962962962963,0.481481481481482,0.5,0.518518518518519,0.537037037037037,
0.555555555555556,0.574074074074074,0.592592592592593,0.611111111111111,
0.62962962962963,0.648148148148148,0.666666666666667,0.685185185185185,
0.703703703703704,0.722222222222222,0.740740740740741,0.759259259259259,
0.777777777777778,0.796296296296296,0.814814814814815,0.833333333333333,
0.851851851851852,0.87037037037037,0.888888888888889,0.907407407407407,
0.925925925925926,0.944444444444444,0.962962962962963,0.981481481481482,
1.),.PIECEWISE_BEZIER_KNOTS.)
GEOMETRIC_REPRESENTATION_ITEM()
RATIONAL_B_SPLINE_SURFACE(((0.944011523851042,0.96015641875985,1.,0.866025403784439,
1.,0.866025403784439,1.,0.866025403784439,1.,0.866025403784439,1.,0.866025403784439,
1.,0.866025403784439,1.,0.866025403784439,1.,0.866025403784439,1.,0.866025403784439,
1.,0.866025403784439,1.,0.866025403784439,1.,0.866025403784439,1.,0.866025403784439,
1.,0.866025403784439,1.,0.866025403784439,1.,0.866025403784439,1.,0.866025403784439,
1.,0.866025403784439,1.,0.866025403784439,1.,0.866025403784439,1.,0.866025403784439,
1.,0.866025403784439,1.,0.866025403784439,1.,0.866025403784439,1.,0.866025403784439,
1.,0.866025403784439,1.,0.866025403784439,1.,0.866025403784439,1.,0.866025403784439,
1.,0.866025403784439,1.,0.866025403784439,1.,0.866025403784439,1.,0.866025403784439,
1.,0.866025403784439,1.,0.866025403784439,1.,0.866025403784439,1.,0.866025403784439,
1.,0.866025403784439,1.,0.866025403784439,1.,0.866025403784439,1.,0.866025403784439,
1.,0.866025403784439,1.,0.866025403784439,1.,0.866025403784439,1.,0.866025403784439,
1.,0.866025403784439,1.,0.866025403784439,1.,0.866025403784439,1.,0.866025403784439,
1.,0.866025403784439,1.,0.866025403784439,1.),(0.944011523851042,0.96015641875985,
1.,0.866025403784439,1.,0.866025403784439,1.,0.866025403784439,1.,0.866025403784439,
1.,0.866025403784439,1.,0.866025403784439,1.,0.866025403784439,1.,0.866025403784439,
1.,0.866025403784439,1.,0.866025403784439,1.,0.866025403784439,1.,0.866025403784439,
1.,0.866025403784439,1.,0.866025403784439,1.,0.866025403784439,1.,0.866025403784439,
1.,0.866025403784439,1.,0.866025403784439,1.,0.866025403784439,1.,0.866025403784439,
1.,0.866025403784439,1.,0.866025403784439,1.,0.866025403784439,1.,0.866025403784439,
1.,0.866025403784439,1.,0.866025403784439,1.,0.866025403784439,1.,0.866025403784439,
1.,0.866025403784439,1.,0.866025403784439,1.,0.866025403784439,1.,0.866025403784439,
1.,0.866025403784439,1.,0.866025403784439,1.,0.866025403784439,1.,0.866025403784439,
1.,0.866025403784439,1.,0.866025403784439,1.,0.866025403784439,1.,0.866025403784439,
1.,0.866025403784439,1.,0.866025403784439,1.,0.866025403784439,1.,0.866025403784439,
1.,0.866025403784439,1.,0.866025403784439,1.,0.866025403784439,1.,0.866025403784439,
1.,0.866025403784439,1.,0.866025403784439,1.,0.866025403784439,1.)))
REPRESENTATION_ITEM('')
SURFACE()
);
#17=B_SPLINE_CURVE_WITH_KNOTS('',3,(#646,#647,#648,#649,#650,#651,#652,
#653,#654,#655),.UNSPECIFIED.,.F.,.F.,(4,1,1,1,1,1,1,4),(6.93889390390723E-18,
0.00280041822623446,0.00560083645246892,0.00840125467870338,0.0112016729049378,
0.0140020911311723,0.0168025093574068,0.0224033458098757),.UNSPECIFIED.);
#18=B_SPLINE_CURVE_WITH_KNOTS('',3,(#659,#660,#661,#662,#663,#664),
 .UNSPECIFIED.,.F.,.F.,(4,1,1,4),(0.,0.00463142598309288,0.00694713897463931,
0.00926285196618575),.UNSPECIFIED.);
#19=B_SPLINE_CURVE_WITH_KNOTS('',3,(#887,#888,#889,#890,#891,#892),
 .UNSPECIFIED.,.F.,.F.,(4,1,1,4),(6.93889390390723E-18,0.00392890733605508,
0.00589336100408261,0.00785781467211015),.UNSPECIFIED.);
#20=B_SPLINE_CURVE_WITH_KNOTS('',3,(#1329,#1330,#1331,#1332,#1333,#1334,
#1335),.UNSPECIFIED.,.F.,.F.,(4,1,1,1,4),(0.,0.00294454377957194,0.00588908755914387,
0.00883363133871581,0.0117781751182877),.UNSPECIFIED.);
#21=B_SPLINE_CURVE_WITH_KNOTS('',3,(#1339,#1340,#1341,#1342,#1343,#1344,
#1345),.UNSPECIFIED.,.F.,.F.,(4,1,1,1,4),(0.,0.00294451713496818,0.00588903426993636,
0.00883355140490454,0.0117780685398727),.UNSPECIFIED.);
#22=B_SPLINE_CURVE_WITH_KNOTS('',3,(#1350,#1351,#1352,#1353,#1354,#1355,
#1356),.UNSPECIFIED.,.F.,.F.,(4,1,1,1,4),(0.,0.00294451713496816,0.00588903426993632,
0.00883355140490449,0.0117780685398726),.UNSPECIFIED.);
#23=B_SPLINE_CURVE_WITH_KNOTS('',3,(#1357,#1358,#1359,#1360,#1361,#1362,
#1363),.UNSPECIFIED.,.F.,.F.,(4,1,1,1,4),(0.,0.00294454377957193,0.00588908755914385,
0.00883363133871578,0.0117781751182877),.UNSPECIFIED.);
#24=(
BOUNDED_CURVE()
B_SPLINE_CURVE(2,(#402,#403,#404,#405,#406,#407,#408,#409,#410,#411,#412,
#413,#414,#415,#416,#417,#418,#419,#420,#421,#422,#423,#424,#425,#426,#427,
#428,#429,#430,#431,#432,#433,#434,#435,#436,#437,#438,#439,#440,#441,#442,
#443,#444,#445,#446,#447,#448,#449,#450,#451,#452,#453,#454,#455,#456,#457,
#458,#459,#460,#461,#462,#463,#464,#465,#466,#467,#468,#469,#470,#471,#472,
#473,#474,#475,#476,#477,#478,#479,#480,#481,#482,#483,#484,#485,#486,#487,
#488,#489,#490,#491,#492,#493,#494,#495,#496,#497,#498,#499,#500,#501,#502,
#503,#504,#505,#506,#507,#508,#509,#510),.UNSPECIFIED.,.F.,.F.)
B_SPLINE_CURVE_WITH_KNOTS((3,2,2,2,2,2,2,2,2,2,2,2,2,2,2,2,2,2,2,2,2,2,
2,2,2,2,2,2,2,2,2,2,2,2,2,2,2,2,2,2,2,2,2,2,2,2,2,2,2,2,2,2,2,2,3),(0.,
0.0185185185185185,0.037037037037037,0.0555555555555556,0.0740740740740741,
0.0925925925925926,0.111111111111111,0.12962962962963,0.148148148148148,
0.166666666666667,0.185185185185185,0.203703703703703,0.222222222222222,
0.240740740740741,0.25925925925926,0.277777777777778,0.296296296296297,
0.314814814814815,0.333333333333334,0.351851851851852,0.370370370370371,
0.388888888888889,0.407407407407407,0.425925925925926,0.444444444444444,
0.462962962962963,0.481481481481482,0.5,0.518518518518519,0.537037037037037,
0.555555555555556,0.574074074074074,0.592592592592593,0.611111111111111,
0.62962962962963,0.648148148148148,0.666666666666667,0.685185185185185,
0.703703703703704,0.722222222222222,0.740740740740741,0.759259259259259,
0.777777777777778,0.796296296296296,0.814814814814815,0.833333333333333,
0.851851851851852,0.87037037037037,0.888888888888889,0.907407407407407,
0.925925925925926,0.944444444444444,0.962962962962963,0.981481481481482,
1.),.PIECEWISE_BEZIER_KNOTS.)
CURVE()
GEOMETRIC_REPRESENTATION_ITEM()
RATIONAL_B_SPLINE_CURVE((1.,0.866025403784439,1.,0.866025403784439,1.,0.866025403784439,
1.,0.866025403784439,1.,0.866025403784439,1.,0.866025403784439,1.,0.866025403784439,
1.,0.866025403784439,1.,0.866025403784439,1.,0.866025403784439,1.,0.866025403784439,
1.,0.866025403784439,1.,0.866025403784439,1.,0.866025403784439,1.,0.866025403784439,
1.,0.866025403784439,1.,0.866025403784439,1.,0.866025403784439,1.,0.866025403784439,
1.,0.866025403784439,1.,0.866025403784439,1.,0.866025403784439,1.,0.866025403784439,
1.,0.866025403784439,1.,0.866025403784439,1.,0.866025403784439,1.,0.866025403784439,
1.,0.866025403784439,1.,0.866025403784439,1.,0.866025403784439,1.,0.866025403784439,
1.,0.866025403784439,1.,0.866025403784439,1.,0.866025403784439,1.,0.866025403784439,
1.,0.866025403784439,1.,0.866025403784439,1.,0.866025403784439,1.,0.866025403784439,
1.,0.866025403784439,1.,0.866025403784439,1.,0.866025403784439,1.,0.866025403784439,
1.,0.866025403784439,1.,0.866025403784439,1.,0.866025403784439,1.,0.866025403784439,
1.,0.866025403784439,1.,0.866025403784439,1.,0.866025403784439,1.,0.866025403784439,
1.,0.866025403784439,1.,0.866025403784439,1.,0.866025403784439,1.))
REPRESENTATION_ITEM('')
);
#25=(
BOUNDED_CURVE()
B_SPLINE_CURVE(2,(#517,#518,#519,#520,#521,#522,#523,#524,#525,#526,#527,
#528,#529,#530,#531,#532,#533,#534,#535,#536,#537,#538,#539,#540,#541,#542,
#543,#544,#545,#546,#547,#548,#549,#550,#551,#552,#553,#554,#555,#556,#557,
#558,#559,#560,#561,#562,#563,#564,#565,#566,#567,#568,#569,#570,#571,#572,
#573,#574,#575,#576,#577,#578,#579,#580,#581,#582,#583,#584,#585,#586,#587,
#588,#589,#590,#591,#592,#593,#594,#595,#596,#597,#598,#599,#600,#601,#602,
#603,#604,#605,#606,#607,#608,#609,#610,#611,#612,#613,#614,#615,#616,#617,
#618,#619,#620,#621,#622,#623,#624,#625),.UNSPECIFIED.,.F.,.F.)
B_SPLINE_CURVE_WITH_KNOTS((3,2,2,2,2,2,2,2,2,2,2,2,2,2,2,2,2,2,2,2,2,2,
2,2,2,2,2,2,2,2,2,2,2,2,2,2,2,2,2,2,2,2,2,2,2,2,2,2,2,2,2,2,2,2,3),(0.,
0.0185185185185185,0.037037037037037,0.0555555555555556,0.0740740740740741,
0.0925925925925926,0.111111111111111,0.12962962962963,0.148148148148148,
0.166666666666667,0.185185185185185,0.203703703703703,0.222222222222222,
0.240740740740741,0.25925925925926,0.277777777777778,0.296296296296297,
0.314814814814815,0.333333333333334,0.351851851851852,0.370370370370371,
0.388888888888889,0.407407407407407,0.425925925925926,0.444444444444444,
0.462962962962963,0.481481481481482,0.5,0.518518518518519,0.537037037037037,
0.555555555555556,0.574074074074074,0.592592592592593,0.611111111111111,
0.62962962962963,0.648148148148148,0.666666666666667,0.685185185185185,
0.703703703703704,0.722222222222222,0.740740740740741,0.759259259259259,
0.777777777777778,0.796296296296296,0.814814814814815,0.833333333333333,
0.851851851851852,0.87037037037037,0.888888888888889,0.907407407407407,
0.925925925925926,0.944444444444444,0.962962962962963,0.981481481481482,
1.),.PIECEWISE_BEZIER_KNOTS.)
CURVE()
GEOMETRIC_REPRESENTATION_ITEM()
RATIONAL_B_SPLINE_CURVE((1.,0.866025403784439,1.,0.866025403784439,1.,0.866025403784439,
1.,0.866025403784439,1.,0.866025403784439,1.,0.866025403784439,1.,0.866025403784439,
1.,0.866025403784439,1.,0.866025403784439,1.,0.866025403784439,1.,0.866025403784439,
1.,0.866025403784439,1.,0.866025403784439,1.,0.866025403784439,1.,0.866025403784439,
1.,0.866025403784439,1.,0.866025403784439,1.,0.866025403784439,1.,0.866025403784439,
1.,0.866025403784439,1.,0.866025403784439,1.,0.866025403784439,1.,0.866025403784439,
1.,0.866025403784439,1.,0.866025403784439,1.,0.866025403784439,1.,0.866025403784439,
1.,0.866025403784439,1.,0.866025403784439,1.,0.866025403784439,1.,0.866025403784439,
1.,0.866025403784439,1.,0.866025403784439,1.,0.866025403784439,1.,0.866025403784439,
1.,0.866025403784439,1.,0.866025403784439,1.,0.866025403784439,1.,0.866025403784439,
1.,0.866025403784439,1.,0.866025403784439,1.,0.866025403784439,1.,0.866025403784439,
1.,0.866025403784439,1.,0.866025403784439,1.,0.866025403784439,1.,0.866025403784439,
1.,0.866025403784439,1.,0.866025403784439,1.,0.866025403784439,1.,0.866025403784439,
1.,0.866025403784439,1.,0.866025403784439,1.,0.866025403784439,1.))
REPRESENTATION_ITEM('')
);
#26=(
BOUNDED_CURVE()
B_SPLINE_CURVE(2,(#894,#895,#896,#897,#898,#899,#900,#901,#902,#903,#904,
#905,#906,#907,#908,#909,#910,#911,#912,#913,#914,#915,#916,#917,#918,#919,
#920,#921,#922,#923,#924,#925,#926,#927,#928,#929,#930,#931,#932,#933,#934,
#935,#936,#937,#938,#939,#940,#941,#942,#943,#944,#945,#946,#947,#948,#949,
#950,#951,#952,#953,#954,#955,#956,#957,#958,#959,#960,#961,#962,#963,#964,
#965,#966,#967,#968,#969,#970,#971,#972,#973,#974,#975,#976,#977,#978,#979,
#980,#981,#982,#983,#984,#985,#986,#987,#988,#989,#990,#991,#992,#993,#994,
#995,#996,#997,#998,#999,#1000,#1001,#1002),.UNSPECIFIED.,.F.,.F.)
B_SPLINE_CURVE_WITH_KNOTS((3,2,2,2,2,2,2,2,2,2,2,2,2,2,2,2,2,2,2,2,2,2,
2,2,2,2,2,2,2,2,2,2,2,2,2,2,2,2,2,2,2,2,2,2,2,2,2,2,2,2,2,2,2,2,3),(0.,
0.0185185185185185,0.037037037037037,0.0555555555555556,0.0740740740740741,
0.0925925925925926,0.111111111111111,0.12962962962963,0.148148148148148,
0.166666666666667,0.185185185185185,0.203703703703703,0.222222222222222,
0.240740740740741,0.25925925925926,0.277777777777778,0.296296296296297,
0.314814814814815,0.333333333333334,0.351851851851852,0.370370370370371,
0.388888888888889,0.407407407407407,0.425925925925926,0.444444444444444,
0.462962962962963,0.481481481481482,0.5,0.518518518518519,0.537037037037037,
0.555555555555556,0.574074074074074,0.592592592592593,0.611111111111111,
0.62962962962963,0.648148148148148,0.666666666666667,0.685185185185185,
0.703703703703704,0.722222222222222,0.740740740740741,0.759259259259259,
0.777777777777778,0.796296296296296,0.814814814814815,0.833333333333333,
0.851851851851852,0.87037037037037,0.888888888888889,0.907407407407407,
0.925925925925926,0.944444444444444,0.962962962962963,0.981481481481482,
1.),.UNSPECIFIED.)
CURVE()
GEOMETRIC_REPRESENTATION_ITEM()
RATIONAL_B_SPLINE_CURVE((1.,0.866025403784439,1.,0.866025403784439,1.,0.866025403784439,
1.,0.866025403784439,1.,0.866025403784439,1.,0.866025403784439,1.,0.866025403784439,
1.,0.866025403784439,1.,0.866025403784439,1.,0.866025403784439,1.,0.866025403784439,
1.,0.866025403784439,1.,0.866025403784439,1.,0.866025403784439,1.,0.866025403784439,
1.,0.866025403784439,1.,0.866025403784439,1.,0.866025403784439,1.,0.866025403784439,
1.,0.866025403784439,1.,0.866025403784439,1.,0.866025403784439,1.,0.866025403784439,
1.,0.866025403784439,1.,0.866025403784439,1.,0.866025403784439,1.,0.866025403784439,
1.,0.866025403784439,1.,0.866025403784439,1.,0.866025403784439,1.,0.866025403784439,
1.,0.866025403784439,1.,0.866025403784439,1.,0.866025403784439,1.,0.866025403784439,
1.,0.866025403784439,1.,0.866025403784439,1.,0.866025403784439,1.,0.866025403784439,
1.,0.866025403784439,1.,0.866025403784439,1.,0.866025403784439,1.,0.866025403784439,
1.,0.866025403784439,1.,0.866025403784439,1.,0.866025403784439,1.,0.866025403784439,
1.,0.866025403784439,1.,0.866025403784439,1.,0.866025403784439,1.,0.866025403784439,
1.,0.866025403784439,1.,0.866025403784439,1.,0.866025403784439,1.))
REPRESENTATION_ITEM('')
);
#27=(
BOUNDED_CURVE()
B_SPLINE_CURVE(2,(#1005,#1006,#1007,#1008,#1009,#1010,#1011,#1012,#1013,
#1014,#1015,#1016,#1017,#1018,#1019,#1020,#1021,#1022,#1023,#1024,#1025,
#1026,#1027,#1028,#1029,#1030,#1031,#1032,#1033,#1034,#1035,#1036,#1037,
#1038,#1039,#1040,#1041,#1042,#1043,#1044,#1045,#1046,#1047,#1048,#1049,
#1050,#1051,#1052,#1053,#1054,#1055,#1056,#1057,#1058,#1059,#1060,#1061,
#1062,#1063,#1064,#1065,#1066,#1067,#1068,#1069,#1070,#1071,#1072,#1073,
#1074,#1075,#1076,#1077,#1078,#1079,#1080,#1081,#1082,#1083,#1084,#1085,
#1086,#1087,#1088,#1089,#1090,#1091,#1092,#1093,#1094,#1095,#1096,#1097,
#1098,#1099,#1100,#1101,#1102,#1103,#1104,#1105,#1106,#1107,#1108,#1109,
#1110,#1111,#1112,#1113),.UNSPECIFIED.,.F.,.F.)
B_SPLINE_CURVE_WITH_KNOTS((3,2,2,2,2,2,2,2,2,2,2,2,2,2,2,2,2,2,2,2,2,2,
2,2,2,2,2,2,2,2,2,2,2,2,2,2,2,2,2,2,2,2,2,2,2,2,2,2,2,2,2,2,2,2,3),(0.,
0.0185185185185185,0.037037037037037,0.0555555555555556,0.0740740740740741,
0.0925925925925926,0.111111111111111,0.12962962962963,0.148148148148148,
0.166666666666667,0.185185185185185,0.203703703703703,0.222222222222222,
0.240740740740741,0.25925925925926,0.277777777777778,0.296296296296297,
0.314814814814815,0.333333333333334,0.351851851851852,0.370370370370371,
0.388888888888889,0.407407407407407,0.425925925925926,0.444444444444444,
0.462962962962963,0.481481481481482,0.5,0.518518518518519,0.537037037037037,
0.555555555555556,0.574074074074074,0.592592592592593,0.611111111111111,
0.62962962962963,0.648148148148148,0.666666666666667,0.685185185185185,
0.703703703703704,0.722222222222222,0.740740740740741,0.759259259259259,
0.777777777777778,0.796296296296296,0.814814814814815,0.833333333333333,
0.851851851851852,0.87037037037037,0.888888888888889,0.907407407407407,
0.925925925925926,0.944444444444444,0.962962962962963,0.981481481481482,
1.),.UNSPECIFIED.)
CURVE()
GEOMETRIC_REPRESENTATION_ITEM()
RATIONAL_B_SPLINE_CURVE((1.,0.866025403784439,1.,0.866025403784439,1.,0.866025403784439,
1.,0.866025403784439,1.,0.866025403784439,1.,0.866025403784439,1.,0.866025403784439,
1.,0.866025403784439,1.,0.866025403784439,1.,0.866025403784439,1.,0.866025403784439,
1.,0.866025403784439,1.,0.866025403784439,1.,0.866025403784439,1.,0.866025403784439,
1.,0.866025403784439,1.,0.866025403784439,1.,0.866025403784439,1.,0.866025403784439,
1.,0.866025403784439,1.,0.866025403784439,1.,0.866025403784439,1.,0.866025403784439,
1.,0.866025403784439,1.,0.866025403784439,1.,0.866025403784439,1.,0.866025403784439,
1.,0.866025403784439,1.,0.866025403784439,1.,0.866025403784439,1.,0.866025403784439,
1.,0.866025403784439,1.,0.866025403784439,1.,0.866025403784439,1.,0.866025403784439,
1.,0.866025403784439,1.,0.866025403784439,1.,0.866025403784439,1.,0.866025403784439,
1.,0.866025403784439,1.,0.866025403784439,1.,0.866025403784439,1.,0.866025403784439,
1.,0.866025403784439,1.,0.866025403784439,1.,0.866025403784439,1.,0.866025403784439,
1.,0.866025403784439,1.,0.866025403784439,1.,0.866025403784439,1.,0.866025403784439,
1.,0.866025403784439,1.,0.866025403784439,1.,0.866025403784439,1.))
REPRESENTATION_ITEM('')
);
#28=CYLINDRICAL_SURFACE('',#296,0.0125);
#29=CYLINDRICAL_SURFACE('',#299,0.022);
#30=CYLINDRICAL_SURFACE('',#307,0.0152104598415005);
#31=CIRCLE('',#293,0.022);
#32=CIRCLE('',#295,0.022);
#33=CIRCLE('',#297,0.0125);
#34=CIRCLE('',#298,0.0125);
#35=CIRCLE('',#300,0.022);
#36=CIRCLE('',#301,0.022);
#37=CIRCLE('',#302,0.022);
#38=CIRCLE('',#304,0.0152104598415005);
#39=CIRCLE('',#308,0.0152104598415005);
#40=CIRCLE('',#310,0.009);
#41=CIRCLE('',#315,0.0145);
#42=CIRCLE('',#316,0.0145);
#43=ORIENTED_EDGE('',*,*,#119,.T.);
#44=ORIENTED_EDGE('',*,*,#120,.F.);
#45=ORIENTED_EDGE('',*,*,#121,.T.);
#46=ORIENTED_EDGE('',*,*,#122,.F.);
#47=ORIENTED_EDGE('',*,*,#123,.F.);
#48=ORIENTED_EDGE('',*,*,#124,.T.);
#49=ORIENTED_EDGE('',*,*,#125,.F.);
#50=ORIENTED_EDGE('',*,*,#126,.F.);
#51=ORIENTED_EDGE('',*,*,#127,.T.);
#52=ORIENTED_EDGE('',*,*,#128,.T.);
#53=ORIENTED_EDGE('',*,*,#129,.F.);
#54=ORIENTED_EDGE('',*,*,#130,.T.);
#55=ORIENTED_EDGE('',*,*,#120,.T.);
#56=ORIENTED_EDGE('',*,*,#131,.F.);
#57=ORIENTED_EDGE('',*,*,#132,.F.);
#58=ORIENTED_EDGE('',*,*,#133,.T.);
#59=ORIENTED_EDGE('',*,*,#122,.T.);
#60=ORIENTED_EDGE('',*,*,#134,.F.);
#61=ORIENTED_EDGE('',*,*,#135,.F.);
#62=ORIENTED_EDGE('',*,*,#136,.F.);
#63=ORIENTED_EDGE('',*,*,#127,.F.);
#64=ORIENTED_EDGE('',*,*,#137,.F.);
#65=ORIENTED_EDGE('',*,*,#138,.F.);
#66=ORIENTED_EDGE('',*,*,#139,.F.);
#67=ORIENTED_EDGE('',*,*,#129,.T.);
#68=ORIENTED_EDGE('',*,*,#125,.T.);
#69=ORIENTED_EDGE('',*,*,#140,.T.);
#70=ORIENTED_EDGE('',*,*,#141,.T.);
#71=ORIENTED_EDGE('',*,*,#142,.T.);
#72=ORIENTED_EDGE('',*,*,#128,.F.);
#73=ORIENTED_EDGE('',*,*,#136,.T.);
#74=ORIENTED_EDGE('',*,*,#143,.F.);
#75=ORIENTED_EDGE('',*,*,#144,.F.);
#76=ORIENTED_EDGE('',*,*,#123,.T.);
#77=ORIENTED_EDGE('',*,*,#143,.T.);
#78=ORIENTED_EDGE('',*,*,#139,.T.);
#79=ORIENTED_EDGE('',*,*,#145,.T.);
#80=ORIENTED_EDGE('',*,*,#146,.F.);
#81=ORIENTED_EDGE('',*,*,#145,.F.);
#82=ORIENTED_EDGE('',*,*,#138,.T.);
#83=ORIENTED_EDGE('',*,*,#147,.T.);
#84=ORIENTED_EDGE('',*,*,#141,.F.);
#85=ORIENTED_EDGE('',*,*,#137,.T.);
#86=ORIENTED_EDGE('',*,*,#126,.T.);
#87=ORIENTED_EDGE('',*,*,#142,.F.);
#88=ORIENTED_EDGE('',*,*,#147,.F.);
#89=ORIENTED_EDGE('',*,*,#148,.T.);
#90=ORIENTED_EDGE('',*,*,#144,.T.);
#91=ORIENTED_EDGE('',*,*,#146,.T.);
#92=ORIENTED_EDGE('',*,*,#140,.F.);
#93=ORIENTED_EDGE('',*,*,#124,.F.);
#94=ORIENTED_EDGE('',*,*,#148,.F.);
#95=ORIENTED_EDGE('',*,*,#134,.T.);
#96=ORIENTED_EDGE('',*,*,#121,.F.);
#97=ORIENTED_EDGE('',*,*,#133,.F.);
#98=ORIENTED_EDGE('',*,*,#149,.F.);
#99=ORIENTED_EDGE('',*,*,#150,.T.);
#100=ORIENTED_EDGE('',*,*,#151,.F.);
#101=ORIENTED_EDGE('',*,*,#152,.T.);
#102=ORIENTED_EDGE('',*,*,#153,.F.);
#103=ORIENTED_EDGE('',*,*,#131,.T.);
#104=ORIENTED_EDGE('',*,*,#119,.F.);
#105=ORIENTED_EDGE('',*,*,#130,.F.);
#106=ORIENTED_EDGE('',*,*,#154,.F.);
#107=ORIENTED_EDGE('',*,*,#150,.F.);
#108=ORIENTED_EDGE('',*,*,#155,.F.);
#109=ORIENTED_EDGE('',*,*,#152,.F.);
#110=ORIENTED_EDGE('',*,*,#156,.F.);
#111=ORIENTED_EDGE('',*,*,#151,.T.);
#112=ORIENTED_EDGE('',*,*,#156,.T.);
#113=ORIENTED_EDGE('',*,*,#154,.T.);
#114=ORIENTED_EDGE('',*,*,#135,.T.);
#115=ORIENTED_EDGE('',*,*,#153,.T.);
#116=ORIENTED_EDGE('',*,*,#155,.T.);
#117=ORIENTED_EDGE('',*,*,#149,.T.);
#118=ORIENTED_EDGE('',*,*,#132,.T.);
#119=EDGE_CURVE('',#157,#158,#183,.T.);
#120=EDGE_CURVE('',#157,#158,#31,.T.);
#121=EDGE_CURVE('',#159,#160,#184,.T.);
#122=EDGE_CURVE('',#159,#160,#32,.T.);
#123=EDGE_CURVE('',#161,#162,#24,.F.);
#124=EDGE_CURVE('',#161,#163,#33,.T.);
#125=EDGE_CURVE('',#164,#163,#185,.F.);
#126=EDGE_CURVE('',#165,#164,#25,.T.);
#127=EDGE_CURVE('',#165,#166,#34,.T.);
#128=EDGE_CURVE('',#166,#162,#186,.F.);
#129=EDGE_CURVE('',#167,#167,#35,.T.);
#130=EDGE_CURVE('',#168,#157,#187,.T.);
#131=EDGE_CURVE('',#169,#158,#188,.T.);
#132=EDGE_CURVE('',#170,#169,#36,.F.);
#133=EDGE_CURVE('',#170,#159,#189,.T.);
#134=EDGE_CURVE('',#171,#160,#190,.T.);
#135=EDGE_CURVE('',#168,#171,#37,.F.);
#136=EDGE_CURVE('',#166,#172,#191,.T.);
#137=EDGE_CURVE('',#173,#165,#17,.T.);
#138=EDGE_CURVE('',#174,#173,#38,.T.);
#139=EDGE_CURVE('',#172,#174,#18,.T.);
#140=EDGE_CURVE('',#163,#175,#192,.F.);
#141=EDGE_CURVE('',#175,#176,#193,.F.);
#142=EDGE_CURVE('',#176,#164,#194,.T.);
#143=EDGE_CURVE('',#162,#172,#195,.F.);
#144=EDGE_CURVE('',#161,#177,#19,.T.);
#145=EDGE_CURVE('',#174,#177,#26,.T.);
#146=EDGE_CURVE('',#177,#175,#39,.F.);
#147=EDGE_CURVE('',#173,#176,#27,.T.);
#148=EDGE_CURVE('',#178,#178,#40,.T.);
#149=EDGE_CURVE('',#179,#170,#20,.T.);
#150=EDGE_CURVE('',#179,#180,#196,.T.);
#151=EDGE_CURVE('',#171,#180,#21,.T.);
#152=EDGE_CURVE('',#181,#182,#197,.T.);
#153=EDGE_CURVE('',#169,#182,#22,.T.);
#154=EDGE_CURVE('',#181,#168,#23,.T.);
#155=EDGE_CURVE('',#182,#179,#41,.T.);
#156=EDGE_CURVE('',#180,#181,#42,.T.);
#157=VERTEX_POINT('',#393);
#158=VERTEX_POINT('',#394);
#159=VERTEX_POINT('',#398);
#160=VERTEX_POINT('',#399);
#161=VERTEX_POINT('',#511);
#162=VERTEX_POINT('',#512);
#163=VERTEX_POINT('',#514);
#164=VERTEX_POINT('',#516);
#165=VERTEX_POINT('',#626);
#166=VERTEX_POINT('',#628);
#167=VERTEX_POINT('',#632);
#168=VERTEX_POINT('',#634);
#169=VERTEX_POINT('',#636);
#170=VERTEX_POINT('',#638);
#171=VERTEX_POINT('',#641);
#172=VERTEX_POINT('',#645);
#173=VERTEX_POINT('',#656);
#174=VERTEX_POINT('',#658);
#175=VERTEX_POINT('',#667);
#176=VERTEX_POINT('',#669);
#177=VERTEX_POINT('',#893);
#178=VERTEX_POINT('',#1326);
#179=VERTEX_POINT('',#1336);
#180=VERTEX_POINT('',#1338);
#181=VERTEX_POINT('',#1348);
#182=VERTEX_POINT('',#1349);
#183=LINE('',#392,#198);
#184=LINE('',#397,#199);
#185=LINE('',#515,#200);
#186=LINE('',#629,#201);
#187=LINE('',#633,#202);
#188=LINE('',#635,#203);
#189=LINE('',#639,#204);
#190=LINE('',#640,#205);
#191=LINE('',#644,#206);
#192=LINE('',#666,#207);
#193=LINE('',#668,#208);
#194=LINE('',#670,#209);
#195=LINE('',#672,#210);
#196=LINE('',#1337,#211);
#197=LINE('',#1347,#212);
#198=VECTOR('',#323,1.);
#199=VECTOR('',#328,1.);
#200=VECTOR('',#335,1.);
#201=VECTOR('',#338,1.);
#202=VECTOR('',#343,1.);
#203=VECTOR('',#344,1.);
#204=VECTOR('',#347,1.);
#205=VECTOR('',#348,1.);
#206=VECTOR('',#353,1.);
#207=VECTOR('',#358,1.);
#208=VECTOR('',#359,1.);
#209=VECTOR('',#360,1.);
#210=VECTOR('',#363,1.);
#211=VECTOR('',#376,1.);
#212=VECTOR('',#379,1.);
#213=EDGE_LOOP('',(#43,#44));
#214=EDGE_LOOP('',(#45,#46));
#215=EDGE_LOOP('',(#47,#48,#49,#50,#51,#52));
#216=EDGE_LOOP('',(#53));
#217=EDGE_LOOP('',(#54,#55,#56,#57,#58,#59,#60,#61));
#218=EDGE_LOOP('',(#62,#63,#64,#65,#66));
#219=EDGE_LOOP('',(#67));
#220=EDGE_LOOP('',(#68,#69,#70,#71));
#221=EDGE_LOOP('',(#72,#73,#74));
#222=EDGE_LOOP('',(#75,#76,#77,#78,#79));
#223=EDGE_LOOP('',(#80,#81,#82,#83,#84));
#224=EDGE_LOOP('',(#85,#86,#87,#88));
#225=EDGE_LOOP('',(#89));
#226=EDGE_LOOP('',(#90,#91,#92,#93));
#227=EDGE_LOOP('',(#94));
#228=EDGE_LOOP('',(#95,#96,#97,#98,#99,#100));
#229=EDGE_LOOP('',(#101,#102,#103,#104,#105,#106));
#230=EDGE_LOOP('',(#107,#108,#109,#110));
#231=EDGE_LOOP('',(#111,#112,#113,#114));
#232=EDGE_LOOP('',(#115,#116,#117,#118));
#233=FACE_BOUND('',#213,.T.);
#234=FACE_BOUND('',#214,.T.);
#235=FACE_BOUND('',#215,.T.);
#236=FACE_BOUND('',#216,.T.);
#237=FACE_BOUND('',#217,.T.);
#238=FACE_BOUND('',#218,.T.);
#239=FACE_BOUND('',#219,.T.);
#240=FACE_BOUND('',#220,.T.);
#241=FACE_BOUND('',#221,.T.);
#242=FACE_BOUND('',#222,.T.);
#243=FACE_BOUND('',#223,.T.);
#244=FACE_BOUND('',#224,.T.);
#245=FACE_BOUND('',#225,.T.);
#246=FACE_BOUND('',#226,.T.);
#247=FACE_BOUND('',#227,.T.);
#248=FACE_BOUND('',#228,.T.);
#249=FACE_BOUND('',#229,.T.);
#250=FACE_BOUND('',#230,.T.);
#251=FACE_BOUND('',#231,.T.);
#252=FACE_BOUND('',#232,.T.);
#253=PLANE('',#292);
#254=PLANE('',#294);
#255=PLANE('',#303);
#256=PLANE('',#305);
#257=PLANE('',#306);
#258=PLANE('',#311);
#259=PLANE('',#312);
#260=PLANE('',#313);
#261=PLANE('',#314);
#262=ADVANCED_FACE('',(#233),#253,.F.);
#263=ADVANCED_FACE('',(#234),#254,.F.);
#264=ADVANCED_FACE('',(#235),#28,.T.);
#265=ADVANCED_FACE('',(#236,#237),#29,.T.);
#266=ADVANCED_FACE('',(#238,#239),#255,.T.);
#267=ADVANCED_FACE('',(#240),#256,.F.);
#268=ADVANCED_FACE('',(#241),#257,.T.);
#269=ADVANCED_FACE('',(#242),#15,.T.);
#270=ADVANCED_FACE('',(#243),#30,.T.);
#271=ADVANCED_FACE('',(#244),#16,.T.);
#272=ADVANCED_FACE('',(#245,#246),#14,.T.);
#273=ADVANCED_FACE('',(#247),#258,.T.);
#274=ADVANCED_FACE('',(#248),#259,.F.);
#275=ADVANCED_FACE('',(#249),#260,.F.);
#276=ADVANCED_FACE('',(#250),#261,.T.);
#277=ADVANCED_FACE('',(#251),#12,.T.);
#278=ADVANCED_FACE('',(#252),#13,.T.);
#279=CLOSED_SHELL('',(#262,#263,#264,#265,#266,#267,#268,#269,#270,#271,
#272,#273,#274,#275,#276,#277,#278));
#280=STYLED_ITEM('',(#281),#288);
#281=PRESENTATION_STYLE_ASSIGNMENT((#282));
#282=SURFACE_STYLE_USAGE(.BOTH.,#283);
#283=SURFACE_SIDE_STYLE('',(#284));
#284=SURFACE_STYLE_FILL_AREA(#285);
#285=FILL_AREA_STYLE('',(#286));
#286=FILL_AREA_STYLE_COLOUR('',#287);
#287=COLOUR_RGB('',0.768627450980392,0.886274509803922,0.952941176470588);
#288=MANIFOLD_SOLID_BREP('Screw 2',#279);
#289=SHAPE_DEFINITION_REPRESENTATION(#1375,#290);
#290=SHAPE_REPRESENTATION('Screw 2',(#291),#1370);
#291=AXIS2_PLACEMENT_3D('',#390,#319,#320);
#292=AXIS2_PLACEMENT_3D('',#391,#321,#322);
#293=AXIS2_PLACEMENT_3D('',#395,#324,#325);
#294=AXIS2_PLACEMENT_3D('',#396,#326,#327);
#295=AXIS2_PLACEMENT_3D('',#400,#329,#330);
#296=AXIS2_PLACEMENT_3D('',#401,#331,#332);
#297=AXIS2_PLACEMENT_3D('',#513,#333,#334);
#298=AXIS2_PLACEMENT_3D('',#627,#336,#337);
#299=AXIS2_PLACEMENT_3D('',#630,#339,#340);
#300=AXIS2_PLACEMENT_3D('',#631,#341,#342);
#301=AXIS2_PLACEMENT_3D('',#637,#345,#346);
#302=AXIS2_PLACEMENT_3D('',#642,#349,#350);
#303=AXIS2_PLACEMENT_3D('',#643,#351,#352);
#304=AXIS2_PLACEMENT_3D('',#657,#354,#355);
#305=AXIS2_PLACEMENT_3D('',#665,#356,#357);
#306=AXIS2_PLACEMENT_3D('',#671,#361,#362);
#307=AXIS2_PLACEMENT_3D('',#1003,#364,#365);
#308=AXIS2_PLACEMENT_3D('',#1004,#366,#367);
#309=AXIS2_PLACEMENT_3D('',#1324,#368,#369);
#310=AXIS2_PLACEMENT_3D('',#1325,#370,#371);
#311=AXIS2_PLACEMENT_3D('',#1327,#372,#373);
#312=AXIS2_PLACEMENT_3D('',#1328,#374,#375);
#313=AXIS2_PLACEMENT_3D('',#1346,#377,#378);
#314=AXIS2_PLACEMENT_3D('',#1364,#380,#381);
#315=AXIS2_PLACEMENT_3D('',#1365,#382,#383);
#316=AXIS2_PLACEMENT_3D('',#1366,#384,#385);
#317=AXIS2_PLACEMENT_3D('',#1367,#386,#387);
#318=AXIS2_PLACEMENT_3D('',#1368,#388,#389);
#319=DIRECTION('',(0.,0.,1.));
#320=DIRECTION('',(1.,0.,0.));
#321=DIRECTION('',(0.,0.,1.));
#322=DIRECTION('',(1.,0.,0.));
#323=DIRECTION('',(-1.,0.,0.));
#324=DIRECTION('',(0.,0.,1.));
#325=DIRECTION('',(1.,0.,0.));
#326=DIRECTION('',(0.,0.,1.));
#327=DIRECTION('',(1.,0.,0.));
#328=DIRECTION('',(1.,0.,0.));
#329=DIRECTION('',(0.,0.,1.));
#330=DIRECTION('',(1.,0.,0.));
#331=DIRECTION('',(0.,0.,-1.));
#332=DIRECTION('',(-1.,0.,0.));
#333=DIRECTION('',(0.,0.,-1.));
#334=DIRECTION('',(-1.,0.,0.));
#335=DIRECTION('',(0.,0.,-1.));
#336=DIRECTION('',(0.,0.,1.));
#337=DIRECTION('',(1.,0.,0.));
#338=DIRECTION('',(0.,0.,-1.));
#339=DIRECTION('',(0.,0.,-1.));
#340=DIRECTION('',(-1.,0.,0.));
#341=DIRECTION('',(0.,0.,1.));
#342=DIRECTION('',(1.,0.,0.));
#343=DIRECTION('',(0.,0.,1.));
#344=DIRECTION('',(0.,0.,1.));
#345=DIRECTION('',(0.,0.,1.));
#346=DIRECTION('',(1.,0.,0.));
#347=DIRECTION('',(0.,0.,1.));
#348=DIRECTION('',(0.,0.,1.));
#349=DIRECTION('',(0.,0.,1.));
#350=DIRECTION('',(1.,0.,0.));
#351=DIRECTION('',(0.,0.,1.));
#352=DIRECTION('',(1.,0.,0.));
#353=DIRECTION('',(1.,0.,0.));
#354=DIRECTION('',(0.,0.,1.));
#355=DIRECTION('',(1.,0.,0.));
#356=DIRECTION('',(0.,-1.,0.));
#357=DIRECTION('',(1.,0.,0.));
#358=DIRECTION('',(-0.95141160482398,0.,0.307922000198522));
#359=DIRECTION('',(0.,0.,1.));
#360=DIRECTION('',(-0.903486613833474,0.,-0.428616306996972));
#361=DIRECTION('',(0.,-1.,0.));
#362=DIRECTION('',(1.,0.,0.));
#363=DIRECTION('',(-0.903486613833474,0.,0.428616306996973));
#364=DIRECTION('',(0.,0.,1.));
#365=DIRECTION('',(1.,0.,0.));
#366=DIRECTION('',(0.,0.,-1.));
#367=DIRECTION('',(-1.,0.,0.));
#368=DIRECTION('',(0.,0.,-1.));
#369=DIRECTION('',(-1.,0.,0.));
#370=DIRECTION('',(0.,0.,-1.));
#371=DIRECTION('',(-1.,0.,0.));
#372=DIRECTION('',(0.,0.,1.));
#373=DIRECTION('',(1.,0.,0.));
#374=DIRECTION('',(0.,1.,0.));
#375=DIRECTION('',(0.,0.,-1.));
#376=DIRECTION('',(1.,0.,0.));
#377=DIRECTION('',(0.,-1.,0.));
#378=DIRECTION('',(0.,0.,1.));
#379=DIRECTION('',(-1.,0.,0.));
#380=DIRECTION('',(0.,0.,-1.));
#381=DIRECTION('',(1.,0.,0.));
#382=DIRECTION('',(0.,0.,1.));
#383=DIRECTION('',(1.,0.,0.));
#384=DIRECTION('',(0.,0.,1.));
#385=DIRECTION('',(1.,0.,0.));
#386=DIRECTION('',(0.,0.,-1.));
#387=DIRECTION('',(1.,0.,0.));
#388=DIRECTION('',(0.,0.,-1.));
#389=DIRECTION('',(1.,0.,0.));
#390=CARTESIAN_POINT('',(0.,0.,0.));
#391=CARTESIAN_POINT('',(0.287,-0.0445,-0.0945));
#392=CARTESIAN_POINT('',(0.280797637103194,-0.042,-0.0945));
#393=CARTESIAN_POINT('',(0.308857492994395,-0.042,-0.0945));
#394=CARTESIAN_POINT('',(0.265142507005606,-0.042,-0.0945));
#395=CARTESIAN_POINT('',(0.287,-0.0445,-0.0945));
#396=CARTESIAN_POINT('',(0.287,-0.0445,-0.0945));
#397=CARTESIAN_POINT('',(0.280797637103194,-0.047,-0.0945));
#398=CARTESIAN_POINT('',(0.265142507005606,-0.047,-0.0945));
#399=CARTESIAN_POINT('',(0.308857492994395,-0.047,-0.0945));
#400=CARTESIAN_POINT('',(0.287,-0.0445,-0.0945));
#401=CARTESIAN_POINT('',(0.287,-0.0445,-0.0445));
#402=CARTESIAN_POINT('',(0.2995,-0.0445,-0.0887203452987982));
#403=CARTESIAN_POINT('',(0.2995,-0.0372831216351296,-0.0883036786321315));
#404=CARTESIAN_POINT('',(0.29325,-0.0336746824526945,-0.0878870119654648));
#405=CARTESIAN_POINT('',(0.287,-0.0300662432702593,-0.0874703452987982));
#406=CARTESIAN_POINT('',(0.28075,-0.0336746824526945,-0.0870536786321315));
#407=CARTESIAN_POINT('',(0.2745,-0.0372831216351296,-0.0866370119654648));
#408=CARTESIAN_POINT('',(0.2745,-0.0445,-0.0862203452987982));
#409=CARTESIAN_POINT('',(0.2745,-0.0517168783648702,-0.0858036786321315));
#410=CARTESIAN_POINT('',(0.28075,-0.0553253175473054,-0.0853870119654648));
#411=CARTESIAN_POINT('',(0.287,-0.0589337567297406,-0.0849703452987981));
#412=CARTESIAN_POINT('',(0.29325,-0.0553253175473054,-0.0845536786321315));
#413=CARTESIAN_POINT('',(0.2995,-0.0517168783648703,-0.0841370119654648));
#414=CARTESIAN_POINT('',(0.2995,-0.0445,-0.0837203452987982));
#415=CARTESIAN_POINT('',(0.2995,-0.0372831216351296,-0.0833036786321315));
#416=CARTESIAN_POINT('',(0.29325,-0.0336746824526945,-0.0828870119654648));
#417=CARTESIAN_POINT('',(0.287,-0.0300662432702593,-0.0824703452987982));
#418=CARTESIAN_POINT('',(0.28075,-0.0336746824526945,-0.0820536786321315));
#419=CARTESIAN_POINT('',(0.2745,-0.0372831216351296,-0.0816370119654648));
#420=CARTESIAN_POINT('',(0.2745,-0.0445,-0.0812203452987982));
#421=CARTESIAN_POINT('',(0.2745,-0.0517168783648702,-0.0808036786321315));
#422=CARTESIAN_POINT('',(0.28075,-0.0553253175473054,-0.0803870119654648));
#423=CARTESIAN_POINT('',(0.287,-0.0589337567297406,-0.0799703452987982));
#424=CARTESIAN_POINT('',(0.29325,-0.0553253175473054,-0.0795536786321315));
#425=CARTESIAN_POINT('',(0.2995,-0.0517168783648703,-0.0791370119654648));
#426=CARTESIAN_POINT('',(0.2995,-0.0445,-0.0787203452987982));
#427=CARTESIAN_POINT('',(0.2995,-0.0372831216351296,-0.0783036786321315));
#428=CARTESIAN_POINT('',(0.29325,-0.0336746824526945,-0.0778870119654648));
#429=CARTESIAN_POINT('',(0.287,-0.0300662432702593,-0.0774703452987982));
#430=CARTESIAN_POINT('',(0.28075,-0.0336746824526945,-0.0770536786321315));
#431=CARTESIAN_POINT('',(0.2745,-0.0372831216351296,-0.0766370119654648));
#432=CARTESIAN_POINT('',(0.2745,-0.0445,-0.0762203452987982));
#433=CARTESIAN_POINT('',(0.2745,-0.0517168783648702,-0.0758036786321315));
#434=CARTESIAN_POINT('',(0.28075,-0.0553253175473054,-0.0753870119654648));
#435=CARTESIAN_POINT('',(0.287,-0.0589337567297406,-0.0749703452987982));
#436=CARTESIAN_POINT('',(0.29325,-0.0553253175473054,-0.0745536786321315));
#437=CARTESIAN_POINT('',(0.2995,-0.0517168783648703,-0.0741370119654648));
#438=CARTESIAN_POINT('',(0.2995,-0.0445,-0.0737203452987982));
#439=CARTESIAN_POINT('',(0.2995,-0.0372831216351296,-0.0733036786321315));
#440=CARTESIAN_POINT('',(0.29325,-0.0336746824526945,-0.0728870119654648));
#441=CARTESIAN_POINT('',(0.287,-0.0300662432702593,-0.0724703452987982));
#442=CARTESIAN_POINT('',(0.28075,-0.0336746824526945,-0.0720536786321315));
#443=CARTESIAN_POINT('',(0.2745,-0.0372831216351296,-0.0716370119654648));
#444=CARTESIAN_POINT('',(0.2745,-0.0445,-0.0712203452987981));
#445=CARTESIAN_POINT('',(0.2745,-0.0517168783648702,-0.0708036786321315));
#446=CARTESIAN_POINT('',(0.28075,-0.0553253175473054,-0.0703870119654648));
#447=CARTESIAN_POINT('',(0.287,-0.0589337567297406,-0.0699703452987982));
#448=CARTESIAN_POINT('',(0.29325,-0.0553253175473054,-0.0695536786321315));
#449=CARTESIAN_POINT('',(0.2995,-0.0517168783648703,-0.0691370119654647));
#450=CARTESIAN_POINT('',(0.2995,-0.0445,-0.0687203452987981));
#451=CARTESIAN_POINT('',(0.2995,-0.0372831216351296,-0.0683036786321315));
#452=CARTESIAN_POINT('',(0.29325,-0.0336746824526945,-0.0678870119654648));
#453=CARTESIAN_POINT('',(0.287,-0.0300662432702593,-0.0674703452987982));
#454=CARTESIAN_POINT('',(0.28075,-0.0336746824526945,-0.0670536786321315));
#455=CARTESIAN_POINT('',(0.2745,-0.0372831216351296,-0.0666370119654647));
#456=CARTESIAN_POINT('',(0.2745,-0.0445,-0.0662203452987981));
#457=CARTESIAN_POINT('',(0.2745,-0.0517168783648702,-0.0658036786321315));
#458=CARTESIAN_POINT('',(0.28075,-0.0553253175473054,-0.0653870119654648));
#459=CARTESIAN_POINT('',(0.287,-0.0589337567297406,-0.0649703452987982));
#460=CARTESIAN_POINT('',(0.29325,-0.0553253175473054,-0.0645536786321315));
#461=CARTESIAN_POINT('',(0.2995,-0.0517168783648703,-0.0641370119654648));
#462=CARTESIAN_POINT('',(0.2995,-0.0445,-0.0637203452987981));
#463=CARTESIAN_POINT('',(0.2995,-0.0372831216351296,-0.0633036786321315));
#464=CARTESIAN_POINT('',(0.29325,-0.0336746824526945,-0.0628870119654648));
#465=CARTESIAN_POINT('',(0.287,-0.0300662432702593,-0.0624703452987982));
#466=CARTESIAN_POINT('',(0.28075,-0.0336746824526945,-0.0620536786321315));
#467=CARTESIAN_POINT('',(0.2745,-0.0372831216351296,-0.0616370119654647));
#468=CARTESIAN_POINT('',(0.2745,-0.0445,-0.0612203452987981));
#469=CARTESIAN_POINT('',(0.2745,-0.0517168783648702,-0.0608036786321315));
#470=CARTESIAN_POINT('',(0.28075,-0.0553253175473054,-0.0603870119654648));
#471=CARTESIAN_POINT('',(0.287,-0.0589337567297406,-0.0599703452987982));
#472=CARTESIAN_POINT('',(0.29325,-0.0553253175473054,-0.0595536786321315));
#473=CARTESIAN_POINT('',(0.2995,-0.0517168783648703,-0.0591370119654649));
#474=CARTESIAN_POINT('',(0.2995,-0.0445,-0.0587203452987981));
#475=CARTESIAN_POINT('',(0.2995,-0.0372831216351296,-0.0583036786321314));
#476=CARTESIAN_POINT('',(0.29325,-0.0336746824526945,-0.0578870119654648));
#477=CARTESIAN_POINT('',(0.287,-0.0300662432702593,-0.0574703452987981));
#478=CARTESIAN_POINT('',(0.28075,-0.0336746824526945,-0.0570536786321315));
#479=CARTESIAN_POINT('',(0.2745,-0.0372831216351296,-0.0566370119654648));
#480=CARTESIAN_POINT('',(0.2745,-0.0445,-0.0562203452987981));
#481=CARTESIAN_POINT('',(0.2745,-0.0517168783648702,-0.0558036786321314));
#482=CARTESIAN_POINT('',(0.28075,-0.0553253175473054,-0.0553870119654648));
#483=CARTESIAN_POINT('',(0.287,-0.0589337567297406,-0.0549703452987981));
#484=CARTESIAN_POINT('',(0.29325,-0.0553253175473054,-0.0545536786321315));
#485=CARTESIAN_POINT('',(0.2995,-0.0517168783648703,-0.0541370119654647));
#486=CARTESIAN_POINT('',(0.2995,-0.0445,-0.0537203452987981));
#487=CARTESIAN_POINT('',(0.2995,-0.0372831216351296,-0.0533036786321314));
#488=CARTESIAN_POINT('',(0.29325,-0.0336746824526945,-0.0528870119654648));
#489=CARTESIAN_POINT('',(0.287,-0.0300662432702593,-0.0524703452987981));
#490=CARTESIAN_POINT('',(0.28075,-0.0336746824526945,-0.0520536786321315));
#491=CARTESIAN_POINT('',(0.2745,-0.0372831216351296,-0.0516370119654648));
#492=CARTESIAN_POINT('',(0.2745,-0.0445,-0.0512203452987981));
#493=CARTESIAN_POINT('',(0.2745,-0.0517168783648702,-0.0508036786321314));
#494=CARTESIAN_POINT('',(0.28075,-0.0553253175473054,-0.0503870119654648));
#495=CARTESIAN_POINT('',(0.287,-0.0589337567297406,-0.0499703452987981));
#496=CARTESIAN_POINT('',(0.29325,-0.0553253175473054,-0.0495536786321315));
#497=CARTESIAN_POINT('',(0.2995,-0.0517168783648703,-0.0491370119654648));
#498=CARTESIAN_POINT('',(0.2995,-0.0445,-0.0487203452987981));
#499=CARTESIAN_POINT('',(0.2995,-0.0372831216351296,-0.0483036786321314));
#500=CARTESIAN_POINT('',(0.29325,-0.0336746824526945,-0.0478870119654648));
#501=CARTESIAN_POINT('',(0.287,-0.0300662432702593,-0.0474703452987981));
#502=CARTESIAN_POINT('',(0.28075,-0.0336746824526945,-0.0470536786321315));
#503=CARTESIAN_POINT('',(0.2745,-0.0372831216351296,-0.0466370119654648));
#504=CARTESIAN_POINT('',(0.2745,-0.0445,-0.0462203452987981));
#505=CARTESIAN_POINT('',(0.2745,-0.0517168783648702,-0.0458036786321315));
#506=CARTESIAN_POINT('',(0.28075,-0.0553253175473054,-0.0453870119654648));
#507=CARTESIAN_POINT('',(0.287,-0.0589337567297406,-0.0449703452987981));
#508=CARTESIAN_POINT('',(0.29325,-0.0553253175473054,-0.0445536786321315));
#509=CARTESIAN_POINT('',(0.2995,-0.0517168783648703,-0.0441370119654648));
#510=CARTESIAN_POINT('',(0.2995,-0.0445,-0.0437203452987981));
#511=CARTESIAN_POINT('',(0.277686648350471,-0.052837354559568,-0.0456327662971811));
#512=CARTESIAN_POINT('',(0.2995,-0.0445,-0.0887203452987982));
#513=CARTESIAN_POINT('',(0.287,-0.0445,-0.0456327662971845));
#514=CARTESIAN_POINT('',(0.2995,-0.0445,-0.0456327662971845));
#515=CARTESIAN_POINT('',(0.2995,-0.0445,-0.0445));
#516=CARTESIAN_POINT('',(0.2995,-0.0445,-0.04829204314078));
#517=CARTESIAN_POINT('',(0.2995,-0.0445,-0.09329204314078));
#518=CARTESIAN_POINT('',(0.2995,-0.0372831216351296,-0.0928753764741132));
#519=CARTESIAN_POINT('',(0.29325,-0.0336746824526945,-0.0924587098074467));
#520=CARTESIAN_POINT('',(0.287,-0.0300662432702593,-0.0920420431407799));
#521=CARTESIAN_POINT('',(0.28075,-0.0336746824526945,-0.0916253764741133));
#522=CARTESIAN_POINT('',(0.2745,-0.0372831216351296,-0.0912087098074467));
#523=CARTESIAN_POINT('',(0.2745,-0.0445,-0.09079204314078));
#524=CARTESIAN_POINT('',(0.2745,-0.0517168783648703,-0.0903753764741132));
#525=CARTESIAN_POINT('',(0.28075,-0.0553253175473054,-0.0899587098074467));
#526=CARTESIAN_POINT('',(0.287,-0.0589337567297406,-0.0895420431407799));
#527=CARTESIAN_POINT('',(0.29325,-0.0553253175473054,-0.0891253764741133));
#528=CARTESIAN_POINT('',(0.2995,-0.0517168783648703,-0.0887087098074466));
#529=CARTESIAN_POINT('',(0.2995,-0.0445,-0.08829204314078));
#530=CARTESIAN_POINT('',(0.2995,-0.0372831216351296,-0.0878753764741134));
#531=CARTESIAN_POINT('',(0.29325,-0.0336746824526945,-0.0874587098074467));
#532=CARTESIAN_POINT('',(0.287,-0.0300662432702593,-0.0870420431407799));
#533=CARTESIAN_POINT('',(0.28075,-0.0336746824526945,-0.0866253764741133));
#534=CARTESIAN_POINT('',(0.2745,-0.0372831216351296,-0.0862087098074466));
#535=CARTESIAN_POINT('',(0.2745,-0.0445,-0.08579204314078));
#536=CARTESIAN_POINT('',(0.2745,-0.0517168783648703,-0.0853753764741132));
#537=CARTESIAN_POINT('',(0.28075,-0.0553253175473054,-0.0849587098074466));
#538=CARTESIAN_POINT('',(0.287,-0.0589337567297406,-0.0845420431407799));
#539=CARTESIAN_POINT('',(0.29325,-0.0553253175473054,-0.0841253764741133));
#540=CARTESIAN_POINT('',(0.2995,-0.0517168783648703,-0.0837087098074466));
#541=CARTESIAN_POINT('',(0.2995,-0.0445,-0.08329204314078));
#542=CARTESIAN_POINT('',(0.2995,-0.0372831216351296,-0.0828753764741133));
#543=CARTESIAN_POINT('',(0.29325,-0.0336746824526945,-0.0824587098074467));
#544=CARTESIAN_POINT('',(0.287,-0.0300662432702593,-0.0820420431407799));
#545=CARTESIAN_POINT('',(0.28075,-0.0336746824526945,-0.0816253764741133));
#546=CARTESIAN_POINT('',(0.2745,-0.0372831216351296,-0.0812087098074466));
#547=CARTESIAN_POINT('',(0.2745,-0.0445,-0.08079204314078));
#548=CARTESIAN_POINT('',(0.2745,-0.0517168783648703,-0.0803753764741134));
#549=CARTESIAN_POINT('',(0.28075,-0.0553253175473054,-0.0799587098074467));
#550=CARTESIAN_POINT('',(0.287,-0.0589337567297406,-0.0795420431407799));
#551=CARTESIAN_POINT('',(0.29325,-0.0553253175473054,-0.0791253764741133));
#552=CARTESIAN_POINT('',(0.2995,-0.0517168783648703,-0.0787087098074466));
#553=CARTESIAN_POINT('',(0.2995,-0.0445,-0.07829204314078));
#554=CARTESIAN_POINT('',(0.2995,-0.0372831216351296,-0.0778753764741133));
#555=CARTESIAN_POINT('',(0.29325,-0.0336746824526945,-0.0774587098074467));
#556=CARTESIAN_POINT('',(0.287,-0.0300662432702593,-0.0770420431407799));
#557=CARTESIAN_POINT('',(0.28075,-0.0336746824526945,-0.0766253764741133));
#558=CARTESIAN_POINT('',(0.2745,-0.0372831216351296,-0.0762087098074466));
#559=CARTESIAN_POINT('',(0.2745,-0.0445,-0.07579204314078));
#560=CARTESIAN_POINT('',(0.2745,-0.0517168783648703,-0.0753753764741133));
#561=CARTESIAN_POINT('',(0.28075,-0.0553253175473054,-0.0749587098074467));
#562=CARTESIAN_POINT('',(0.287,-0.0589337567297406,-0.0745420431407799));
#563=CARTESIAN_POINT('',(0.29325,-0.0553253175473054,-0.0741253764741133));
#564=CARTESIAN_POINT('',(0.2995,-0.0517168783648703,-0.0737087098074466));
#565=CARTESIAN_POINT('',(0.2995,-0.0445,-0.07329204314078));
#566=CARTESIAN_POINT('',(0.2995,-0.0372831216351296,-0.0728753764741133));
#567=CARTESIAN_POINT('',(0.29325,-0.0336746824526945,-0.0724587098074467));
#568=CARTESIAN_POINT('',(0.287,-0.0300662432702593,-0.0720420431407799));
#569=CARTESIAN_POINT('',(0.28075,-0.0336746824526945,-0.0716253764741133));
#570=CARTESIAN_POINT('',(0.2745,-0.0372831216351296,-0.0712087098074466));
#571=CARTESIAN_POINT('',(0.2745,-0.0445,-0.07079204314078));
#572=CARTESIAN_POINT('',(0.2745,-0.0517168783648703,-0.0703753764741133));
#573=CARTESIAN_POINT('',(0.28075,-0.0553253175473054,-0.0699587098074467));
#574=CARTESIAN_POINT('',(0.287,-0.0589337567297406,-0.0695420431407799));
#575=CARTESIAN_POINT('',(0.29325,-0.0553253175473054,-0.0691253764741133));
#576=CARTESIAN_POINT('',(0.2995,-0.0517168783648703,-0.0687087098074466));
#577=CARTESIAN_POINT('',(0.2995,-0.0445,-0.06829204314078));
#578=CARTESIAN_POINT('',(0.2995,-0.0372831216351296,-0.0678753764741133));
#579=CARTESIAN_POINT('',(0.29325,-0.0336746824526945,-0.0674587098074466));
#580=CARTESIAN_POINT('',(0.287,-0.0300662432702593,-0.0670420431407799));
#581=CARTESIAN_POINT('',(0.28075,-0.0336746824526945,-0.0666253764741133));
#582=CARTESIAN_POINT('',(0.2745,-0.0372831216351296,-0.0662087098074466));
#583=CARTESIAN_POINT('',(0.2745,-0.0445,-0.06579204314078));
#584=CARTESIAN_POINT('',(0.2745,-0.0517168783648703,-0.0653753764741133));
#585=CARTESIAN_POINT('',(0.28075,-0.0553253175473054,-0.0649587098074466));
#586=CARTESIAN_POINT('',(0.287,-0.0589337567297406,-0.06454204314078));
#587=CARTESIAN_POINT('',(0.29325,-0.0553253175473054,-0.0641253764741133));
#588=CARTESIAN_POINT('',(0.2995,-0.0517168783648703,-0.0637087098074466));
#589=CARTESIAN_POINT('',(0.2995,-0.0445,-0.06329204314078));
#590=CARTESIAN_POINT('',(0.2995,-0.0372831216351296,-0.0628753764741133));
#591=CARTESIAN_POINT('',(0.29325,-0.0336746824526945,-0.0624587098074466));
#592=CARTESIAN_POINT('',(0.287,-0.0300662432702593,-0.06204204314078));
#593=CARTESIAN_POINT('',(0.28075,-0.0336746824526945,-0.0616253764741133));
#594=CARTESIAN_POINT('',(0.2745,-0.0372831216351296,-0.0612087098074466));
#595=CARTESIAN_POINT('',(0.2745,-0.0445,-0.06079204314078));
#596=CARTESIAN_POINT('',(0.2745,-0.0517168783648703,-0.0603753764741133));
#597=CARTESIAN_POINT('',(0.28075,-0.0553253175473054,-0.0599587098074466));
#598=CARTESIAN_POINT('',(0.287,-0.0589337567297406,-0.0595420431407799));
#599=CARTESIAN_POINT('',(0.29325,-0.0553253175473054,-0.0591253764741133));
#600=CARTESIAN_POINT('',(0.2995,-0.0517168783648703,-0.0587087098074466));
#601=CARTESIAN_POINT('',(0.2995,-0.0445,-0.05829204314078));
#602=CARTESIAN_POINT('',(0.2995,-0.0372831216351296,-0.0578753764741133));
#603=CARTESIAN_POINT('',(0.29325,-0.0336746824526945,-0.0574587098074466));
#604=CARTESIAN_POINT('',(0.287,-0.0300662432702593,-0.0570420431407799));
#605=CARTESIAN_POINT('',(0.28075,-0.0336746824526945,-0.0566253764741133));
#606=CARTESIAN_POINT('',(0.2745,-0.0372831216351296,-0.0562087098074466));
#607=CARTESIAN_POINT('',(0.2745,-0.0445,-0.05579204314078));
#608=CARTESIAN_POINT('',(0.2745,-0.0517168783648703,-0.0553753764741133));
#609=CARTESIAN_POINT('',(0.28075,-0.0553253175473054,-0.0549587098074466));
#610=CARTESIAN_POINT('',(0.287,-0.0589337567297406,-0.05454204314078));
#611=CARTESIAN_POINT('',(0.29325,-0.0553253175473054,-0.0541253764741133));
#612=CARTESIAN_POINT('',(0.2995,-0.0517168783648703,-0.0537087098074466));
#613=CARTESIAN_POINT('',(0.2995,-0.0445,-0.05329204314078));
#614=CARTESIAN_POINT('',(0.2995,-0.0372831216351296,-0.0528753764741133));
#615=CARTESIAN_POINT('',(0.29325,-0.0336746824526945,-0.0524587098074466));
#616=CARTESIAN_POINT('',(0.287,-0.0300662432702593,-0.0520420431407799));
#617=CARTESIAN_POINT('',(0.28075,-0.0336746824526945,-0.0516253764741133));
#618=CARTESIAN_POINT('',(0.2745,-0.0372831216351296,-0.0512087098074467));
#619=CARTESIAN_POINT('',(0.2745,-0.0445,-0.05079204314078));
#620=CARTESIAN_POINT('',(0.2745,-0.0517168783648703,-0.0503753764741133));
#621=CARTESIAN_POINT('',(0.28075,-0.0553253175473054,-0.0499587098074466));
#622=CARTESIAN_POINT('',(0.287,-0.0589337567297406,-0.04954204314078));
#623=CARTESIAN_POINT('',(0.29325,-0.0553253175473054,-0.0491253764741133));
#624=CARTESIAN_POINT('',(0.2995,-0.0517168783648703,-0.0487087098074466));
#625=CARTESIAN_POINT('',(0.2995,-0.0445,-0.04829204314078));
#626=CARTESIAN_POINT('',(0.2876306471117,-0.0569840812325338,-0.0895));
#627=CARTESIAN_POINT('',(0.287,-0.0445,-0.0895));
#628=CARTESIAN_POINT('',(0.2995,-0.0445,-0.0895));
#629=CARTESIAN_POINT('',(0.2995,-0.0445,-0.0445));
#630=CARTESIAN_POINT('',(0.287,-0.0445,-0.0895));
#631=CARTESIAN_POINT('',(0.287,-0.0445,-0.0895));
#632=CARTESIAN_POINT('',(0.309,-0.0445,-0.0895));
#633=CARTESIAN_POINT('',(0.308857492994395,-0.042,-0.1045));
#634=CARTESIAN_POINT('',(0.308857492994395,-0.042,-0.097));
#635=CARTESIAN_POINT('',(0.265142507005606,-0.042,-0.1045));
#636=CARTESIAN_POINT('',(0.265142507005606,-0.042,-0.097));
#637=CARTESIAN_POINT('',(0.287,-0.0445,-0.097));
#638=CARTESIAN_POINT('',(0.265142507005606,-0.047,-0.097));
#639=CARTESIAN_POINT('',(0.265142507005606,-0.047,-0.1045));
#640=CARTESIAN_POINT('',(0.308857492994395,-0.047,-0.1045));
#641=CARTESIAN_POINT('',(0.308857492994395,-0.047,-0.097));
#642=CARTESIAN_POINT('',(0.287,-0.0445,-0.097));
#643=CARTESIAN_POINT('',(0.287,-0.0445,-0.0895));
#644=CARTESIAN_POINT('',(0.287,-0.0445,-0.0895));
#645=CARTESIAN_POINT('',(0.30114344560496,-0.0445,-0.0895));
#646=CARTESIAN_POINT('',(0.27179009766583,-0.0446302289326202,-0.0895));
#647=CARTESIAN_POINT('',(0.271892851974379,-0.0455715420589377,-0.0895));
#648=CARTESIAN_POINT('',(0.272276026125775,-0.047397515535619,-0.0895));
#649=CARTESIAN_POINT('',(0.273395529513149,-0.0500178091628921,-0.0895));
#650=CARTESIAN_POINT('',(0.274981487779184,-0.0523301248852049,-0.0895000000000001));
#651=CARTESIAN_POINT('',(0.277021937443416,-0.0543179208143322,-0.0895));
#652=CARTESIAN_POINT('',(0.279383202494475,-0.055845392752934,-0.0895));
#653=CARTESIAN_POINT('',(0.282894004733586,-0.0572347621643277,-0.0895));
#654=CARTESIAN_POINT('',(0.285769006052872,-0.057341940126765,-0.0895));
#655=CARTESIAN_POINT('',(0.2876306471117,-0.0569840812325337,-0.0895));
#656=CARTESIAN_POINT('',(0.27179009766583,-0.0446302289326201,-0.0895));
#657=CARTESIAN_POINT('',(0.287,-0.0445,-0.0895));
#658=CARTESIAN_POINT('',(0.299279352420427,-0.0355236091481676,-0.0895));
#659=CARTESIAN_POINT('',(0.30114344560496,-0.0445,-0.0895));
#660=CARTESIAN_POINT('',(0.301310920168609,-0.0429429532174039,-0.0895));
#661=CARTESIAN_POINT('',(0.301197887780053,-0.0406197595973731,-0.0894999999999999));
#662=CARTESIAN_POINT('',(0.300324700903184,-0.0376068782461875,-0.0895000000000001));
#663=CARTESIAN_POINT('',(0.299666334145713,-0.0362043365262008,-0.0894999999999999));
#664=CARTESIAN_POINT('',(0.299279352420427,-0.0355236091481676,-0.0894999999999999));
#665=CARTESIAN_POINT('',(0.29982740206249,-0.0445,-0.0461815563424021));
#666=CARTESIAN_POINT('',(0.287,-0.0445,-0.0415871723786684));
#667=CARTESIAN_POINT('',(0.3022104598415,-0.0445,-0.046509999885277));
#668=CARTESIAN_POINT('',(0.3022104598415,-0.0445,-0.0460061942197891));
#669=CARTESIAN_POINT('',(0.3022104598415,-0.0445,-0.0470061942197891));
#670=CARTESIAN_POINT('',(0.298596513386166,-0.0445,-0.048720659447777));
#671=CARTESIAN_POINT('',(0.29982740206249,-0.0445,-0.0911815563424021));
#672=CARTESIAN_POINT('',(0.30085522992075,-0.0445,-0.0893632697592936));
#673=CARTESIAN_POINT('',(0.29949999999999,-0.0445,-0.0887203452987932));
#674=CARTESIAN_POINT('',(0.29949999999999,-0.0372831216351357,-0.0883036786321265));
#675=CARTESIAN_POINT('',(0.293249999999995,-0.0336746824527036,-0.0878870119654598));
#676=CARTESIAN_POINT('',(0.287,-0.0300662432702714,-0.0874703452987931));
#677=CARTESIAN_POINT('',(0.280750000000005,-0.0336746824527036,-0.0870536786321265));
#678=CARTESIAN_POINT('',(0.274500000000011,-0.0372831216351357,-0.0866370119654599));
#679=CARTESIAN_POINT('',(0.27450000000001,-0.0445,-0.0862203452987932));
#680=CARTESIAN_POINT('',(0.274500000000011,-0.0517168783648642,-0.0858036786321265));
#681=CARTESIAN_POINT('',(0.280750000000005,-0.0553253175472963,-0.0853870119654598));
#682=CARTESIAN_POINT('',(0.287,-0.0589337567297284,-0.0849703452987931));
#683=CARTESIAN_POINT('',(0.293249999999995,-0.0553253175472963,-0.0845536786321265));
#684=CARTESIAN_POINT('',(0.29949999999999,-0.0517168783648642,-0.0841370119654598));
#685=CARTESIAN_POINT('',(0.29949999999999,-0.0445,-0.0837203452987932));
#686=CARTESIAN_POINT('',(0.29949999999999,-0.0372831216351357,-0.0833036786321265));
#687=CARTESIAN_POINT('',(0.293249999999995,-0.0336746824527036,-0.0828870119654598));
#688=CARTESIAN_POINT('',(0.287,-0.0300662432702714,-0.0824703452987931));
#689=CARTESIAN_POINT('',(0.280750000000005,-0.0336746824527036,-0.0820536786321265));
#690=CARTESIAN_POINT('',(0.274500000000011,-0.0372831216351357,-0.0816370119654598));
#691=CARTESIAN_POINT('',(0.27450000000001,-0.0445,-0.0812203452987932));
#692=CARTESIAN_POINT('',(0.274500000000011,-0.0517168783648642,-0.0808036786321265));
#693=CARTESIAN_POINT('',(0.280750000000005,-0.0553253175472963,-0.0803870119654598));
#694=CARTESIAN_POINT('',(0.287,-0.0589337567297284,-0.0799703452987931));
#695=CARTESIAN_POINT('',(0.293249999999995,-0.0553253175472963,-0.0795536786321265));
#696=CARTESIAN_POINT('',(0.29949999999999,-0.0517168783648642,-0.0791370119654598));
#697=CARTESIAN_POINT('',(0.29949999999999,-0.0445,-0.0787203452987932));
#698=CARTESIAN_POINT('',(0.29949999999999,-0.0372831216351357,-0.0783036786321265));
#699=CARTESIAN_POINT('',(0.293249999999995,-0.0336746824527036,-0.0778870119654598));
#700=CARTESIAN_POINT('',(0.287,-0.0300662432702714,-0.0774703452987931));
#701=CARTESIAN_POINT('',(0.280750000000005,-0.0336746824527036,-0.0770536786321265));
#702=CARTESIAN_POINT('',(0.274500000000011,-0.0372831216351357,-0.0766370119654598));
#703=CARTESIAN_POINT('',(0.27450000000001,-0.0445,-0.0762203452987932));
#704=CARTESIAN_POINT('',(0.274500000000011,-0.0517168783648642,-0.0758036786321265));
#705=CARTESIAN_POINT('',(0.280750000000005,-0.0553253175472963,-0.0753870119654598));
#706=CARTESIAN_POINT('',(0.287,-0.0589337567297284,-0.0749703452987931));
#707=CARTESIAN_POINT('',(0.293249999999995,-0.0553253175472963,-0.0745536786321265));
#708=CARTESIAN_POINT('',(0.29949999999999,-0.0517168783648642,-0.0741370119654598));
#709=CARTESIAN_POINT('',(0.29949999999999,-0.0445,-0.0737203452987932));
#710=CARTESIAN_POINT('',(0.29949999999999,-0.0372831216351357,-0.0733036786321265));
#711=CARTESIAN_POINT('',(0.293249999999995,-0.0336746824527036,-0.0728870119654598));
#712=CARTESIAN_POINT('',(0.287,-0.0300662432702714,-0.0724703452987932));
#713=CARTESIAN_POINT('',(0.280750000000005,-0.0336746824527036,-0.0720536786321265));
#714=CARTESIAN_POINT('',(0.274500000000011,-0.0372831216351357,-0.0716370119654598));
#715=CARTESIAN_POINT('',(0.27450000000001,-0.0445,-0.0712203452987932));
#716=CARTESIAN_POINT('',(0.274500000000011,-0.0517168783648642,-0.0708036786321265));
#717=CARTESIAN_POINT('',(0.280750000000005,-0.0553253175472963,-0.0703870119654598));
#718=CARTESIAN_POINT('',(0.287,-0.0589337567297284,-0.0699703452987932));
#719=CARTESIAN_POINT('',(0.293249999999995,-0.0553253175472963,-0.0695536786321265));
#720=CARTESIAN_POINT('',(0.29949999999999,-0.0517168783648642,-0.0691370119654598));
#721=CARTESIAN_POINT('',(0.29949999999999,-0.0445,-0.0687203452987932));
#722=CARTESIAN_POINT('',(0.29949999999999,-0.0372831216351357,-0.0683036786321265));
#723=CARTESIAN_POINT('',(0.293249999999995,-0.0336746824527036,-0.0678870119654598));
#724=CARTESIAN_POINT('',(0.287,-0.0300662432702714,-0.0674703452987932));
#725=CARTESIAN_POINT('',(0.280750000000005,-0.0336746824527036,-0.0670536786321265));
#726=CARTESIAN_POINT('',(0.274500000000011,-0.0372831216351357,-0.0666370119654598));
#727=CARTESIAN_POINT('',(0.27450000000001,-0.0445,-0.0662203452987932));
#728=CARTESIAN_POINT('',(0.274500000000011,-0.0517168783648642,-0.0658036786321265));
#729=CARTESIAN_POINT('',(0.280750000000005,-0.0553253175472963,-0.0653870119654598));
#730=CARTESIAN_POINT('',(0.287,-0.0589337567297284,-0.0649703452987932));
#731=CARTESIAN_POINT('',(0.293249999999995,-0.0553253175472963,-0.0645536786321265));
#732=CARTESIAN_POINT('',(0.29949999999999,-0.0517168783648642,-0.0641370119654598));
#733=CARTESIAN_POINT('',(0.29949999999999,-0.0445,-0.0637203452987932));
#734=CARTESIAN_POINT('',(0.29949999999999,-0.0372831216351357,-0.0633036786321265));
#735=CARTESIAN_POINT('',(0.293249999999995,-0.0336746824527036,-0.0628870119654598));
#736=CARTESIAN_POINT('',(0.287,-0.0300662432702714,-0.0624703452987932));
#737=CARTESIAN_POINT('',(0.280750000000005,-0.0336746824527036,-0.0620536786321265));
#738=CARTESIAN_POINT('',(0.274500000000011,-0.0372831216351357,-0.0616370119654598));
#739=CARTESIAN_POINT('',(0.27450000000001,-0.0445,-0.0612203452987932));
#740=CARTESIAN_POINT('',(0.274500000000011,-0.0517168783648642,-0.0608036786321265));
#741=CARTESIAN_POINT('',(0.280750000000005,-0.0553253175472963,-0.0603870119654598));
#742=CARTESIAN_POINT('',(0.287,-0.0589337567297284,-0.0599703452987932));
#743=CARTESIAN_POINT('',(0.293249999999995,-0.0553253175472963,-0.0595536786321265));
#744=CARTESIAN_POINT('',(0.29949999999999,-0.0517168783648642,-0.0591370119654598));
#745=CARTESIAN_POINT('',(0.29949999999999,-0.0445,-0.0587203452987932));
#746=CARTESIAN_POINT('',(0.29949999999999,-0.0372831216351357,-0.0583036786321265));
#747=CARTESIAN_POINT('',(0.293249999999995,-0.0336746824527036,-0.0578870119654598));
#748=CARTESIAN_POINT('',(0.287,-0.0300662432702714,-0.0574703452987932));
#749=CARTESIAN_POINT('',(0.280750000000005,-0.0336746824527036,-0.0570536786321265));
#750=CARTESIAN_POINT('',(0.274500000000011,-0.0372831216351357,-0.0566370119654598));
#751=CARTESIAN_POINT('',(0.27450000000001,-0.0445,-0.0562203452987932));
#752=CARTESIAN_POINT('',(0.274500000000011,-0.0517168783648642,-0.0558036786321265));
#753=CARTESIAN_POINT('',(0.280750000000005,-0.0553253175472963,-0.0553870119654598));
#754=CARTESIAN_POINT('',(0.287,-0.0589337567297284,-0.0549703452987932));
#755=CARTESIAN_POINT('',(0.293249999999995,-0.0553253175472963,-0.0545536786321265));
#756=CARTESIAN_POINT('',(0.29949999999999,-0.0517168783648642,-0.0541370119654598));
#757=CARTESIAN_POINT('',(0.29949999999999,-0.0445,-0.0537203452987932));
#758=CARTESIAN_POINT('',(0.29949999999999,-0.0372831216351357,-0.0533036786321265));
#759=CARTESIAN_POINT('',(0.293249999999995,-0.0336746824527036,-0.0528870119654598));
#760=CARTESIAN_POINT('',(0.287,-0.0300662432702714,-0.0524703452987932));
#761=CARTESIAN_POINT('',(0.280750000000005,-0.0336746824527036,-0.0520536786321265));
#762=CARTESIAN_POINT('',(0.274500000000011,-0.0372831216351357,-0.0516370119654598));
#763=CARTESIAN_POINT('',(0.27450000000001,-0.0445,-0.0512203452987932));
#764=CARTESIAN_POINT('',(0.274500000000011,-0.0517168783648642,-0.0508036786321265));
#765=CARTESIAN_POINT('',(0.280750000000005,-0.0553253175472963,-0.0503870119654598));
#766=CARTESIAN_POINT('',(0.287,-0.0589337567297284,-0.0499703452987931));
#767=CARTESIAN_POINT('',(0.293249999999995,-0.0553253175472963,-0.0495536786321265));
#768=CARTESIAN_POINT('',(0.29949999999999,-0.0517168783648642,-0.0491370119654598));
#769=CARTESIAN_POINT('',(0.29949999999999,-0.0445,-0.0487203452987932));
#770=CARTESIAN_POINT('',(0.29949999999999,-0.0372831216351357,-0.0483036786321265));
#771=CARTESIAN_POINT('',(0.293249999999995,-0.0336746824527036,-0.0478870119654598));
#772=CARTESIAN_POINT('',(0.287,-0.0300662432702714,-0.0474703452987932));
#773=CARTESIAN_POINT('',(0.280750000000005,-0.0336746824527036,-0.0470536786321265));
#774=CARTESIAN_POINT('',(0.274500000000011,-0.0372831216351357,-0.0466370119654598));
#775=CARTESIAN_POINT('',(0.27450000000001,-0.0445,-0.0462203452987932));
#776=CARTESIAN_POINT('',(0.274500000000011,-0.0517168783648642,-0.0458036786321265));
#777=CARTESIAN_POINT('',(0.280750000000005,-0.0553253175472963,-0.0453870119654598));
#778=CARTESIAN_POINT('',(0.283788951051251,-0.0570798567547872,-0.0451844152287099));
#779=CARTESIAN_POINT('',(0.287297038565721,-0.056996470225236,-0.0449505427277451));
#780=CARTESIAN_POINT('',(0.3022104598415,-0.0445,-0.0900061942197891));
#781=CARTESIAN_POINT('',(0.302210459841501,-0.0357182369160117,-0.0895895275531224));
#782=CARTESIAN_POINT('',(0.29460522992075,-0.0313273553740175,-0.0891728608864557));
#783=CARTESIAN_POINT('',(0.287,-0.0269364738320234,-0.0887561942197891));
#784=CARTESIAN_POINT('',(0.27939477007925,-0.0313273553740175,-0.0883395275531224));
#785=CARTESIAN_POINT('',(0.271789540158499,-0.0357182369160117,-0.0879228608864558));
#786=CARTESIAN_POINT('',(0.271789540158499,-0.0445,-0.0875061942197891));
#787=CARTESIAN_POINT('',(0.271789540158499,-0.0532817630839882,-0.0870895275531224));
#788=CARTESIAN_POINT('',(0.27939477007925,-0.0576726446259823,-0.0866728608864557));
#789=CARTESIAN_POINT('',(0.287,-0.0620635261679765,-0.0862561942197891));
#790=CARTESIAN_POINT('',(0.29460522992075,-0.0576726446259823,-0.0858395275531224));
#791=CARTESIAN_POINT('',(0.302210459841501,-0.0532817630839882,-0.0854228608864558));
#792=CARTESIAN_POINT('',(0.3022104598415,-0.0445,-0.0850061942197891));
#793=CARTESIAN_POINT('',(0.302210459841501,-0.0357182369160117,-0.0845895275531223));
#794=CARTESIAN_POINT('',(0.29460522992075,-0.0313273553740175,-0.0841728608864557));
#795=CARTESIAN_POINT('',(0.287,-0.0269364738320234,-0.083756194219789));
#796=CARTESIAN_POINT('',(0.27939477007925,-0.0313273553740175,-0.0833395275531224));
#797=CARTESIAN_POINT('',(0.271789540158499,-0.0357182369160117,-0.0829228608864557));
#798=CARTESIAN_POINT('',(0.271789540158499,-0.0445,-0.0825061942197891));
#799=CARTESIAN_POINT('',(0.271789540158499,-0.0532817630839882,-0.0820895275531223));
#800=CARTESIAN_POINT('',(0.27939477007925,-0.0576726446259823,-0.0816728608864557));
#801=CARTESIAN_POINT('',(0.287,-0.0620635261679765,-0.0812561942197891));
#802=CARTESIAN_POINT('',(0.29460522992075,-0.0576726446259823,-0.0808395275531224));
#803=CARTESIAN_POINT('',(0.302210459841501,-0.0532817630839882,-0.0804228608864558));
#804=CARTESIAN_POINT('',(0.3022104598415,-0.0445,-0.0800061942197891));
#805=CARTESIAN_POINT('',(0.302210459841501,-0.0357182369160117,-0.0795895275531223));
#806=CARTESIAN_POINT('',(0.29460522992075,-0.0313273553740175,-0.0791728608864557));
#807=CARTESIAN_POINT('',(0.287,-0.0269364738320234,-0.078756194219789));
#808=CARTESIAN_POINT('',(0.27939477007925,-0.0313273553740175,-0.0783395275531224));
#809=CARTESIAN_POINT('',(0.271789540158499,-0.0357182369160117,-0.0779228608864558));
#810=CARTESIAN_POINT('',(0.271789540158499,-0.0445,-0.0775061942197891));
#811=CARTESIAN_POINT('',(0.271789540158499,-0.0532817630839882,-0.0770895275531223));
#812=CARTESIAN_POINT('',(0.27939477007925,-0.0576726446259823,-0.0766728608864557));
#813=CARTESIAN_POINT('',(0.287,-0.0620635261679765,-0.076256194219789));
#814=CARTESIAN_POINT('',(0.29460522992075,-0.0576726446259823,-0.0758395275531224));
#815=CARTESIAN_POINT('',(0.302210459841501,-0.0532817630839882,-0.0754228608864558));
#816=CARTESIAN_POINT('',(0.3022104598415,-0.0445,-0.0750061942197891));
#817=CARTESIAN_POINT('',(0.302210459841501,-0.0357182369160117,-0.0745895275531223));
#818=CARTESIAN_POINT('',(0.29460522992075,-0.0313273553740175,-0.0741728608864557));
#819=CARTESIAN_POINT('',(0.287,-0.0269364738320234,-0.073756194219789));
#820=CARTESIAN_POINT('',(0.27939477007925,-0.0313273553740175,-0.0733395275531224));
#821=CARTESIAN_POINT('',(0.271789540158499,-0.0357182369160117,-0.0729228608864557));
#822=CARTESIAN_POINT('',(0.271789540158499,-0.0445,-0.0725061942197891));
#823=CARTESIAN_POINT('',(0.271789540158499,-0.0532817630839882,-0.0720895275531223));
#824=CARTESIAN_POINT('',(0.27939477007925,-0.0576726446259823,-0.0716728608864557));
#825=CARTESIAN_POINT('',(0.287,-0.0620635261679765,-0.071256194219789));
#826=CARTESIAN_POINT('',(0.29460522992075,-0.0576726446259823,-0.0708395275531224));
#827=CARTESIAN_POINT('',(0.302210459841501,-0.0532817630839882,-0.0704228608864557));
#828=CARTESIAN_POINT('',(0.3022104598415,-0.0445,-0.0700061942197891));
#829=CARTESIAN_POINT('',(0.302210459841501,-0.0357182369160117,-0.0695895275531223));
#830=CARTESIAN_POINT('',(0.29460522992075,-0.0313273553740175,-0.0691728608864557));
#831=CARTESIAN_POINT('',(0.287,-0.0269364738320234,-0.068756194219789));
#832=CARTESIAN_POINT('',(0.27939477007925,-0.0313273553740175,-0.0683395275531224));
#833=CARTESIAN_POINT('',(0.271789540158499,-0.0357182369160117,-0.0679228608864557));
#834=CARTESIAN_POINT('',(0.271789540158499,-0.0445,-0.0675061942197891));
#835=CARTESIAN_POINT('',(0.271789540158499,-0.0532817630839882,-0.0670895275531224));
#836=CARTESIAN_POINT('',(0.27939477007925,-0.0576726446259823,-0.0666728608864557));
#837=CARTESIAN_POINT('',(0.287,-0.0620635261679765,-0.066256194219789));
#838=CARTESIAN_POINT('',(0.29460522992075,-0.0576726446259823,-0.0658395275531224));
#839=CARTESIAN_POINT('',(0.302210459841501,-0.0532817630839882,-0.0654228608864557));
#840=CARTESIAN_POINT('',(0.3022104598415,-0.0445,-0.0650061942197891));
#841=CARTESIAN_POINT('',(0.302210459841501,-0.0357182369160117,-0.0645895275531224));
#842=CARTESIAN_POINT('',(0.29460522992075,-0.0313273553740175,-0.0641728608864557));
#843=CARTESIAN_POINT('',(0.287,-0.0269364738320234,-0.063756194219789));
#844=CARTESIAN_POINT('',(0.27939477007925,-0.0313273553740175,-0.0633395275531224));
#845=CARTESIAN_POINT('',(0.271789540158499,-0.0357182369160117,-0.0629228608864557));
#846=CARTESIAN_POINT('',(0.271789540158499,-0.0445,-0.0625061942197891));
#847=CARTESIAN_POINT('',(0.271789540158499,-0.0532817630839882,-0.0620895275531224));
#848=CARTESIAN_POINT('',(0.27939477007925,-0.0576726446259823,-0.0616728608864557));
#849=CARTESIAN_POINT('',(0.287,-0.0620635261679765,-0.061256194219789));
#850=CARTESIAN_POINT('',(0.29460522992075,-0.0576726446259823,-0.0608395275531224));
#851=CARTESIAN_POINT('',(0.302210459841501,-0.0532817630839882,-0.0604228608864557));
#852=CARTESIAN_POINT('',(0.3022104598415,-0.0445,-0.0600061942197891));
#853=CARTESIAN_POINT('',(0.302210459841501,-0.0357182369160117,-0.0595895275531223));
#854=CARTESIAN_POINT('',(0.29460522992075,-0.0313273553740175,-0.0591728608864557));
#855=CARTESIAN_POINT('',(0.287,-0.0269364738320234,-0.058756194219789));
#856=CARTESIAN_POINT('',(0.27939477007925,-0.0313273553740175,-0.0583395275531224));
#857=CARTESIAN_POINT('',(0.271789540158499,-0.0357182369160117,-0.0579228608864557));
#858=CARTESIAN_POINT('',(0.271789540158499,-0.0445,-0.0575061942197891));
#859=CARTESIAN_POINT('',(0.271789540158499,-0.0532817630839882,-0.0570895275531223));
#860=CARTESIAN_POINT('',(0.27939477007925,-0.0576726446259823,-0.0566728608864557));
#861=CARTESIAN_POINT('',(0.287,-0.0620635261679765,-0.056256194219789));
#862=CARTESIAN_POINT('',(0.29460522992075,-0.0576726446259823,-0.0558395275531224));
#863=CARTESIAN_POINT('',(0.302210459841501,-0.0532817630839882,-0.0554228608864557));
#864=CARTESIAN_POINT('',(0.3022104598415,-0.0445,-0.0550061942197891));
#865=CARTESIAN_POINT('',(0.302210459841501,-0.0357182369160117,-0.0545895275531224));
#866=CARTESIAN_POINT('',(0.29460522992075,-0.0313273553740175,-0.0541728608864557));
#867=CARTESIAN_POINT('',(0.287,-0.0269364738320234,-0.053756194219789));
#868=CARTESIAN_POINT('',(0.27939477007925,-0.0313273553740175,-0.0533395275531224));
#869=CARTESIAN_POINT('',(0.271789540158499,-0.0357182369160117,-0.0529228608864557));
#870=CARTESIAN_POINT('',(0.271789540158499,-0.0445,-0.0525061942197891));
#871=CARTESIAN_POINT('',(0.271789540158499,-0.0532817630839882,-0.0520895275531224));
#872=CARTESIAN_POINT('',(0.27939477007925,-0.0576726446259823,-0.0516728608864557));
#873=CARTESIAN_POINT('',(0.287,-0.0620635261679765,-0.0512561942197891));
#874=CARTESIAN_POINT('',(0.29460522992075,-0.0576726446259823,-0.0508395275531224));
#875=CARTESIAN_POINT('',(0.302210459841501,-0.0532817630839882,-0.0504228608864557));
#876=CARTESIAN_POINT('',(0.3022104598415,-0.0445,-0.0500061942197891));
#877=CARTESIAN_POINT('',(0.302210459841501,-0.0357182369160117,-0.0495895275531224));
#878=CARTESIAN_POINT('',(0.29460522992075,-0.0313273553740175,-0.0491728608864557));
#879=CARTESIAN_POINT('',(0.287,-0.0269364738320234,-0.0487561942197891));
#880=CARTESIAN_POINT('',(0.27939477007925,-0.0313273553740175,-0.0483395275531224));
#881=CARTESIAN_POINT('',(0.271789540158499,-0.0357182369160117,-0.0479228608864557));
#882=CARTESIAN_POINT('',(0.271789540158499,-0.0445,-0.0475061942197891));
#883=CARTESIAN_POINT('',(0.271789540158499,-0.0532817630839882,-0.0470895275531224));
#884=CARTESIAN_POINT('',(0.27939477007925,-0.0576726446259823,-0.0466728608864557));
#885=CARTESIAN_POINT('',(0.283092677513274,-0.0598076324784543,-0.0464702641497058));
#886=CARTESIAN_POINT('',(0.287361447454022,-0.0597061646817294,-0.046236391648741));
#887=CARTESIAN_POINT('',(0.277686648350471,-0.052837354559568,-0.045632766297181));
#888=CARTESIAN_POINT('',(0.27810310893299,-0.0540870075275861,-0.0458021027158116));
#889=CARTESIAN_POINT('',(0.279051445242232,-0.0558182071168519,-0.0460316078983652));
#890=CARTESIAN_POINT('',(0.280846180598775,-0.0577445403366619,-0.0463009810848129));
#891=CARTESIAN_POINT('',(0.281840065450554,-0.05859296448767,-0.0464402559329744));
#892=CARTESIAN_POINT('',(0.282367398941061,-0.058987825786453,-0.046509999885277));
#893=CARTESIAN_POINT('',(0.282367398941061,-0.058987825786453,-0.046509999885277));
#894=CARTESIAN_POINT('',(0.3022104598415,-0.0445,-0.0900061942197891));
#895=CARTESIAN_POINT('',(0.302210459841501,-0.0357182369160117,-0.0895895275531224));
#896=CARTESIAN_POINT('',(0.29460522992075,-0.0313273553740175,-0.0891728608864557));
#897=CARTESIAN_POINT('',(0.287,-0.0269364738320234,-0.0887561942197891));
#898=CARTESIAN_POINT('',(0.27939477007925,-0.0313273553740175,-0.0883395275531224));
#899=CARTESIAN_POINT('',(0.271789540158499,-0.0357182369160117,-0.0879228608864558));
#900=CARTESIAN_POINT('',(0.271789540158499,-0.0445,-0.0875061942197891));
#901=CARTESIAN_POINT('',(0.271789540158499,-0.0532817630839882,-0.0870895275531224));
#902=CARTESIAN_POINT('',(0.27939477007925,-0.0576726446259823,-0.0866728608864557));
#903=CARTESIAN_POINT('',(0.287,-0.0620635261679765,-0.0862561942197891));
#904=CARTESIAN_POINT('',(0.29460522992075,-0.0576726446259823,-0.0858395275531224));
#905=CARTESIAN_POINT('',(0.302210459841501,-0.0532817630839882,-0.0854228608864558));
#906=CARTESIAN_POINT('',(0.3022104598415,-0.0445,-0.0850061942197891));
#907=CARTESIAN_POINT('',(0.302210459841501,-0.0357182369160117,-0.0845895275531223));
#908=CARTESIAN_POINT('',(0.29460522992075,-0.0313273553740175,-0.0841728608864557));
#909=CARTESIAN_POINT('',(0.287,-0.0269364738320234,-0.083756194219789));
#910=CARTESIAN_POINT('',(0.27939477007925,-0.0313273553740175,-0.0833395275531224));
#911=CARTESIAN_POINT('',(0.271789540158499,-0.0357182369160117,-0.0829228608864557));
#912=CARTESIAN_POINT('',(0.271789540158499,-0.0445,-0.0825061942197891));
#913=CARTESIAN_POINT('',(0.271789540158499,-0.0532817630839882,-0.0820895275531223));
#914=CARTESIAN_POINT('',(0.27939477007925,-0.0576726446259823,-0.0816728608864557));
#915=CARTESIAN_POINT('',(0.287,-0.0620635261679765,-0.0812561942197891));
#916=CARTESIAN_POINT('',(0.29460522992075,-0.0576726446259823,-0.0808395275531224));
#917=CARTESIAN_POINT('',(0.302210459841501,-0.0532817630839882,-0.0804228608864558));
#918=CARTESIAN_POINT('',(0.3022104598415,-0.0445,-0.0800061942197891));
#919=CARTESIAN_POINT('',(0.302210459841501,-0.0357182369160117,-0.0795895275531223));
#920=CARTESIAN_POINT('',(0.29460522992075,-0.0313273553740175,-0.0791728608864557));
#921=CARTESIAN_POINT('',(0.287,-0.0269364738320234,-0.078756194219789));
#922=CARTESIAN_POINT('',(0.27939477007925,-0.0313273553740175,-0.0783395275531224));
#923=CARTESIAN_POINT('',(0.271789540158499,-0.0357182369160117,-0.0779228608864558));
#924=CARTESIAN_POINT('',(0.271789540158499,-0.0445,-0.0775061942197891));
#925=CARTESIAN_POINT('',(0.271789540158499,-0.0532817630839882,-0.0770895275531223));
#926=CARTESIAN_POINT('',(0.27939477007925,-0.0576726446259823,-0.0766728608864557));
#927=CARTESIAN_POINT('',(0.287,-0.0620635261679765,-0.076256194219789));
#928=CARTESIAN_POINT('',(0.29460522992075,-0.0576726446259824,-0.0758395275531224));
#929=CARTESIAN_POINT('',(0.302210459841501,-0.0532817630839882,-0.0754228608864558));
#930=CARTESIAN_POINT('',(0.3022104598415,-0.0445,-0.0750061942197891));
#931=CARTESIAN_POINT('',(0.302210459841501,-0.0357182369160117,-0.0745895275531223));
#932=CARTESIAN_POINT('',(0.29460522992075,-0.0313273553740175,-0.0741728608864557));
#933=CARTESIAN_POINT('',(0.287,-0.0269364738320234,-0.073756194219789));
#934=CARTESIAN_POINT('',(0.27939477007925,-0.0313273553740175,-0.0733395275531224));
#935=CARTESIAN_POINT('',(0.271789540158499,-0.0357182369160116,-0.0729228608864557));
#936=CARTESIAN_POINT('',(0.271789540158499,-0.0445,-0.0725061942197891));
#937=CARTESIAN_POINT('',(0.271789540158499,-0.0532817630839882,-0.0720895275531223));
#938=CARTESIAN_POINT('',(0.27939477007925,-0.0576726446259823,-0.0716728608864557));
#939=CARTESIAN_POINT('',(0.287,-0.0620635261679765,-0.071256194219789));
#940=CARTESIAN_POINT('',(0.29460522992075,-0.0576726446259824,-0.0708395275531224));
#941=CARTESIAN_POINT('',(0.302210459841501,-0.0532817630839882,-0.0704228608864557));
#942=CARTESIAN_POINT('',(0.3022104598415,-0.0445,-0.0700061942197891));
#943=CARTESIAN_POINT('',(0.302210459841501,-0.0357182369160117,-0.0695895275531223));
#944=CARTESIAN_POINT('',(0.29460522992075,-0.0313273553740175,-0.0691728608864557));
#945=CARTESIAN_POINT('',(0.287,-0.0269364738320234,-0.068756194219789));
#946=CARTESIAN_POINT('',(0.27939477007925,-0.0313273553740175,-0.0683395275531224));
#947=CARTESIAN_POINT('',(0.271789540158499,-0.0357182369160116,-0.0679228608864557));
#948=CARTESIAN_POINT('',(0.271789540158499,-0.0445,-0.0675061942197891));
#949=CARTESIAN_POINT('',(0.271789540158499,-0.0532817630839882,-0.0670895275531224));
#950=CARTESIAN_POINT('',(0.27939477007925,-0.0576726446259823,-0.0666728608864557));
#951=CARTESIAN_POINT('',(0.287,-0.0620635261679765,-0.066256194219789));
#952=CARTESIAN_POINT('',(0.29460522992075,-0.0576726446259824,-0.0658395275531224));
#953=CARTESIAN_POINT('',(0.302210459841501,-0.0532817630839882,-0.0654228608864557));
#954=CARTESIAN_POINT('',(0.3022104598415,-0.0445,-0.0650061942197891));
#955=CARTESIAN_POINT('',(0.302210459841501,-0.0357182369160117,-0.0645895275531224));
#956=CARTESIAN_POINT('',(0.29460522992075,-0.0313273553740175,-0.0641728608864557));
#957=CARTESIAN_POINT('',(0.287,-0.0269364738320234,-0.063756194219789));
#958=CARTESIAN_POINT('',(0.27939477007925,-0.0313273553740175,-0.0633395275531224));
#959=CARTESIAN_POINT('',(0.271789540158499,-0.0357182369160117,-0.0629228608864557));
#960=CARTESIAN_POINT('',(0.271789540158499,-0.0445,-0.0625061942197891));
#961=CARTESIAN_POINT('',(0.271789540158499,-0.0532817630839882,-0.0620895275531224));
#962=CARTESIAN_POINT('',(0.27939477007925,-0.0576726446259823,-0.0616728608864557));
#963=CARTESIAN_POINT('',(0.287,-0.0620635261679765,-0.061256194219789));
#964=CARTESIAN_POINT('',(0.29460522992075,-0.0576726446259824,-0.0608395275531224));
#965=CARTESIAN_POINT('',(0.302210459841501,-0.0532817630839882,-0.0604228608864557));
#966=CARTESIAN_POINT('',(0.3022104598415,-0.0445,-0.0600061942197891));
#967=CARTESIAN_POINT('',(0.302210459841501,-0.0357182369160118,-0.0595895275531223));
#968=CARTESIAN_POINT('',(0.29460522992075,-0.0313273553740175,-0.0591728608864557));
#969=CARTESIAN_POINT('',(0.287,-0.0269364738320234,-0.058756194219789));
#970=CARTESIAN_POINT('',(0.27939477007925,-0.0313273553740175,-0.0583395275531224));
#971=CARTESIAN_POINT('',(0.271789540158499,-0.0357182369160117,-0.0579228608864557));
#972=CARTESIAN_POINT('',(0.271789540158499,-0.0445,-0.0575061942197891));
#973=CARTESIAN_POINT('',(0.271789540158499,-0.0532817630839882,-0.0570895275531223));
#974=CARTESIAN_POINT('',(0.27939477007925,-0.0576726446259823,-0.0566728608864557));
#975=CARTESIAN_POINT('',(0.287,-0.0620635261679765,-0.056256194219789));
#976=CARTESIAN_POINT('',(0.29460522992075,-0.0576726446259824,-0.0558395275531224));
#977=CARTESIAN_POINT('',(0.302210459841501,-0.0532817630839882,-0.0554228608864557));
#978=CARTESIAN_POINT('',(0.3022104598415,-0.0445,-0.0550061942197891));
#979=CARTESIAN_POINT('',(0.302210459841501,-0.0357182369160118,-0.0545895275531224));
#980=CARTESIAN_POINT('',(0.29460522992075,-0.0313273553740175,-0.0541728608864557));
#981=CARTESIAN_POINT('',(0.287,-0.0269364738320234,-0.053756194219789));
#982=CARTESIAN_POINT('',(0.27939477007925,-0.0313273553740175,-0.0533395275531224));
#983=CARTESIAN_POINT('',(0.271789540158499,-0.0357182369160115,-0.0529228608864557));
#984=CARTESIAN_POINT('',(0.271789540158499,-0.0445,-0.0525061942197891));
#985=CARTESIAN_POINT('',(0.271789540158499,-0.0532817630839881,-0.0520895275531224));
#986=CARTESIAN_POINT('',(0.27939477007925,-0.0576726446259823,-0.0516728608864557));
#987=CARTESIAN_POINT('',(0.287,-0.0620635261679765,-0.0512561942197891));
#988=CARTESIAN_POINT('',(0.29460522992075,-0.0576726446259824,-0.0508395275531224));
#989=CARTESIAN_POINT('',(0.302210459841501,-0.0532817630839883,-0.0504228608864557));
#990=CARTESIAN_POINT('',(0.3022104598415,-0.0445,-0.0500061942197891));
#991=CARTESIAN_POINT('',(0.302210459841501,-0.0357182369160118,-0.0495895275531224));
#992=CARTESIAN_POINT('',(0.29460522992075,-0.0313273553740176,-0.0491728608864557));
#993=CARTESIAN_POINT('',(0.287,-0.0269364738320234,-0.0487561942197891));
#994=CARTESIAN_POINT('',(0.27939477007925,-0.0313273553740175,-0.0483395275531224));
#995=CARTESIAN_POINT('',(0.271789540158499,-0.0357182369160115,-0.0479228608864557));
#996=CARTESIAN_POINT('',(0.271789540158499,-0.0445,-0.0475061942197891));
#997=CARTESIAN_POINT('',(0.271789540158499,-0.0532817630839881,-0.0470895275531224));
#998=CARTESIAN_POINT('',(0.27939477007925,-0.0576726446259823,-0.0466728608864557));
#999=CARTESIAN_POINT('',(0.287,-0.0620635261679765,-0.0462561942197891));
#1000=CARTESIAN_POINT('',(0.29460522992075,-0.0576726446259824,-0.0458395275531224));
#1001=CARTESIAN_POINT('',(0.302210459841501,-0.0532817630839883,-0.0454228608864557));
#1002=CARTESIAN_POINT('',(0.3022104598415,-0.0445,-0.0450061942197891));
#1003=CARTESIAN_POINT('',(0.287,-0.0445,-0.0445));
#1004=CARTESIAN_POINT('',(0.287,-0.0445,-0.046509999885277));
#1005=CARTESIAN_POINT('',(0.3022104598415,-0.0445,-0.0920061942197891));
#1006=CARTESIAN_POINT('',(0.302210459841501,-0.0357182369160117,-0.0915895275531224));
#1007=CARTESIAN_POINT('',(0.29460522992075,-0.0313273553740175,-0.0911728608864557));
#1008=CARTESIAN_POINT('',(0.287,-0.0269364738320234,-0.0907561942197891));
#1009=CARTESIAN_POINT('',(0.27939477007925,-0.0313273553740175,-0.0903395275531224));
#1010=CARTESIAN_POINT('',(0.271789540158499,-0.0357182369160117,-0.0899228608864557));
#1011=CARTESIAN_POINT('',(0.271789540158499,-0.0445,-0.0895061942197891));
#1012=CARTESIAN_POINT('',(0.271789540158499,-0.0532817630839882,-0.0890895275531224));
#1013=CARTESIAN_POINT('',(0.27939477007925,-0.0576726446259823,-0.0886728608864557));
#1014=CARTESIAN_POINT('',(0.287,-0.0620635261679765,-0.0882561942197891));
#1015=CARTESIAN_POINT('',(0.29460522992075,-0.0576726446259823,-0.0878395275531224));
#1016=CARTESIAN_POINT('',(0.302210459841501,-0.0532817630839882,-0.0874228608864557));
#1017=CARTESIAN_POINT('',(0.3022104598415,-0.0445,-0.0870061942197891));
#1018=CARTESIAN_POINT('',(0.302210459841501,-0.0357182369160117,-0.0865895275531224));
#1019=CARTESIAN_POINT('',(0.29460522992075,-0.0313273553740175,-0.0861728608864557));
#1020=CARTESIAN_POINT('',(0.287,-0.0269364738320234,-0.0857561942197891));
#1021=CARTESIAN_POINT('',(0.27939477007925,-0.0313273553740175,-0.0853395275531224));
#1022=CARTESIAN_POINT('',(0.271789540158499,-0.0357182369160117,-0.0849228608864557));
#1023=CARTESIAN_POINT('',(0.271789540158499,-0.0445,-0.0845061942197891));
#1024=CARTESIAN_POINT('',(0.271789540158499,-0.0532817630839882,-0.0840895275531224));
#1025=CARTESIAN_POINT('',(0.27939477007925,-0.0576726446259823,-0.0836728608864557));
#1026=CARTESIAN_POINT('',(0.287,-0.0620635261679765,-0.0832561942197891));
#1027=CARTESIAN_POINT('',(0.29460522992075,-0.0576726446259823,-0.0828395275531224));
#1028=CARTESIAN_POINT('',(0.302210459841501,-0.0532817630839882,-0.0824228608864556));
#1029=CARTESIAN_POINT('',(0.3022104598415,-0.0445,-0.0820061942197891));
#1030=CARTESIAN_POINT('',(0.302210459841501,-0.0357182369160117,-0.0815895275531224));
#1031=CARTESIAN_POINT('',(0.29460522992075,-0.0313273553740175,-0.0811728608864557));
#1032=CARTESIAN_POINT('',(0.287,-0.0269364738320234,-0.0807561942197891));
#1033=CARTESIAN_POINT('',(0.27939477007925,-0.0313273553740175,-0.0803395275531224));
#1034=CARTESIAN_POINT('',(0.271789540158499,-0.0357182369160117,-0.0799228608864558));
#1035=CARTESIAN_POINT('',(0.271789540158499,-0.0445,-0.0795061942197891));
#1036=CARTESIAN_POINT('',(0.271789540158499,-0.0532817630839882,-0.0790895275531224));
#1037=CARTESIAN_POINT('',(0.27939477007925,-0.0576726446259823,-0.0786728608864557));
#1038=CARTESIAN_POINT('',(0.287,-0.0620635261679765,-0.0782561942197891));
#1039=CARTESIAN_POINT('',(0.29460522992075,-0.0576726446259824,-0.0778395275531224));
#1040=CARTESIAN_POINT('',(0.302210459841501,-0.0532817630839882,-0.0774228608864558));
#1041=CARTESIAN_POINT('',(0.3022104598415,-0.0445,-0.0770061942197891));
#1042=CARTESIAN_POINT('',(0.302210459841501,-0.0357182369160117,-0.0765895275531224));
#1043=CARTESIAN_POINT('',(0.29460522992075,-0.0313273553740175,-0.0761728608864557));
#1044=CARTESIAN_POINT('',(0.287,-0.0269364738320234,-0.0757561942197891));
#1045=CARTESIAN_POINT('',(0.27939477007925,-0.0313273553740175,-0.0753395275531224));
#1046=CARTESIAN_POINT('',(0.271789540158499,-0.0357182369160116,-0.0749228608864558));
#1047=CARTESIAN_POINT('',(0.271789540158499,-0.0445,-0.0745061942197891));
#1048=CARTESIAN_POINT('',(0.271789540158499,-0.0532817630839882,-0.0740895275531224));
#1049=CARTESIAN_POINT('',(0.27939477007925,-0.0576726446259823,-0.0736728608864557));
#1050=CARTESIAN_POINT('',(0.287,-0.0620635261679765,-0.0732561942197891));
#1051=CARTESIAN_POINT('',(0.29460522992075,-0.0576726446259824,-0.0728395275531224));
#1052=CARTESIAN_POINT('',(0.302210459841501,-0.0532817630839882,-0.0724228608864558));
#1053=CARTESIAN_POINT('',(0.3022104598415,-0.0445,-0.0720061942197891));
#1054=CARTESIAN_POINT('',(0.302210459841501,-0.0357182369160117,-0.0715895275531224));
#1055=CARTESIAN_POINT('',(0.29460522992075,-0.0313273553740175,-0.0711728608864557));
#1056=CARTESIAN_POINT('',(0.287,-0.0269364738320234,-0.0707561942197891));
#1057=CARTESIAN_POINT('',(0.27939477007925,-0.0313273553740175,-0.0703395275531224));
#1058=CARTESIAN_POINT('',(0.271789540158499,-0.0357182369160116,-0.0699228608864558));
#1059=CARTESIAN_POINT('',(0.271789540158499,-0.0445,-0.0695061942197891));
#1060=CARTESIAN_POINT('',(0.271789540158499,-0.0532817630839882,-0.0690895275531224));
#1061=CARTESIAN_POINT('',(0.27939477007925,-0.0576726446259823,-0.0686728608864557));
#1062=CARTESIAN_POINT('',(0.287,-0.0620635261679765,-0.0682561942197891));
#1063=CARTESIAN_POINT('',(0.29460522992075,-0.0576726446259824,-0.0678395275531224));
#1064=CARTESIAN_POINT('',(0.302210459841501,-0.0532817630839882,-0.0674228608864558));
#1065=CARTESIAN_POINT('',(0.3022104598415,-0.0445,-0.0670061942197891));
#1066=CARTESIAN_POINT('',(0.302210459841501,-0.0357182369160117,-0.0665895275531223));
#1067=CARTESIAN_POINT('',(0.29460522992075,-0.0313273553740175,-0.0661728608864557));
#1068=CARTESIAN_POINT('',(0.287,-0.0269364738320234,-0.0657561942197891));
#1069=CARTESIAN_POINT('',(0.27939477007925,-0.0313273553740175,-0.0653395275531224));
#1070=CARTESIAN_POINT('',(0.271789540158499,-0.0357182369160117,-0.0649228608864558));
#1071=CARTESIAN_POINT('',(0.271789540158499,-0.0445,-0.0645061942197891));
#1072=CARTESIAN_POINT('',(0.271789540158499,-0.0532817630839882,-0.0640895275531223));
#1073=CARTESIAN_POINT('',(0.27939477007925,-0.0576726446259823,-0.0636728608864557));
#1074=CARTESIAN_POINT('',(0.287,-0.0620635261679765,-0.063256194219789));
#1075=CARTESIAN_POINT('',(0.29460522992075,-0.0576726446259824,-0.0628395275531224));
#1076=CARTESIAN_POINT('',(0.302210459841501,-0.0532817630839882,-0.0624228608864558));
#1077=CARTESIAN_POINT('',(0.3022104598415,-0.0445,-0.0620061942197891));
#1078=CARTESIAN_POINT('',(0.302210459841501,-0.0357182369160118,-0.0615895275531223));
#1079=CARTESIAN_POINT('',(0.29460522992075,-0.0313273553740175,-0.0611728608864557));
#1080=CARTESIAN_POINT('',(0.287,-0.0269364738320234,-0.060756194219789));
#1081=CARTESIAN_POINT('',(0.27939477007925,-0.0313273553740175,-0.0603395275531224));
#1082=CARTESIAN_POINT('',(0.271789540158499,-0.0357182369160117,-0.0599228608864558));
#1083=CARTESIAN_POINT('',(0.271789540158499,-0.0445,-0.0595061942197891));
#1084=CARTESIAN_POINT('',(0.271789540158499,-0.0532817630839882,-0.0590895275531223));
#1085=CARTESIAN_POINT('',(0.27939477007925,-0.0576726446259823,-0.0586728608864557));
#1086=CARTESIAN_POINT('',(0.287,-0.0620635261679765,-0.058256194219789));
#1087=CARTESIAN_POINT('',(0.29460522992075,-0.0576726446259824,-0.0578395275531224));
#1088=CARTESIAN_POINT('',(0.302210459841501,-0.0532817630839882,-0.0574228608864557));
#1089=CARTESIAN_POINT('',(0.3022104598415,-0.0445,-0.0570061942197891));
#1090=CARTESIAN_POINT('',(0.302210459841501,-0.0357182369160118,-0.0565895275531223));
#1091=CARTESIAN_POINT('',(0.29460522992075,-0.0313273553740175,-0.0561728608864557));
#1092=CARTESIAN_POINT('',(0.287,-0.0269364738320234,-0.055756194219789));
#1093=CARTESIAN_POINT('',(0.27939477007925,-0.0313273553740175,-0.0553395275531224));
#1094=CARTESIAN_POINT('',(0.271789540158499,-0.0357182369160115,-0.0549228608864557));
#1095=CARTESIAN_POINT('',(0.271789540158499,-0.0445,-0.0545061942197891));
#1096=CARTESIAN_POINT('',(0.271789540158499,-0.0532817630839881,-0.0540895275531224));
#1097=CARTESIAN_POINT('',(0.27939477007925,-0.0576726446259823,-0.0536728608864557));
#1098=CARTESIAN_POINT('',(0.287,-0.0620635261679765,-0.053256194219789));
#1099=CARTESIAN_POINT('',(0.29460522992075,-0.0576726446259824,-0.0528395275531224));
#1100=CARTESIAN_POINT('',(0.302210459841501,-0.0532817630839883,-0.0524228608864557));
#1101=CARTESIAN_POINT('',(0.3022104598415,-0.0445,-0.0520061942197891));
#1102=CARTESIAN_POINT('',(0.302210459841501,-0.0357182369160118,-0.0515895275531224));
#1103=CARTESIAN_POINT('',(0.29460522992075,-0.0313273553740176,-0.0511728608864557));
#1104=CARTESIAN_POINT('',(0.287,-0.0269364738320234,-0.050756194219789));
#1105=CARTESIAN_POINT('',(0.27939477007925,-0.0313273553740175,-0.0503395275531224));
#1106=CARTESIAN_POINT('',(0.271789540158499,-0.0357182369160115,-0.0499228608864557));
#1107=CARTESIAN_POINT('',(0.271789540158499,-0.0445,-0.0495061942197891));
#1108=CARTESIAN_POINT('',(0.271789540158499,-0.0532817630839881,-0.0490895275531224));
#1109=CARTESIAN_POINT('',(0.27939477007925,-0.0576726446259823,-0.0486728608864557));
#1110=CARTESIAN_POINT('',(0.287,-0.0620635261679765,-0.048256194219789));
#1111=CARTESIAN_POINT('',(0.29460522992075,-0.0576726446259824,-0.0478395275531224));
#1112=CARTESIAN_POINT('',(0.302210459841501,-0.0532817630839883,-0.0474228608864557));
#1113=CARTESIAN_POINT('',(0.3022104598415,-0.0445,-0.0470061942197891));
#1114=CARTESIAN_POINT('',(0.272502076258844,-0.0398990983725459,-0.0897440111445179));
#1115=CARTESIAN_POINT('',(0.2717895401585,-0.0421443743819189,-0.0896179611468643));
#1116=CARTESIAN_POINT('',(0.271789540158499,-0.0445,-0.0895061942197891));
#1117=CARTESIAN_POINT('',(0.271789540158499,-0.0532817630839882,-0.0890895275531224));
#1118=CARTESIAN_POINT('',(0.27939477007925,-0.0576726446259823,-0.0886728608864557));
#1119=CARTESIAN_POINT('',(0.287,-0.0620635261679765,-0.0882561942197891));
#1120=CARTESIAN_POINT('',(0.29460522992075,-0.0576726446259823,-0.0878395275531224));
#1121=CARTESIAN_POINT('',(0.302210459841501,-0.0532817630839882,-0.0874228608864557));
#1122=CARTESIAN_POINT('',(0.3022104598415,-0.0445,-0.0870061942197891));
#1123=CARTESIAN_POINT('',(0.302210459841501,-0.0357182369160117,-0.0865895275531224));
#1124=CARTESIAN_POINT('',(0.29460522992075,-0.0313273553740175,-0.0861728608864557));
#1125=CARTESIAN_POINT('',(0.287,-0.0269364738320234,-0.0857561942197891));
#1126=CARTESIAN_POINT('',(0.27939477007925,-0.0313273553740175,-0.0853395275531224));
#1127=CARTESIAN_POINT('',(0.271789540158499,-0.0357182369160117,-0.0849228608864557));
#1128=CARTESIAN_POINT('',(0.271789540158499,-0.0445,-0.0845061942197891));
#1129=CARTESIAN_POINT('',(0.271789540158499,-0.0532817630839882,-0.0840895275531224));
#1130=CARTESIAN_POINT('',(0.27939477007925,-0.0576726446259823,-0.0836728608864557));
#1131=CARTESIAN_POINT('',(0.287,-0.0620635261679765,-0.0832561942197891));
#1132=CARTESIAN_POINT('',(0.29460522992075,-0.0576726446259823,-0.0828395275531224));
#1133=CARTESIAN_POINT('',(0.302210459841501,-0.0532817630839882,-0.0824228608864556));
#1134=CARTESIAN_POINT('',(0.3022104598415,-0.0445,-0.0820061942197891));
#1135=CARTESIAN_POINT('',(0.302210459841501,-0.0357182369160117,-0.0815895275531224));
#1136=CARTESIAN_POINT('',(0.29460522992075,-0.0313273553740175,-0.0811728608864557));
#1137=CARTESIAN_POINT('',(0.287,-0.0269364738320234,-0.0807561942197891));
#1138=CARTESIAN_POINT('',(0.27939477007925,-0.0313273553740175,-0.0803395275531224));
#1139=CARTESIAN_POINT('',(0.271789540158499,-0.0357182369160117,-0.0799228608864558));
#1140=CARTESIAN_POINT('',(0.271789540158499,-0.0445,-0.0795061942197891));
#1141=CARTESIAN_POINT('',(0.271789540158499,-0.0532817630839882,-0.0790895275531224));
#1142=CARTESIAN_POINT('',(0.27939477007925,-0.0576726446259823,-0.0786728608864557));
#1143=CARTESIAN_POINT('',(0.287,-0.0620635261679765,-0.0782561942197891));
#1144=CARTESIAN_POINT('',(0.29460522992075,-0.0576726446259823,-0.0778395275531224));
#1145=CARTESIAN_POINT('',(0.302210459841501,-0.0532817630839882,-0.0774228608864558));
#1146=CARTESIAN_POINT('',(0.3022104598415,-0.0445,-0.0770061942197891));
#1147=CARTESIAN_POINT('',(0.302210459841501,-0.0357182369160117,-0.0765895275531224));
#1148=CARTESIAN_POINT('',(0.29460522992075,-0.0313273553740175,-0.0761728608864557));
#1149=CARTESIAN_POINT('',(0.287,-0.0269364738320234,-0.0757561942197891));
#1150=CARTESIAN_POINT('',(0.27939477007925,-0.0313273553740175,-0.0753395275531224));
#1151=CARTESIAN_POINT('',(0.271789540158499,-0.0357182369160117,-0.0749228608864558));
#1152=CARTESIAN_POINT('',(0.271789540158499,-0.0445,-0.0745061942197891));
#1153=CARTESIAN_POINT('',(0.271789540158499,-0.0532817630839882,-0.0740895275531224));
#1154=CARTESIAN_POINT('',(0.27939477007925,-0.0576726446259823,-0.0736728608864557));
#1155=CARTESIAN_POINT('',(0.287,-0.0620635261679765,-0.0732561942197891));
#1156=CARTESIAN_POINT('',(0.29460522992075,-0.0576726446259823,-0.0728395275531224));
#1157=CARTESIAN_POINT('',(0.302210459841501,-0.0532817630839882,-0.0724228608864558));
#1158=CARTESIAN_POINT('',(0.3022104598415,-0.0445,-0.0720061942197891));
#1159=CARTESIAN_POINT('',(0.302210459841501,-0.0357182369160117,-0.0715895275531224));
#1160=CARTESIAN_POINT('',(0.29460522992075,-0.0313273553740175,-0.0711728608864557));
#1161=CARTESIAN_POINT('',(0.287,-0.0269364738320234,-0.0707561942197891));
#1162=CARTESIAN_POINT('',(0.27939477007925,-0.0313273553740175,-0.0703395275531224));
#1163=CARTESIAN_POINT('',(0.271789540158499,-0.0357182369160117,-0.0699228608864558));
#1164=CARTESIAN_POINT('',(0.271789540158499,-0.0445,-0.0695061942197891));
#1165=CARTESIAN_POINT('',(0.271789540158499,-0.0532817630839882,-0.0690895275531224));
#1166=CARTESIAN_POINT('',(0.27939477007925,-0.0576726446259823,-0.0686728608864557));
#1167=CARTESIAN_POINT('',(0.287,-0.0620635261679765,-0.0682561942197891));
#1168=CARTESIAN_POINT('',(0.29460522992075,-0.0576726446259823,-0.0678395275531224));
#1169=CARTESIAN_POINT('',(0.302210459841501,-0.0532817630839882,-0.0674228608864558));
#1170=CARTESIAN_POINT('',(0.3022104598415,-0.0445,-0.0670061942197891));
#1171=CARTESIAN_POINT('',(0.302210459841501,-0.0357182369160117,-0.0665895275531223));
#1172=CARTESIAN_POINT('',(0.29460522992075,-0.0313273553740175,-0.0661728608864557));
#1173=CARTESIAN_POINT('',(0.287,-0.0269364738320234,-0.0657561942197891));
#1174=CARTESIAN_POINT('',(0.27939477007925,-0.0313273553740175,-0.0653395275531224));
#1175=CARTESIAN_POINT('',(0.271789540158499,-0.0357182369160117,-0.0649228608864558));
#1176=CARTESIAN_POINT('',(0.271789540158499,-0.0445,-0.0645061942197891));
#1177=CARTESIAN_POINT('',(0.271789540158499,-0.0532817630839882,-0.0640895275531223));
#1178=CARTESIAN_POINT('',(0.27939477007925,-0.0576726446259823,-0.0636728608864557));
#1179=CARTESIAN_POINT('',(0.287,-0.0620635261679765,-0.063256194219789));
#1180=CARTESIAN_POINT('',(0.29460522992075,-0.0576726446259823,-0.0628395275531224));
#1181=CARTESIAN_POINT('',(0.302210459841501,-0.0532817630839882,-0.0624228608864558));
#1182=CARTESIAN_POINT('',(0.3022104598415,-0.0445,-0.0620061942197891));
#1183=CARTESIAN_POINT('',(0.302210459841501,-0.0357182369160117,-0.0615895275531223));
#1184=CARTESIAN_POINT('',(0.29460522992075,-0.0313273553740175,-0.0611728608864557));
#1185=CARTESIAN_POINT('',(0.287,-0.0269364738320234,-0.060756194219789));
#1186=CARTESIAN_POINT('',(0.27939477007925,-0.0313273553740175,-0.0603395275531224));
#1187=CARTESIAN_POINT('',(0.271789540158499,-0.0357182369160117,-0.0599228608864558));
#1188=CARTESIAN_POINT('',(0.271789540158499,-0.0445,-0.0595061942197891));
#1189=CARTESIAN_POINT('',(0.271789540158499,-0.0532817630839882,-0.0590895275531223));
#1190=CARTESIAN_POINT('',(0.27939477007925,-0.0576726446259823,-0.0586728608864557));
#1191=CARTESIAN_POINT('',(0.287,-0.0620635261679765,-0.058256194219789));
#1192=CARTESIAN_POINT('',(0.29460522992075,-0.0576726446259823,-0.0578395275531224));
#1193=CARTESIAN_POINT('',(0.302210459841501,-0.0532817630839882,-0.0574228608864557));
#1194=CARTESIAN_POINT('',(0.3022104598415,-0.0445,-0.0570061942197891));
#1195=CARTESIAN_POINT('',(0.302210459841501,-0.0357182369160117,-0.0565895275531223));
#1196=CARTESIAN_POINT('',(0.29460522992075,-0.0313273553740175,-0.0561728608864557));
#1197=CARTESIAN_POINT('',(0.287,-0.0269364738320234,-0.055756194219789));
#1198=CARTESIAN_POINT('',(0.27939477007925,-0.0313273553740175,-0.0553395275531224));
#1199=CARTESIAN_POINT('',(0.271789540158499,-0.0357182369160117,-0.0549228608864557));
#1200=CARTESIAN_POINT('',(0.271789540158499,-0.0445,-0.0545061942197891));
#1201=CARTESIAN_POINT('',(0.271789540158499,-0.0532817630839882,-0.0540895275531224));
#1202=CARTESIAN_POINT('',(0.27939477007925,-0.0576726446259823,-0.0536728608864557));
#1203=CARTESIAN_POINT('',(0.287,-0.0620635261679765,-0.053256194219789));
#1204=CARTESIAN_POINT('',(0.29460522992075,-0.0576726446259823,-0.0528395275531224));
#1205=CARTESIAN_POINT('',(0.302210459841501,-0.0532817630839882,-0.0524228608864557));
#1206=CARTESIAN_POINT('',(0.3022104598415,-0.0445,-0.0520061942197891));
#1207=CARTESIAN_POINT('',(0.302210459841501,-0.0357182369160117,-0.0515895275531224));
#1208=CARTESIAN_POINT('',(0.29460522992075,-0.0313273553740175,-0.0511728608864557));
#1209=CARTESIAN_POINT('',(0.287,-0.0269364738320234,-0.050756194219789));
#1210=CARTESIAN_POINT('',(0.27939477007925,-0.0313273553740175,-0.0503395275531224));
#1211=CARTESIAN_POINT('',(0.271789540158499,-0.0357182369160117,-0.0499228608864557));
#1212=CARTESIAN_POINT('',(0.271789540158499,-0.0445,-0.0495061942197891));
#1213=CARTESIAN_POINT('',(0.271789540158499,-0.0532817630839882,-0.0490895275531224));
#1214=CARTESIAN_POINT('',(0.27939477007925,-0.0576726446259823,-0.0486728608864557));
#1215=CARTESIAN_POINT('',(0.287,-0.0620635261679765,-0.048256194219789));
#1216=CARTESIAN_POINT('',(0.29460522992075,-0.0576726446259823,-0.0478395275531224));
#1217=CARTESIAN_POINT('',(0.302210459841501,-0.0532817630839882,-0.0474228608864557));
#1218=CARTESIAN_POINT('',(0.3022104598415,-0.0445,-0.0470061942197891));
#1219=CARTESIAN_POINT('',(0.275085564233239,-0.0407189657023871,-0.0910298600655089));
#1220=CARTESIAN_POINT('',(0.2745,-0.0425641400369978,-0.0909038100678553));
#1221=CARTESIAN_POINT('',(0.2745,-0.0445,-0.0907920431407801));
#1222=CARTESIAN_POINT('',(0.2745,-0.0517168783648702,-0.0903753764741134));
#1223=CARTESIAN_POINT('',(0.28075,-0.0553253175473053,-0.0899587098074467));
#1224=CARTESIAN_POINT('',(0.287,-0.0589337567297404,-0.08954204314078));
#1225=CARTESIAN_POINT('',(0.29325,-0.0553253175473053,-0.0891253764741134));
#1226=CARTESIAN_POINT('',(0.2995,-0.0517168783648702,-0.0887087098074467));
#1227=CARTESIAN_POINT('',(0.2995,-0.0445,-0.0882920431407801));
#1228=CARTESIAN_POINT('',(0.2995,-0.0372831216351297,-0.0878753764741134));
#1229=CARTESIAN_POINT('',(0.29325,-0.0336746824526946,-0.0874587098074467));
#1230=CARTESIAN_POINT('',(0.287,-0.0300662432702594,-0.08704204314078));
#1231=CARTESIAN_POINT('',(0.28075,-0.0336746824526946,-0.0866253764741134));
#1232=CARTESIAN_POINT('',(0.2745,-0.0372831216351297,-0.0862087098074467));
#1233=CARTESIAN_POINT('',(0.2745,-0.0445,-0.0857920431407801));
#1234=CARTESIAN_POINT('',(0.2745,-0.0517168783648702,-0.0853753764741134));
#1235=CARTESIAN_POINT('',(0.28075,-0.0553253175473053,-0.0849587098074467));
#1236=CARTESIAN_POINT('',(0.287,-0.0589337567297404,-0.08454204314078));
#1237=CARTESIAN_POINT('',(0.29325,-0.0553253175473053,-0.0841253764741134));
#1238=CARTESIAN_POINT('',(0.2995,-0.0517168783648702,-0.0837087098074467));
#1239=CARTESIAN_POINT('',(0.2995,-0.0445,-0.0832920431407801));
#1240=CARTESIAN_POINT('',(0.2995,-0.0372831216351297,-0.0828753764741134));
#1241=CARTESIAN_POINT('',(0.29325,-0.0336746824526946,-0.0824587098074467));
#1242=CARTESIAN_POINT('',(0.287,-0.0300662432702594,-0.08204204314078));
#1243=CARTESIAN_POINT('',(0.28075,-0.0336746824526946,-0.0816253764741134));
#1244=CARTESIAN_POINT('',(0.2745,-0.0372831216351297,-0.0812087098074467));
#1245=CARTESIAN_POINT('',(0.2745,-0.0445,-0.0807920431407801));
#1246=CARTESIAN_POINT('',(0.2745,-0.0517168783648702,-0.0803753764741134));
#1247=CARTESIAN_POINT('',(0.28075,-0.0553253175473053,-0.0799587098074467));
#1248=CARTESIAN_POINT('',(0.287,-0.0589337567297404,-0.07954204314078));
#1249=CARTESIAN_POINT('',(0.29325,-0.0553253175473053,-0.0791253764741134));
#1250=CARTESIAN_POINT('',(0.2995,-0.0517168783648702,-0.0787087098074467));
#1251=CARTESIAN_POINT('',(0.2995,-0.0445,-0.0782920431407801));
#1252=CARTESIAN_POINT('',(0.2995,-0.0372831216351297,-0.0778753764741134));
#1253=CARTESIAN_POINT('',(0.29325,-0.0336746824526946,-0.0774587098074467));
#1254=CARTESIAN_POINT('',(0.287,-0.0300662432702594,-0.0770420431407801));
#1255=CARTESIAN_POINT('',(0.28075,-0.0336746824526946,-0.0766253764741134));
#1256=CARTESIAN_POINT('',(0.2745,-0.0372831216351297,-0.0762087098074467));
#1257=CARTESIAN_POINT('',(0.2745,-0.0445,-0.0757920431407801));
#1258=CARTESIAN_POINT('',(0.2745,-0.0517168783648702,-0.0753753764741134));
#1259=CARTESIAN_POINT('',(0.28075,-0.0553253175473053,-0.0749587098074467));
#1260=CARTESIAN_POINT('',(0.287,-0.0589337567297404,-0.07454204314078));
#1261=CARTESIAN_POINT('',(0.29325,-0.0553253175473053,-0.0741253764741134));
#1262=CARTESIAN_POINT('',(0.2995,-0.0517168783648702,-0.0737087098074467));
#1263=CARTESIAN_POINT('',(0.2995,-0.0445,-0.0732920431407801));
#1264=CARTESIAN_POINT('',(0.2995,-0.0372831216351297,-0.0728753764741134));
#1265=CARTESIAN_POINT('',(0.29325,-0.0336746824526946,-0.0724587098074467));
#1266=CARTESIAN_POINT('',(0.287,-0.0300662432702594,-0.0720420431407801));
#1267=CARTESIAN_POINT('',(0.28075,-0.0336746824526946,-0.0716253764741134));
#1268=CARTESIAN_POINT('',(0.2745,-0.0372831216351297,-0.0712087098074467));
#1269=CARTESIAN_POINT('',(0.2745,-0.0445,-0.0707920431407801));
#1270=CARTESIAN_POINT('',(0.2745,-0.0517168783648702,-0.0703753764741134));
#1271=CARTESIAN_POINT('',(0.28075,-0.0553253175473053,-0.0699587098074467));
#1272=CARTESIAN_POINT('',(0.287,-0.0589337567297404,-0.0695420431407801));
#1273=CARTESIAN_POINT('',(0.29325,-0.0553253175473053,-0.0691253764741133));
#1274=CARTESIAN_POINT('',(0.2995,-0.0517168783648702,-0.0687087098074467));
#1275=CARTESIAN_POINT('',(0.2995,-0.0445,-0.0682920431407801));
#1276=CARTESIAN_POINT('',(0.2995,-0.0372831216351297,-0.0678753764741134));
#1277=CARTESIAN_POINT('',(0.29325,-0.0336746824526946,-0.0674587098074467));
#1278=CARTESIAN_POINT('',(0.287,-0.0300662432702594,-0.06704204314078));
#1279=CARTESIAN_POINT('',(0.28075,-0.0336746824526946,-0.0666253764741134));
#1280=CARTESIAN_POINT('',(0.2745,-0.0372831216351297,-0.0662087098074467));
#1281=CARTESIAN_POINT('',(0.2745,-0.0445,-0.0657920431407801));
#1282=CARTESIAN_POINT('',(0.2745,-0.0517168783648702,-0.0653753764741134));
#1283=CARTESIAN_POINT('',(0.28075,-0.0553253175473053,-0.0649587098074467));
#1284=CARTESIAN_POINT('',(0.287,-0.0589337567297404,-0.0645420431407801));
#1285=CARTESIAN_POINT('',(0.29325,-0.0553253175473053,-0.0641253764741134));
#1286=CARTESIAN_POINT('',(0.2995,-0.0517168783648702,-0.0637087098074467));
#1287=CARTESIAN_POINT('',(0.2995,-0.0445,-0.0632920431407801));
#1288=CARTESIAN_POINT('',(0.2995,-0.0372831216351297,-0.0628753764741133));
#1289=CARTESIAN_POINT('',(0.29325,-0.0336746824526946,-0.0624587098074467));
#1290=CARTESIAN_POINT('',(0.287,-0.0300662432702594,-0.0620420431407801));
#1291=CARTESIAN_POINT('',(0.28075,-0.0336746824526946,-0.0616253764741134));
#1292=CARTESIAN_POINT('',(0.2745,-0.0372831216351297,-0.0612087098074467));
#1293=CARTESIAN_POINT('',(0.2745,-0.0445,-0.0607920431407801));
#1294=CARTESIAN_POINT('',(0.2745,-0.0517168783648702,-0.0603753764741134));
#1295=CARTESIAN_POINT('',(0.28075,-0.0553253175473053,-0.0599587098074467));
#1296=CARTESIAN_POINT('',(0.287,-0.0589337567297404,-0.05954204314078));
#1297=CARTESIAN_POINT('',(0.29325,-0.0553253175473053,-0.0591253764741134));
#1298=CARTESIAN_POINT('',(0.2995,-0.0517168783648702,-0.0587087098074467));
#1299=CARTESIAN_POINT('',(0.2995,-0.0445,-0.0582920431407801));
#1300=CARTESIAN_POINT('',(0.2995,-0.0372831216351297,-0.0578753764741133));
#1301=CARTESIAN_POINT('',(0.29325,-0.0336746824526946,-0.0574587098074467));
#1302=CARTESIAN_POINT('',(0.287,-0.0300662432702594,-0.05704204314078));
#1303=CARTESIAN_POINT('',(0.28075,-0.0336746824526946,-0.0566253764741134));
#1304=CARTESIAN_POINT('',(0.2745,-0.0372831216351297,-0.0562087098074467));
#1305=CARTESIAN_POINT('',(0.2745,-0.0445,-0.0557920431407801));
#1306=CARTESIAN_POINT('',(0.2745,-0.0517168783648702,-0.0553753764741134));
#1307=CARTESIAN_POINT('',(0.28075,-0.0553253175473053,-0.0549587098074467));
#1308=CARTESIAN_POINT('',(0.287,-0.0589337567297404,-0.05454204314078));
#1309=CARTESIAN_POINT('',(0.29325,-0.0553253175473053,-0.0541253764741134));
#1310=CARTESIAN_POINT('',(0.2995,-0.0517168783648702,-0.0537087098074467));
#1311=CARTESIAN_POINT('',(0.2995,-0.0445,-0.0532920431407801));
#1312=CARTESIAN_POINT('',(0.2995,-0.0372831216351297,-0.0528753764741133));
#1313=CARTESIAN_POINT('',(0.29325,-0.0336746824526946,-0.0524587098074467));
#1314=CARTESIAN_POINT('',(0.287,-0.0300662432702594,-0.05204204314078));
#1315=CARTESIAN_POINT('',(0.28075,-0.0336746824526946,-0.0516253764741134));
#1316=CARTESIAN_POINT('',(0.2745,-0.0372831216351297,-0.0512087098074467));
#1317=CARTESIAN_POINT('',(0.2745,-0.0445,-0.0507920431407801));
#1318=CARTESIAN_POINT('',(0.2745,-0.0517168783648702,-0.0503753764741133));
#1319=CARTESIAN_POINT('',(0.28075,-0.0553253175473053,-0.0499587098074467));
#1320=CARTESIAN_POINT('',(0.287,-0.0589337567297404,-0.04954204314078));
#1321=CARTESIAN_POINT('',(0.29325,-0.0553253175473053,-0.0491253764741134));
#1322=CARTESIAN_POINT('',(0.2995,-0.0517168783648702,-0.0487087098074467));
#1323=CARTESIAN_POINT('',(0.2995,-0.0445,-0.0482920431407801));
#1324=CARTESIAN_POINT('',(0.287,-0.0445,-0.0445));
#1325=CARTESIAN_POINT('',(0.287,-0.0445,-0.0445));
#1326=CARTESIAN_POINT('',(0.278,-0.0445,-0.0445));
#1327=CARTESIAN_POINT('',(0.287,-0.0445,-0.0445));
#1328=CARTESIAN_POINT('',(0.280797637103194,-0.047,-0.1045));
#1329=CARTESIAN_POINT('',(0.272717143142915,-0.047,-0.1045));
#1330=CARTESIAN_POINT('',(0.271721657299191,-0.047,-0.1045));
#1331=CARTESIAN_POINT('',(0.269759693477762,-0.047,-0.104116736658862));
#1332=CARTESIAN_POINT('',(0.267234548395735,-0.047,-0.102461584747218));
#1333=CARTESIAN_POINT('',(0.265544133958336,-0.047,-0.0999666693957397));
#1334=CARTESIAN_POINT('',(0.265142507005606,-0.047,-0.0979958359601734));
#1335=CARTESIAN_POINT('',(0.265142507005606,-0.047,-0.097));
#1336=CARTESIAN_POINT('',(0.272717143142915,-0.047,-0.1045));
#1337=CARTESIAN_POINT('',(0.280797637103194,-0.047,-0.1045));
#1338=CARTESIAN_POINT('',(0.301282856857086,-0.047,-0.1045));
#1339=CARTESIAN_POINT('',(0.308857492994395,-0.047,-0.097));
#1340=CARTESIAN_POINT('',(0.308857492994395,-0.047,-0.0979956643530724));
#1341=CARTESIAN_POINT('',(0.308459607842822,-0.047,-0.0999568298925461));
#1342=CARTESIAN_POINT('',(0.306768001086505,-0.047,-0.102459018343611));
#1343=CARTESIAN_POINT('',(0.304250514610304,-0.047,-0.104113034856956));
#1344=CARTESIAN_POINT('',(0.302278229033983,-0.047,-0.1045));
#1345=CARTESIAN_POINT('',(0.301282856857086,-0.047,-0.1045));
#1346=CARTESIAN_POINT('',(0.280797637103194,-0.042,-0.1045));
#1347=CARTESIAN_POINT('',(0.280797637103194,-0.042,-0.1045));
#1348=CARTESIAN_POINT('',(0.301282856857086,-0.042,-0.1045));
#1349=CARTESIAN_POINT('',(0.272717143142915,-0.042,-0.1045));
#1350=CARTESIAN_POINT('',(0.265142507005606,-0.042,-0.097));
#1351=CARTESIAN_POINT('',(0.265142507005606,-0.042,-0.0979956643530724));
#1352=CARTESIAN_POINT('',(0.265540392157178,-0.042,-0.0999568298925461));
#1353=CARTESIAN_POINT('',(0.267231998913495,-0.042,-0.102459018343611));
#1354=CARTESIAN_POINT('',(0.269749485389697,-0.042,-0.104113034856956));
#1355=CARTESIAN_POINT('',(0.271721770966017,-0.042,-0.1045));
#1356=CARTESIAN_POINT('',(0.272717143142915,-0.042,-0.1045));
#1357=CARTESIAN_POINT('',(0.301282856857086,-0.042,-0.1045));
#1358=CARTESIAN_POINT('',(0.302278342700809,-0.042,-0.1045));
#1359=CARTESIAN_POINT('',(0.304240306522238,-0.042,-0.104116736658863));
#1360=CARTESIAN_POINT('',(0.306765451604265,-0.042,-0.102461584747218));
#1361=CARTESIAN_POINT('',(0.308455866041663,-0.042,-0.0999666693957397));
#1362=CARTESIAN_POINT('',(0.308857492994395,-0.042,-0.0979958359601734));
#1363=CARTESIAN_POINT('',(0.308857492994395,-0.042,-0.097));
#1364=CARTESIAN_POINT('',(0.280797637103194,-0.0445,-0.1045));
#1365=CARTESIAN_POINT('',(0.287,-0.0445,-0.1045));
#1366=CARTESIAN_POINT('',(0.287,-0.0445,-0.1045));
#1367=CARTESIAN_POINT('',(0.287,-0.0445,-0.097));
#1368=CARTESIAN_POINT('',(0.287,-0.0445,-0.097));
#1369=MECHANICAL_DESIGN_GEOMETRIC_PRESENTATION_REPRESENTATION('',(#280),
#1370);
#1370=(
GEOMETRIC_REPRESENTATION_CONTEXT(3)
GLOBAL_UNCERTAINTY_ASSIGNED_CONTEXT((#1371))
GLOBAL_UNIT_ASSIGNED_CONTEXT((#1374,#1373,#1372))
REPRESENTATION_CONTEXT('Screw 2','TOP_LEVEL_ASSEMBLY_PART')
);
#1371=UNCERTAINTY_MEASURE_WITH_UNIT(LENGTH_MEASURE(2.E-5),#1374,
'DISTANCE_ACCURACY_VALUE','Maximum Tolerance applied to model');
#1372=(
NAMED_UNIT(*)
SI_UNIT($,.STERADIAN.)
SOLID_ANGLE_UNIT()
);
#1373=(
NAMED_UNIT(*)
PLANE_ANGLE_UNIT()
SI_UNIT($,.RADIAN.)
);
#1374=(
LENGTH_UNIT()
NAMED_UNIT(*)
SI_UNIT($,.METRE.)
);
#1375=PRODUCT_DEFINITION_SHAPE('','',#1376);
#1376=PRODUCT_DEFINITION('','',#1378,#1377);
#1377=PRODUCT_DEFINITION_CONTEXT('',#1384,'design');
#1378=PRODUCT_DEFINITION_FORMATION_WITH_SPECIFIED_SOURCE('','',#1380,
 .NOT_KNOWN.);
#1379=PRODUCT_RELATED_PRODUCT_CATEGORY('','',(#1380));
#1380=PRODUCT('Screw 2','Screw 2','Screw 2',(#1382));
#1381=PRODUCT_CATEGORY('','');
#1382=PRODUCT_CONTEXT('',#1384,'mechanical');
#1383=APPLICATION_PROTOCOL_DEFINITION('international standard',
'ap242_managed_model_based_3d_engineering',2020,#1384);
#1384=APPLICATION_CONTEXT('managed model based 3d engineering');
ENDSEC;
END-ISO-10303-21;
