ISO-10303-21;
HEADER;
/* Generated by software containing ST-Developer
 * from STEP Tools, Inc. (www.steptools.com) 
 */
/* OPTION: using custom renumber hook */

FILE_DESCRIPTION(
/* description */ ('STEP AP242 Edition 2',
'CAx-IF Rec.Pracs.---Representation and Presentation of Product Manufa
cturing Information (PMI)---4.0---2014-10-13',
'CAx-IF Rec.Pracs.---3D Tessellated Geometry---0.4---2014-09-14','2;1',
'CAx-IF Rec.Pracs.---User Defined Attributes---1.5---2016-08-15'),
/* implementation_level */ '2;1');

FILE_NAME(
/* name */ 'Assembly 1 - Screw 1',
/* time_stamp */ '2026-07-26T17:36:16Z',
/* author */ (''),
/* organization */ (''),
/* preprocessor_version */ 'ST-DEVELOPER v20',
/* originating_system */ 'ONSHAPE BY PTC INC, 1.218',
/* authorisation */ '  ');

FILE_SCHEMA (('AP242_MANAGED_MODEL_BASED_3D_ENGINEERING_MIM_LF { 1 0 10303 442 3 1 4 }'));
ENDSEC;

DATA;
#10=SHAPE_REPRESENTATION_RELATIONSHIP('','',#231,#11);
#11=ADVANCED_BREP_SHAPE_REPRESENTATION('',(#229),#1952);
#12=CONICAL_SURFACE('',#245,0.0025,0.785398163397448);
#13=(
BOUNDED_SURFACE()
B_SPLINE_SURFACE(1,2,((#698,#699,#700,#701,#702,#703,#704,#705,#706,#707,
#708,#709,#710,#711,#712,#713,#714,#715,#716,#717,#718,#719,#720,#721,#722,
#723,#724,#725,#726,#727,#728,#729,#730,#731,#732,#733,#734,#735,#736,#737,
#738,#739,#740,#741,#742,#743,#744,#745,#746,#747,#748,#749,#750,#751,#752,
#753,#754,#755,#756,#757,#758,#759,#760,#761,#762,#763,#764,#765,#766,#767,
#768,#769,#770,#771,#772,#773,#774,#775,#776,#777,#778,#779,#780,#781,#782,
#783,#784,#785,#786,#787,#788,#789,#790,#791,#792,#793,#794,#795,#796,#797,
#798,#799,#800,#801,#802,#803,#804,#805,#806,#807,#808,#809,#810,#811,#812,
#813,#814,#815,#816,#817,#818,#819,#820,#821,#822,#823,#824,#825,#826,#827,
#828,#829,#830,#831,#832,#833,#834,#835,#836,#837,#838,#839,#840,#841,#842),
(#843,#844,#845,#846,#847,#848,#849,#850,#851,#852,#853,#854,#855,#856,
#857,#858,#859,#860,#861,#862,#863,#864,#865,#866,#867,#868,#869,#870,#871,
#872,#873,#874,#875,#876,#877,#878,#879,#880,#881,#882,#883,#884,#885,#886,
#887,#888,#889,#890,#891,#892,#893,#894,#895,#896,#897,#898,#899,#900,#901,
#902,#903,#904,#905,#906,#907,#908,#909,#910,#911,#912,#913,#914,#915,#916,
#917,#918,#919,#920,#921,#922,#923,#924,#925,#926,#927,#928,#929,#930,#931,
#932,#933,#934,#935,#936,#937,#938,#939,#940,#941,#942,#943,#944,#945,#946,
#947,#948,#949,#950,#951,#952,#953,#954,#955,#956,#957,#958,#959,#960,#961,
#962,#963,#964,#965,#966,#967,#968,#969,#970,#971,#972,#973,#974,#975,#976,
#977,#978,#979,#980,#981,#982,#983,#984,#985,#986,#987)),.UNSPECIFIED.,
 .F.,.F.,.F.)
B_SPLINE_SURFACE_WITH_KNOTS((2,2),(3,2,2,2,2,2,2,2,2,2,2,2,2,2,2,2,2,2,
2,2,2,2,2,2,2,2,2,2,2,2,2,2,2,2,2,2,2,2,2,2,2,2,2,2,2,2,2,2,2,2,2,2,2,2,
2,2,2,2,2,2,2,2,2,2,2,2,2,2,2,2,2,2,3),(0.371697928159729,1.),(0.,0.0119047619047619,
0.0238095238095238,0.0357142857142857,0.0476190476190476,0.0595238095238095,
0.0714285714285714,0.0833333333333333,0.0952380952380952,0.107142857142857,
0.119047619047619,0.130952380952381,0.142857142857143,0.154761904761905,
0.166666666666667,0.178571428571428,0.19047619047619,0.202380952380952,
0.214285714285714,0.226190476190476,0.238095238095238,0.25,0.261904761904762,
0.273809523809524,0.285714285714286,0.297619047619048,0.309523809523809,
0.321428571428572,0.333333333333334,0.345238095238096,0.357142857142857,
0.369047619047619,0.380952380952381,0.392857142857143,0.404761904761905,
0.416666666666667,0.428571428571428,0.44047619047619,0.452380952380952,
0.464285714285714,0.476190476190476,0.488095238095238,0.5,0.511904761904762,
0.523809523809524,0.535714285714286,0.547619047619048,0.55952380952381,
0.571428571428571,0.583333333333333,0.595238095238095,0.607142857142857,
0.619047619047619,0.630952380952381,0.642857142857143,0.654761904761905,
0.666666666666667,0.678571428571429,0.690476190476191,0.702380952380952,
0.714285714285714,0.726190476190476,0.738095238095238,0.75,0.761904761904762,
0.773809523809524,0.785714285714286,0.797619047619048,0.80952380952381,
0.821428571428571,0.833333333333333,0.845238095238095,0.84951226262997),
 .PIECEWISE_BEZIER_KNOTS.)
GEOMETRIC_REPRESENTATION_ITEM()
RATIONAL_B_SPLINE_SURFACE(((1.,0.866025403784439,1.,0.866025403784439,1.,
0.866025403784439,1.,0.866025403784439,1.,0.866025403784439,1.,0.866025403784439,
1.,0.866025403784439,1.,0.866025403784439,1.,0.866025403784439,1.,0.866025403784439,
1.,0.866025403784439,1.,0.866025403784439,1.,0.866025403784439,1.,0.866025403784439,
1.,0.866025403784439,1.,0.866025403784439,1.,0.866025403784439,1.,0.866025403784439,
1.,0.866025403784439,1.,0.866025403784439,1.,0.866025403784439,1.,0.866025403784439,
1.,0.866025403784439,1.,0.866025403784439,1.,0.866025403784439,1.,0.866025403784439,
1.,0.866025403784439,1.,0.866025403784439,1.,0.866025403784439,1.,0.866025403784439,
1.,0.866025403784439,1.,0.866025403784439,1.,0.866025403784439,1.,0.866025403784439,
1.,0.866025403784439,1.,0.866025403784439,1.,0.866025403784439,1.,0.866025403784439,
1.,0.866025403784439,1.,0.866025403784439,1.,0.866025403784439,1.,0.866025403784439,
1.,0.866025403784439,1.,0.866025403784439,1.,0.866025403784439,1.,0.866025403784439,
1.,0.866025403784439,1.,0.866025403784439,1.,0.866025403784439,1.,0.866025403784439,
1.,0.866025403784439,1.,0.866025403784439,1.,0.866025403784439,1.,0.866025403784439,
1.,0.866025403784439,1.,0.866025403784439,1.,0.866025403784439,1.,0.866025403784439,
1.,0.866025403784439,1.,0.866025403784439,1.,0.866025403784439,1.,0.866025403784439,
1.,0.866025403784439,1.,0.866025403784439,1.,0.866025403784439,1.,0.866025403784439,
1.,0.866025403784439,1.,0.866025403784439,1.,0.866025403784439,1.,0.866025403784439,
1.,0.866025403784439,1.,0.951899092559332,0.938337528575882),(1.,0.866025403784439,
1.,0.866025403784439,1.,0.866025403784439,1.,0.866025403784439,1.,0.866025403784439,
1.,0.866025403784439,1.,0.866025403784439,1.,0.866025403784439,1.,0.866025403784439,
1.,0.866025403784439,1.,0.866025403784439,1.,0.866025403784439,1.,0.866025403784439,
1.,0.866025403784439,1.,0.866025403784439,1.,0.866025403784439,1.,0.866025403784439,
1.,0.866025403784439,1.,0.866025403784439,1.,0.866025403784439,1.,0.866025403784439,
1.,0.866025403784439,1.,0.866025403784439,1.,0.866025403784439,1.,0.866025403784439,
1.,0.866025403784439,1.,0.866025403784439,1.,0.866025403784439,1.,0.866025403784439,
1.,0.866025403784439,1.,0.866025403784439,1.,0.866025403784439,1.,0.866025403784439,
1.,0.866025403784439,1.,0.866025403784439,1.,0.866025403784439,1.,0.866025403784439,
1.,0.866025403784439,1.,0.866025403784439,1.,0.866025403784439,1.,0.866025403784439,
1.,0.866025403784439,1.,0.866025403784439,1.,0.866025403784439,1.,0.866025403784439,
1.,0.866025403784439,1.,0.866025403784439,1.,0.866025403784439,1.,0.866025403784439,
1.,0.866025403784439,1.,0.866025403784439,1.,0.866025403784439,1.,0.866025403784439,
1.,0.866025403784439,1.,0.866025403784439,1.,0.866025403784439,1.,0.866025403784439,
1.,0.866025403784439,1.,0.866025403784439,1.,0.866025403784439,1.,0.866025403784439,
1.,0.866025403784439,1.,0.866025403784439,1.,0.866025403784439,1.,0.866025403784439,
1.,0.866025403784439,1.,0.866025403784439,1.,0.866025403784439,1.,0.866025403784439,
1.,0.866025403784439,1.,0.866025403784439,1.,0.951899092559332,0.938337528575882)))
REPRESENTATION_ITEM('')
SURFACE()
);
#14=(
BOUNDED_SURFACE()
B_SPLINE_SURFACE(1,2,((#1162,#1163,#1164,#1165,#1166,#1167,#1168,#1169,
#1170,#1171,#1172,#1173,#1174,#1175,#1176,#1177,#1178,#1179,#1180,#1181,
#1182,#1183,#1184,#1185,#1186,#1187,#1188,#1189,#1190,#1191,#1192,#1193,
#1194,#1195,#1196,#1197,#1198,#1199,#1200,#1201,#1202,#1203,#1204,#1205,
#1206,#1207,#1208,#1209,#1210,#1211,#1212,#1213,#1214,#1215,#1216,#1217,
#1218,#1219,#1220,#1221,#1222,#1223,#1224,#1225,#1226,#1227,#1228,#1229,
#1230,#1231,#1232,#1233,#1234,#1235,#1236,#1237,#1238,#1239,#1240,#1241,
#1242,#1243,#1244,#1245,#1246,#1247,#1248,#1249,#1250,#1251,#1252,#1253,
#1254,#1255,#1256,#1257,#1258,#1259,#1260,#1261,#1262,#1263,#1264,#1265,
#1266,#1267,#1268,#1269,#1270,#1271,#1272,#1273,#1274,#1275,#1276,#1277,
#1278,#1279,#1280,#1281,#1282,#1283,#1284,#1285,#1286,#1287,#1288,#1289,
#1290,#1291,#1292,#1293,#1294,#1295,#1296,#1297,#1298,#1299,#1300,#1301,
#1302,#1303,#1304,#1305,#1306,#1307,#1308),(#1309,#1310,#1311,#1312,#1313,
#1314,#1315,#1316,#1317,#1318,#1319,#1320,#1321,#1322,#1323,#1324,#1325,
#1326,#1327,#1328,#1329,#1330,#1331,#1332,#1333,#1334,#1335,#1336,#1337,
#1338,#1339,#1340,#1341,#1342,#1343,#1344,#1345,#1346,#1347,#1348,#1349,
#1350,#1351,#1352,#1353,#1354,#1355,#1356,#1357,#1358,#1359,#1360,#1361,
#1362,#1363,#1364,#1365,#1366,#1367,#1368,#1369,#1370,#1371,#1372,#1373,
#1374,#1375,#1376,#1377,#1378,#1379,#1380,#1381,#1382,#1383,#1384,#1385,
#1386,#1387,#1388,#1389,#1390,#1391,#1392,#1393,#1394,#1395,#1396,#1397,
#1398,#1399,#1400,#1401,#1402,#1403,#1404,#1405,#1406,#1407,#1408,#1409,
#1410,#1411,#1412,#1413,#1414,#1415,#1416,#1417,#1418,#1419,#1420,#1421,
#1422,#1423,#1424,#1425,#1426,#1427,#1428,#1429,#1430,#1431,#1432,#1433,
#1434,#1435,#1436,#1437,#1438,#1439,#1440,#1441,#1442,#1443,#1444,#1445,
#1446,#1447,#1448,#1449,#1450,#1451,#1452,#1453,#1454,#1455)),
 .UNSPECIFIED.,.F.,.F.,.F.)
B_SPLINE_SURFACE_WITH_KNOTS((2,2),(3,2,2,2,2,2,2,2,2,2,2,2,2,2,2,2,2,2,
2,2,2,2,2,2,2,2,2,2,2,2,2,2,2,2,2,2,2,2,2,2,2,2,2,2,2,2,2,2,2,2,2,2,2,2,
2,2,2,2,2,2,2,2,2,2,2,2,2,2,2,2,2,2,2,3),(0.,1.),(0.0036210981176194,0.0119047619047619,
0.0238095238095238,0.0357142857142857,0.0476190476190476,0.0595238095238095,
0.0714285714285714,0.0833333333333333,0.0952380952380952,0.107142857142857,
0.119047619047619,0.130952380952381,0.142857142857143,0.154761904761905,
0.166666666666667,0.178571428571428,0.19047619047619,0.202380952380952,
0.214285714285714,0.226190476190476,0.238095238095238,0.25,0.261904761904762,
0.273809523809524,0.285714285714286,0.297619047619048,0.309523809523809,
0.321428571428572,0.333333333333334,0.345238095238096,0.357142857142857,
0.369047619047619,0.380952380952381,0.392857142857143,0.404761904761905,
0.416666666666667,0.428571428571428,0.44047619047619,0.452380952380952,
0.464285714285714,0.476190476190476,0.488095238095238,0.5,0.511904761904762,
0.523809523809524,0.535714285714286,0.547619047619048,0.55952380952381,
0.571428571428571,0.583333333333333,0.595238095238095,0.607142857142857,
0.619047619047619,0.630952380952381,0.642857142857143,0.654761904761905,
0.666666666666667,0.678571428571429,0.690476190476191,0.702380952380952,
0.714285714285714,0.726190476190476,0.738095238095238,0.75,0.761904761904762,
0.773809523809524,0.785714285714286,0.797619047619048,0.80952380952381,
0.821428571428571,0.833333333333333,0.845238095238095,0.857142857142857,
0.864064764467459),.PIECEWISE_BEZIER_KNOTS.)
GEOMETRIC_REPRESENTATION_ITEM()
RATIONAL_B_SPLINE_SURFACE(((0.943288154405492,0.906776757070298,1.,0.866025403784439,
1.,0.866025403784439,1.,0.866025403784439,1.,0.866025403784439,1.,0.866025403784439,
1.,0.866025403784439,1.,0.866025403784439,1.,0.866025403784439,1.,0.866025403784439,
1.,0.866025403784439,1.,0.866025403784439,1.,0.866025403784439,1.,0.866025403784439,
1.,0.866025403784439,1.,0.866025403784439,1.,0.866025403784439,1.,0.866025403784439,
1.,0.866025403784439,1.,0.866025403784439,1.,0.866025403784439,1.,0.866025403784439,
1.,0.866025403784439,1.,0.866025403784439,1.,0.866025403784439,1.,0.866025403784439,
1.,0.866025403784439,1.,0.866025403784439,1.,0.866025403784439,1.,0.866025403784439,
1.,0.866025403784439,1.,0.866025403784439,1.,0.866025403784439,1.,0.866025403784439,
1.,0.866025403784439,1.,0.866025403784439,1.,0.866025403784439,1.,0.866025403784439,
1.,0.866025403784439,1.,0.866025403784439,1.,0.866025403784439,1.,0.866025403784439,
1.,0.866025403784439,1.,0.866025403784439,1.,0.866025403784439,1.,0.866025403784439,
1.,0.866025403784439,1.,0.866025403784439,1.,0.866025403784439,1.,0.866025403784439,
1.,0.866025403784439,1.,0.866025403784439,1.,0.866025403784439,1.,0.866025403784439,
1.,0.866025403784439,1.,0.866025403784439,1.,0.866025403784439,1.,0.866025403784439,
1.,0.866025403784439,1.,0.866025403784439,1.,0.866025403784439,1.,0.866025403784439,
1.,0.866025403784439,1.,0.866025403784439,1.,0.866025403784439,1.,0.866025403784439,
1.,0.866025403784439,1.,0.866025403784439,1.,0.866025403784439,1.,0.866025403784439,
1.,0.866025403784439,1.,0.866025403784439,1.,0.922101781936171,0.934789877232174),
(0.943288154405492,0.906776757070298,1.,0.866025403784439,1.,0.866025403784439,
1.,0.866025403784439,1.,0.866025403784439,1.,0.866025403784439,1.,0.866025403784439,
1.,0.866025403784439,1.,0.866025403784439,1.,0.866025403784439,1.,0.866025403784439,
1.,0.866025403784439,1.,0.866025403784439,1.,0.866025403784439,1.,0.866025403784439,
1.,0.866025403784439,1.,0.866025403784439,1.,0.866025403784439,1.,0.866025403784439,
1.,0.866025403784439,1.,0.866025403784439,1.,0.866025403784439,1.,0.866025403784439,
1.,0.866025403784439,1.,0.866025403784439,1.,0.866025403784439,1.,0.866025403784439,
1.,0.866025403784439,1.,0.866025403784439,1.,0.866025403784439,1.,0.866025403784439,
1.,0.866025403784439,1.,0.866025403784439,1.,0.866025403784439,1.,0.866025403784439,
1.,0.866025403784439,1.,0.866025403784439,1.,0.866025403784439,1.,0.866025403784439,
1.,0.866025403784439,1.,0.866025403784439,1.,0.866025403784439,1.,0.866025403784439,
1.,0.866025403784439,1.,0.866025403784439,1.,0.866025403784439,1.,0.866025403784439,
1.,0.866025403784439,1.,0.866025403784439,1.,0.866025403784439,1.,0.866025403784439,
1.,0.866025403784439,1.,0.866025403784439,1.,0.866025403784439,1.,0.866025403784439,
1.,0.866025403784439,1.,0.866025403784439,1.,0.866025403784439,1.,0.866025403784439,
1.,0.866025403784439,1.,0.866025403784439,1.,0.866025403784439,1.,0.866025403784439,
1.,0.866025403784439,1.,0.866025403784439,1.,0.866025403784439,1.,0.866025403784439,
1.,0.866025403784439,1.,0.866025403784439,1.,0.866025403784439,1.,0.866025403784439,
1.,0.866025403784439,1.,0.922101781936171,0.934789877232174)))
REPRESENTATION_ITEM('')
SURFACE()
);
#15=(
BOUNDED_SURFACE()
B_SPLINE_SURFACE(1,2,((#1631,#1632,#1633,#1634,#1635,#1636,#1637,#1638,
#1639,#1640,#1641,#1642,#1643,#1644,#1645,#1646,#1647,#1648,#1649,#1650,
#1651,#1652,#1653,#1654,#1655,#1656,#1657,#1658,#1659,#1660,#1661,#1662,
#1663,#1664,#1665,#1666,#1667,#1668,#1669,#1670,#1671,#1672,#1673,#1674,
#1675,#1676,#1677,#1678,#1679,#1680,#1681,#1682,#1683,#1684,#1685,#1686,
#1687,#1688,#1689,#1690,#1691,#1692,#1693,#1694,#1695,#1696,#1697,#1698,
#1699,#1700,#1701,#1702,#1703,#1704,#1705,#1706,#1707,#1708,#1709,#1710,
#1711,#1712,#1713,#1714,#1715,#1716,#1717,#1718,#1719,#1720,#1721,#1722,
#1723,#1724,#1725,#1726,#1727,#1728,#1729,#1730,#1731,#1732,#1733,#1734,
#1735,#1736,#1737,#1738,#1739,#1740,#1741,#1742,#1743,#1744,#1745,#1746,
#1747,#1748,#1749,#1750,#1751,#1752,#1753,#1754,#1755,#1756,#1757,#1758,
#1759,#1760,#1761,#1762,#1763,#1764,#1765,#1766,#1767,#1768,#1769,#1770,
#1771,#1772,#1773,#1774,#1775,#1776,#1777,#1778,#1779,#1780,#1781),(#1782,
#1783,#1784,#1785,#1786,#1787,#1788,#1789,#1790,#1791,#1792,#1793,#1794,
#1795,#1796,#1797,#1798,#1799,#1800,#1801,#1802,#1803,#1804,#1805,#1806,
#1807,#1808,#1809,#1810,#1811,#1812,#1813,#1814,#1815,#1816,#1817,#1818,
#1819,#1820,#1821,#1822,#1823,#1824,#1825,#1826,#1827,#1828,#1829,#1830,
#1831,#1832,#1833,#1834,#1835,#1836,#1837,#1838,#1839,#1840,#1841,#1842,
#1843,#1844,#1845,#1846,#1847,#1848,#1849,#1850,#1851,#1852,#1853,#1854,
#1855,#1856,#1857,#1858,#1859,#1860,#1861,#1862,#1863,#1864,#1865,#1866,
#1867,#1868,#1869,#1870,#1871,#1872,#1873,#1874,#1875,#1876,#1877,#1878,
#1879,#1880,#1881,#1882,#1883,#1884,#1885,#1886,#1887,#1888,#1889,#1890,
#1891,#1892,#1893,#1894,#1895,#1896,#1897,#1898,#1899,#1900,#1901,#1902,
#1903,#1904,#1905,#1906,#1907,#1908,#1909,#1910,#1911,#1912,#1913,#1914,
#1915,#1916,#1917,#1918,#1919,#1920,#1921,#1922,#1923,#1924,#1925,#1926,
#1927,#1928,#1929,#1930,#1931,#1932)),.UNSPECIFIED.,.F.,.F.,.F.)
B_SPLINE_SURFACE_WITH_KNOTS((2,2),(3,2,2,2,2,2,2,2,2,2,2,2,2,2,2,2,2,2,
2,2,2,2,2,2,2,2,2,2,2,2,2,2,2,2,2,2,2,2,2,2,2,2,2,2,2,2,2,2,2,2,2,2,2,2,
2,2,2,2,2,2,2,2,2,2,2,2,2,2,2,2,2,2,2,2,2,3),(0.,0.628302071832468),(0.0211567390261539,
0.0238095238095238,0.0357142857142857,0.0476190476190476,0.0595238095238095,
0.0714285714285714,0.0833333333333333,0.0952380952380952,0.107142857142857,
0.119047619047619,0.130952380952381,0.142857142857143,0.154761904761905,
0.166666666666667,0.178571428571428,0.19047619047619,0.202380952380952,
0.214285714285714,0.226190476190476,0.238095238095238,0.25,0.261904761904762,
0.273809523809524,0.285714285714286,0.297619047619048,0.309523809523809,
0.321428571428572,0.333333333333334,0.345238095238096,0.357142857142857,
0.369047619047619,0.380952380952381,0.392857142857143,0.404761904761905,
0.416666666666667,0.428571428571428,0.44047619047619,0.452380952380952,
0.464285714285714,0.476190476190476,0.488095238095238,0.5,0.511904761904762,
0.523809523809524,0.535714285714286,0.547619047619048,0.55952380952381,
0.571428571428571,0.583333333333333,0.595238095238095,0.607142857142857,
0.619047619047619,0.630952380952381,0.642857142857143,0.654761904761905,
0.666666666666667,0.678571428571429,0.690476190476191,0.702380952380952,
0.714285714285714,0.726190476190476,0.738095238095238,0.75,0.761904761904762,
0.773809523809524,0.785714285714286,0.797619047619048,0.80952380952381,
0.821428571428571,0.833333333333333,0.845238095238095,0.857142857142857,
0.869047619047619,0.880952380952381,0.892857142857143,0.894997227734006),
 .PIECEWISE_BEZIER_KNOTS.)
GEOMETRIC_REPRESENTATION_ITEM()
RATIONAL_B_SPLINE_SURFACE(((0.953596836156219,0.970145915303303,1.,0.866025403784439,
1.,0.866025403784439,1.,0.866025403784439,1.,0.866025403784439,1.,0.866025403784439,
1.,0.866025403784439,1.,0.866025403784439,1.,0.866025403784439,1.,0.866025403784439,
1.,0.866025403784439,1.,0.866025403784439,1.,0.866025403784439,1.,0.866025403784439,
1.,0.866025403784439,1.,0.866025403784439,1.,0.866025403784439,1.,0.866025403784439,
1.,0.866025403784439,1.,0.866025403784439,1.,0.866025403784439,1.,0.866025403784439,
1.,0.866025403784439,1.,0.866025403784439,1.,0.866025403784439,1.,0.866025403784439,
1.,0.866025403784439,1.,0.866025403784439,1.,0.866025403784439,1.,0.866025403784439,
1.,0.866025403784439,1.,0.866025403784439,1.,0.866025403784439,1.,0.866025403784439,
1.,0.866025403784439,1.,0.866025403784439,1.,0.866025403784439,1.,0.866025403784439,
1.,0.866025403784439,1.,0.866025403784439,1.,0.866025403784439,1.,0.866025403784439,
1.,0.866025403784439,1.,0.866025403784439,1.,0.866025403784439,1.,0.866025403784439,
1.,0.866025403784439,1.,0.866025403784439,1.,0.866025403784439,1.,0.866025403784439,
1.,0.866025403784439,1.,0.866025403784439,1.,0.866025403784439,1.,0.866025403784439,
1.,0.866025403784439,1.,0.866025403784439,1.,0.866025403784439,1.,0.866025403784439,
1.,0.866025403784439,1.,0.866025403784439,1.,0.866025403784439,1.,0.866025403784439,
1.,0.866025403784439,1.,0.866025403784439,1.,0.866025403784439,1.,0.866025403784439,
1.,0.866025403784439,1.,0.866025403784439,1.,0.866025403784439,1.,0.866025403784439,
1.,0.866025403784439,1.,0.866025403784439,1.,0.866025403784439,1.,0.866025403784439,
1.,0.975915771391441,0.960490648076785),(0.953596836156219,0.970145915303303,
1.,0.866025403784439,1.,0.866025403784439,1.,0.866025403784439,1.,0.866025403784439,
1.,0.866025403784439,1.,0.866025403784439,1.,0.866025403784439,1.,0.866025403784439,
1.,0.866025403784439,1.,0.866025403784439,1.,0.866025403784439,1.,0.866025403784439,
1.,0.866025403784439,1.,0.866025403784439,1.,0.866025403784439,1.,0.866025403784439,
1.,0.866025403784439,1.,0.866025403784439,1.,0.866025403784439,1.,0.866025403784439,
1.,0.866025403784439,1.,0.866025403784439,1.,0.866025403784439,1.,0.866025403784439,
1.,0.866025403784439,1.,0.866025403784439,1.,0.866025403784439,1.,0.866025403784439,
1.,0.866025403784439,1.,0.866025403784439,1.,0.866025403784439,1.,0.866025403784439,
1.,0.866025403784439,1.,0.866025403784439,1.,0.866025403784439,1.,0.866025403784439,
1.,0.866025403784439,1.,0.866025403784439,1.,0.866025403784439,1.,0.866025403784439,
1.,0.866025403784439,1.,0.866025403784439,1.,0.866025403784439,1.,0.866025403784439,
1.,0.866025403784439,1.,0.866025403784439,1.,0.866025403784439,1.,0.866025403784439,
1.,0.866025403784439,1.,0.866025403784439,1.,0.866025403784439,1.,0.866025403784439,
1.,0.866025403784439,1.,0.866025403784439,1.,0.866025403784439,1.,0.866025403784439,
1.,0.866025403784439,1.,0.866025403784439,1.,0.866025403784439,1.,0.866025403784439,
1.,0.866025403784439,1.,0.866025403784439,1.,0.866025403784439,1.,0.866025403784439,
1.,0.866025403784439,1.,0.866025403784439,1.,0.866025403784439,1.,0.866025403784439,
1.,0.866025403784439,1.,0.866025403784439,1.,0.866025403784439,1.,0.866025403784439,
1.,0.866025403784439,1.,0.975915771391441,0.960490648076785)))
REPRESENTATION_ITEM('')
SURFACE()
);
#16=ELLIPSE('',#242,0.025017040209355,0.004);
#17=B_SPLINE_CURVE_WITH_KNOTS('',3,(#496,#497,#498,#499,#500,#501,#502),
 .UNSPECIFIED.,.F.,.F.,(4,1,1,1,4),(0.0203457786523924,0.0225278814398307,
0.024709984227269,0.0268920870147073,0.0290741898021456),.UNSPECIFIED.);
#18=B_SPLINE_CURVE_WITH_KNOTS('',3,(#678,#679,#680,#681,#682),
 .UNSPECIFIED.,.F.,.F.,(4,1,4),(2.60208521396521E-18,0.00278778893412667,
0.00557557786825335),.UNSPECIFIED.);
#19=B_SPLINE_CURVE_WITH_KNOTS('',3,(#684,#685,#686,#687,#688),
 .UNSPECIFIED.,.F.,.F.,(4,1,4),(4.33680868994202E-18,0.00390947360667605,
0.0078189472133521),.UNSPECIFIED.);
#20=B_SPLINE_CURVE_WITH_KNOTS('',3,(#690,#691,#692,#693),.UNSPECIFIED.,
 .F.,.F.,(4,4),(1.73472347597681E-18,0.00373649362339963),.UNSPECIFIED.);
#21=B_SPLINE_CURVE_WITH_KNOTS('',3,(#988,#989,#990,#991),.UNSPECIFIED.,
 .F.,.F.,(4,4),(4.9065389333868E-18,0.00200959941810371),.UNSPECIFIED.);
#22=B_SPLINE_CURVE_WITH_KNOTS('',3,(#1456,#1457,#1458,#1459,#1460),
 .UNSPECIFIED.,.F.,.F.,(4,1,4),(1.05519109601004E-17,0.00411657714298477,
0.00823315428596953),.UNSPECIFIED.);
#23=B_SPLINE_CURVE_WITH_KNOTS('',3,(#1933,#1934,#1935,#1936,#1937,#1938,
#1939),.UNSPECIFIED.,.F.,.F.,(4,1,1,1,4),(1.17973950996548E-17,0.0031211896674465,
0.00624237933489298,0.00936356900233947,0.012484758669786),
 .UNSPECIFIED.);
#24=(
BOUNDED_CURVE()
B_SPLINE_CURVE(2,(#325,#326,#327,#328,#329,#330,#331,#332,#333,#334,#335,
#336,#337,#338,#339,#340,#341,#342,#343,#344,#345,#346,#347,#348,#349,#350,
#351,#352,#353,#354,#355,#356,#357,#358,#359,#360,#361,#362,#363,#364,#365,
#366,#367,#368,#369,#370,#371,#372,#373,#374,#375,#376,#377,#378,#379,#380,
#381,#382,#383,#384,#385,#386,#387,#388,#389,#390,#391,#392,#393,#394,#395,
#396,#397,#398,#399,#400,#401,#402,#403,#404,#405,#406,#407,#408,#409,#410,
#411,#412,#413,#414,#415,#416,#417,#418,#419,#420,#421,#422,#423,#424,#425,
#426,#427,#428,#429,#430,#431,#432,#433,#434,#435,#436,#437,#438,#439,#440,
#441,#442,#443,#444,#445,#446,#447,#448,#449,#450,#451,#452,#453,#454,#455,
#456,#457,#458,#459,#460,#461,#462,#463,#464,#465,#466,#467,#468,#469,#470,
#471,#472,#473,#474,#475,#476,#477,#478,#479,#480,#481,#482,#483,#484,#485,
#486,#487,#488,#489,#490,#491,#492,#493),.UNSPECIFIED.,.F.,.F.)
B_SPLINE_CURVE_WITH_KNOTS((3,2,2,2,2,2,2,2,2,2,2,2,2,2,2,2,2,2,2,2,2,2,
2,2,2,2,2,2,2,2,2,2,2,2,2,2,2,2,2,2,2,2,2,2,2,2,2,2,2,2,2,2,2,2,2,2,2,2,
2,2,2,2,2,2,2,2,2,2,2,2,2,2,2,2,2,2,2,2,2,2,2,2,2,2,3),(0.,0.0119047619047619,
0.0238095238095238,0.0357142857142857,0.0476190476190476,0.0595238095238095,
0.0714285714285714,0.0833333333333333,0.0952380952380952,0.107142857142857,
0.119047619047619,0.130952380952381,0.142857142857143,0.154761904761905,
0.166666666666667,0.178571428571428,0.19047619047619,0.202380952380952,
0.214285714285714,0.226190476190476,0.238095238095238,0.25,0.261904761904762,
0.273809523809524,0.285714285714286,0.297619047619048,0.309523809523809,
0.321428571428572,0.333333333333334,0.345238095238096,0.357142857142857,
0.369047619047619,0.380952380952381,0.392857142857143,0.404761904761905,
0.416666666666667,0.428571428571428,0.44047619047619,0.452380952380952,
0.464285714285714,0.476190476190476,0.488095238095238,0.5,0.511904761904762,
0.523809523809524,0.535714285714286,0.547619047619048,0.55952380952381,
0.571428571428571,0.583333333333333,0.595238095238095,0.607142857142857,
0.619047619047619,0.630952380952381,0.642857142857143,0.654761904761905,
0.666666666666667,0.678571428571429,0.690476190476191,0.702380952380952,
0.714285714285714,0.726190476190476,0.738095238095238,0.75,0.761904761904762,
0.773809523809524,0.785714285714286,0.797619047619048,0.80952380952381,
0.821428571428571,0.833333333333333,0.845238095238095,0.857142857142857,
0.869047619047619,0.880952380952381,0.892857142857143,0.904761904761905,
0.916666666666667,0.928571428571429,0.94047619047619,0.952380952380952,
0.964285714285714,0.976190476190476,0.988095238095238,1.),
 .PIECEWISE_BEZIER_KNOTS.)
CURVE()
GEOMETRIC_REPRESENTATION_ITEM()
RATIONAL_B_SPLINE_CURVE((1.,0.866025403784439,1.,0.866025403784439,1.,0.866025403784439,
1.,0.866025403784439,1.,0.866025403784439,1.,0.866025403784439,1.,0.866025403784439,
1.,0.866025403784439,1.,0.866025403784439,1.,0.866025403784439,1.,0.866025403784439,
1.,0.866025403784439,1.,0.866025403784439,1.,0.866025403784439,1.,0.866025403784439,
1.,0.866025403784439,1.,0.866025403784439,1.,0.866025403784439,1.,0.866025403784439,
1.,0.866025403784439,1.,0.866025403784439,1.,0.866025403784439,1.,0.866025403784439,
1.,0.866025403784439,1.,0.866025403784439,1.,0.866025403784439,1.,0.866025403784439,
1.,0.866025403784439,1.,0.866025403784439,1.,0.866025403784439,1.,0.866025403784439,
1.,0.866025403784439,1.,0.866025403784439,1.,0.866025403784439,1.,0.866025403784439,
1.,0.866025403784439,1.,0.866025403784439,1.,0.866025403784439,1.,0.866025403784439,
1.,0.866025403784439,1.,0.866025403784439,1.,0.866025403784439,1.,0.866025403784439,
1.,0.866025403784439,1.,0.866025403784439,1.,0.866025403784439,1.,0.866025403784439,
1.,0.866025403784439,1.,0.866025403784439,1.,0.866025403784439,1.,0.866025403784439,
1.,0.866025403784439,1.,0.866025403784439,1.,0.866025403784439,1.,0.866025403784439,
1.,0.866025403784439,1.,0.866025403784439,1.,0.866025403784439,1.,0.866025403784439,
1.,0.866025403784439,1.,0.866025403784439,1.,0.866025403784439,1.,0.866025403784439,
1.,0.866025403784439,1.,0.866025403784439,1.,0.866025403784439,1.,0.866025403784439,
1.,0.866025403784439,1.,0.866025403784439,1.,0.866025403784439,1.,0.866025403784439,
1.,0.866025403784439,1.,0.866025403784439,1.,0.866025403784439,1.,0.866025403784439,
1.,0.866025403784439,1.,0.866025403784439,1.,0.866025403784439,1.,0.866025403784439,
1.,0.866025403784439,1.,0.866025403784439,1.,0.866025403784439,1.,0.866025403784439,
1.,0.866025403784439,1.))
REPRESENTATION_ITEM('')
);
#25=(
BOUNDED_CURVE()
B_SPLINE_CURVE(2,(#504,#505,#506,#507,#508,#509,#510,#511,#512,#513,#514,
#515,#516,#517,#518,#519,#520,#521,#522,#523,#524,#525,#526,#527,#528,#529,
#530,#531,#532,#533,#534,#535,#536,#537,#538,#539,#540,#541,#542,#543,#544,
#545,#546,#547,#548,#549,#550,#551,#552,#553,#554,#555,#556,#557,#558,#559,
#560,#561,#562,#563,#564,#565,#566,#567,#568,#569,#570,#571,#572,#573,#574,
#575,#576,#577,#578,#579,#580,#581,#582,#583,#584,#585,#586,#587,#588,#589,
#590,#591,#592,#593,#594,#595,#596,#597,#598,#599,#600,#601,#602,#603,#604,
#605,#606,#607,#608,#609,#610,#611,#612,#613,#614,#615,#616,#617,#618,#619,
#620,#621,#622,#623,#624,#625,#626,#627,#628,#629,#630,#631,#632,#633,#634,
#635,#636,#637,#638,#639,#640,#641,#642,#643,#644,#645,#646,#647,#648,#649,
#650,#651,#652,#653,#654,#655,#656,#657,#658,#659,#660,#661,#662,#663,#664,
#665,#666,#667,#668,#669,#670,#671,#672),.UNSPECIFIED.,.F.,.F.)
B_SPLINE_CURVE_WITH_KNOTS((3,2,2,2,2,2,2,2,2,2,2,2,2,2,2,2,2,2,2,2,2,2,
2,2,2,2,2,2,2,2,2,2,2,2,2,2,2,2,2,2,2,2,2,2,2,2,2,2,2,2,2,2,2,2,2,2,2,2,
2,2,2,2,2,2,2,2,2,2,2,2,2,2,2,2,2,2,2,2,2,2,2,2,2,2,3),(0.,0.0119047619047619,
0.0238095238095238,0.0357142857142857,0.0476190476190476,0.0595238095238095,
0.0714285714285714,0.0833333333333333,0.0952380952380952,0.107142857142857,
0.119047619047619,0.130952380952381,0.142857142857143,0.154761904761905,
0.166666666666667,0.178571428571428,0.19047619047619,0.202380952380952,
0.214285714285714,0.226190476190476,0.238095238095238,0.25,0.261904761904762,
0.273809523809524,0.285714285714286,0.297619047619048,0.309523809523809,
0.321428571428572,0.333333333333334,0.345238095238096,0.357142857142857,
0.369047619047619,0.380952380952381,0.392857142857143,0.404761904761905,
0.416666666666667,0.428571428571428,0.44047619047619,0.452380952380952,
0.464285714285714,0.476190476190476,0.488095238095238,0.5,0.511904761904762,
0.523809523809524,0.535714285714286,0.547619047619048,0.55952380952381,
0.571428571428571,0.583333333333333,0.595238095238095,0.607142857142857,
0.619047619047619,0.630952380952381,0.642857142857143,0.654761904761905,
0.666666666666667,0.678571428571429,0.690476190476191,0.702380952380952,
0.714285714285714,0.726190476190476,0.738095238095238,0.75,0.761904761904762,
0.773809523809524,0.785714285714286,0.797619047619048,0.80952380952381,
0.821428571428571,0.833333333333333,0.845238095238095,0.857142857142857,
0.869047619047619,0.880952380952381,0.892857142857143,0.904761904761905,
0.916666666666667,0.928571428571429,0.94047619047619,0.952380952380952,
0.964285714285714,0.976190476190476,0.988095238095238,1.),
 .PIECEWISE_BEZIER_KNOTS.)
CURVE()
GEOMETRIC_REPRESENTATION_ITEM()
RATIONAL_B_SPLINE_CURVE((1.,0.866025403784439,1.,0.866025403784439,1.,0.866025403784439,
1.,0.866025403784439,1.,0.866025403784439,1.,0.866025403784439,1.,0.866025403784439,
1.,0.866025403784439,1.,0.866025403784439,1.,0.866025403784439,1.,0.866025403784439,
1.,0.866025403784439,1.,0.866025403784439,1.,0.866025403784439,1.,0.866025403784439,
1.,0.866025403784439,1.,0.866025403784439,1.,0.866025403784439,1.,0.866025403784439,
1.,0.866025403784439,1.,0.866025403784439,1.,0.866025403784439,1.,0.866025403784439,
1.,0.866025403784439,1.,0.866025403784439,1.,0.866025403784439,1.,0.866025403784439,
1.,0.866025403784439,1.,0.866025403784439,1.,0.866025403784439,1.,0.866025403784439,
1.,0.866025403784439,1.,0.866025403784439,1.,0.866025403784439,1.,0.866025403784439,
1.,0.866025403784439,1.,0.866025403784439,1.,0.866025403784439,1.,0.866025403784439,
1.,0.866025403784439,1.,0.866025403784439,1.,0.866025403784439,1.,0.866025403784439,
1.,0.866025403784439,1.,0.866025403784439,1.,0.866025403784439,1.,0.866025403784439,
1.,0.866025403784439,1.,0.866025403784439,1.,0.866025403784439,1.,0.866025403784439,
1.,0.866025403784439,1.,0.866025403784439,1.,0.866025403784439,1.,0.866025403784439,
1.,0.866025403784439,1.,0.866025403784439,1.,0.866025403784439,1.,0.866025403784439,
1.,0.866025403784439,1.,0.866025403784439,1.,0.866025403784439,1.,0.866025403784439,
1.,0.866025403784439,1.,0.866025403784439,1.,0.866025403784439,1.,0.866025403784439,
1.,0.866025403784439,1.,0.866025403784439,1.,0.866025403784439,1.,0.866025403784439,
1.,0.866025403784439,1.,0.866025403784439,1.,0.866025403784439,1.,0.866025403784439,
1.,0.866025403784439,1.,0.866025403784439,1.,0.866025403784439,1.,0.866025403784439,
1.,0.866025403784439,1.,0.866025403784439,1.,0.866025403784439,1.,0.866025403784439,
1.,0.866025403784439,1.))
REPRESENTATION_ITEM('')
);
#26=(
BOUNDED_CURVE()
B_SPLINE_CURVE(2,(#993,#994,#995,#996,#997,#998,#999,#1000,#1001,#1002,
#1003,#1004,#1005,#1006,#1007,#1008,#1009,#1010,#1011,#1012,#1013,#1014,
#1015,#1016,#1017,#1018,#1019,#1020,#1021,#1022,#1023,#1024,#1025,#1026,
#1027,#1028,#1029,#1030,#1031,#1032,#1033,#1034,#1035,#1036,#1037,#1038,
#1039,#1040,#1041,#1042,#1043,#1044,#1045,#1046,#1047,#1048,#1049,#1050,
#1051,#1052,#1053,#1054,#1055,#1056,#1057,#1058,#1059,#1060,#1061,#1062,
#1063,#1064,#1065,#1066,#1067,#1068,#1069,#1070,#1071,#1072,#1073,#1074,
#1075,#1076,#1077,#1078,#1079,#1080,#1081,#1082,#1083,#1084,#1085,#1086,
#1087,#1088,#1089,#1090,#1091,#1092,#1093,#1094,#1095,#1096,#1097,#1098,
#1099,#1100,#1101,#1102,#1103,#1104,#1105,#1106,#1107,#1108,#1109,#1110,
#1111,#1112,#1113,#1114,#1115,#1116,#1117,#1118,#1119,#1120,#1121,#1122,
#1123,#1124,#1125,#1126,#1127,#1128,#1129,#1130,#1131,#1132,#1133,#1134,
#1135,#1136,#1137,#1138,#1139,#1140,#1141,#1142,#1143,#1144,#1145,#1146,
#1147,#1148,#1149,#1150,#1151,#1152,#1153,#1154,#1155,#1156,#1157,#1158,
#1159,#1160,#1161),.UNSPECIFIED.,.F.,.F.)
B_SPLINE_CURVE_WITH_KNOTS((3,2,2,2,2,2,2,2,2,2,2,2,2,2,2,2,2,2,2,2,2,2,
2,2,2,2,2,2,2,2,2,2,2,2,2,2,2,2,2,2,2,2,2,2,2,2,2,2,2,2,2,2,2,2,2,2,2,2,
2,2,2,2,2,2,2,2,2,2,2,2,2,2,2,2,2,2,2,2,2,2,2,2,2,2,3),(0.,0.0119047619047619,
0.0238095238095238,0.0357142857142857,0.0476190476190476,0.0595238095238095,
0.0714285714285714,0.0833333333333333,0.0952380952380952,0.107142857142857,
0.119047619047619,0.130952380952381,0.142857142857143,0.154761904761905,
0.166666666666667,0.178571428571428,0.19047619047619,0.202380952380952,
0.214285714285714,0.226190476190476,0.238095238095238,0.25,0.261904761904762,
0.273809523809524,0.285714285714286,0.297619047619048,0.309523809523809,
0.321428571428572,0.333333333333334,0.345238095238096,0.357142857142857,
0.369047619047619,0.380952380952381,0.392857142857143,0.404761904761905,
0.416666666666667,0.428571428571428,0.44047619047619,0.452380952380952,
0.464285714285714,0.476190476190476,0.488095238095238,0.5,0.511904761904762,
0.523809523809524,0.535714285714286,0.547619047619048,0.55952380952381,
0.571428571428571,0.583333333333333,0.595238095238095,0.607142857142857,
0.619047619047619,0.630952380952381,0.642857142857143,0.654761904761905,
0.666666666666667,0.678571428571429,0.690476190476191,0.702380952380952,
0.714285714285714,0.726190476190476,0.738095238095238,0.75,0.761904761904762,
0.773809523809524,0.785714285714286,0.797619047619048,0.80952380952381,
0.821428571428571,0.833333333333333,0.845238095238095,0.857142857142857,
0.869047619047619,0.880952380952381,0.892857142857143,0.904761904761905,
0.916666666666667,0.928571428571429,0.94047619047619,0.952380952380952,
0.964285714285714,0.976190476190476,0.988095238095238,1.),.UNSPECIFIED.)
CURVE()
GEOMETRIC_REPRESENTATION_ITEM()
RATIONAL_B_SPLINE_CURVE((1.,0.866025403784439,1.,0.866025403784439,1.,0.866025403784439,
1.,0.866025403784439,1.,0.866025403784439,1.,0.866025403784439,1.,0.866025403784439,
1.,0.866025403784439,1.,0.866025403784439,1.,0.866025403784439,1.,0.866025403784439,
1.,0.866025403784439,1.,0.866025403784439,1.,0.866025403784439,1.,0.866025403784439,
1.,0.866025403784439,1.,0.866025403784439,1.,0.866025403784439,1.,0.866025403784439,
1.,0.866025403784439,1.,0.866025403784439,1.,0.866025403784439,1.,0.866025403784439,
1.,0.866025403784439,1.,0.866025403784439,1.,0.866025403784439,1.,0.866025403784439,
1.,0.866025403784439,1.,0.866025403784439,1.,0.866025403784439,1.,0.866025403784439,
1.,0.866025403784439,1.,0.866025403784439,1.,0.866025403784439,1.,0.866025403784439,
1.,0.866025403784439,1.,0.866025403784439,1.,0.866025403784439,1.,0.866025403784439,
1.,0.866025403784439,1.,0.866025403784439,1.,0.866025403784439,1.,0.866025403784439,
1.,0.866025403784439,1.,0.866025403784439,1.,0.866025403784439,1.,0.866025403784439,
1.,0.866025403784439,1.,0.866025403784439,1.,0.866025403784439,1.,0.866025403784439,
1.,0.866025403784439,1.,0.866025403784439,1.,0.866025403784439,1.,0.866025403784439,
1.,0.866025403784439,1.,0.866025403784439,1.,0.866025403784439,1.,0.866025403784439,
1.,0.866025403784439,1.,0.866025403784439,1.,0.866025403784439,1.,0.866025403784439,
1.,0.866025403784439,1.,0.866025403784439,1.,0.866025403784439,1.,0.866025403784439,
1.,0.866025403784439,1.,0.866025403784439,1.,0.866025403784439,1.,0.866025403784439,
1.,0.866025403784439,1.,0.866025403784439,1.,0.866025403784439,1.,0.866025403784439,
1.,0.866025403784439,1.,0.866025403784439,1.,0.866025403784439,1.,0.866025403784439,
1.,0.866025403784439,1.,0.866025403784439,1.,0.866025403784439,1.,0.866025403784439,
1.,0.866025403784439,1.))
REPRESENTATION_ITEM('')
);
#27=(
BOUNDED_CURVE()
B_SPLINE_CURVE(2,(#1462,#1463,#1464,#1465,#1466,#1467,#1468,#1469,#1470,
#1471,#1472,#1473,#1474,#1475,#1476,#1477,#1478,#1479,#1480,#1481,#1482,
#1483,#1484,#1485,#1486,#1487,#1488,#1489,#1490,#1491,#1492,#1493,#1494,
#1495,#1496,#1497,#1498,#1499,#1500,#1501,#1502,#1503,#1504,#1505,#1506,
#1507,#1508,#1509,#1510,#1511,#1512,#1513,#1514,#1515,#1516,#1517,#1518,
#1519,#1520,#1521,#1522,#1523,#1524,#1525,#1526,#1527,#1528,#1529,#1530,
#1531,#1532,#1533,#1534,#1535,#1536,#1537,#1538,#1539,#1540,#1541,#1542,
#1543,#1544,#1545,#1546,#1547,#1548,#1549,#1550,#1551,#1552,#1553,#1554,
#1555,#1556,#1557,#1558,#1559,#1560,#1561,#1562,#1563,#1564,#1565,#1566,
#1567,#1568,#1569,#1570,#1571,#1572,#1573,#1574,#1575,#1576,#1577,#1578,
#1579,#1580,#1581,#1582,#1583,#1584,#1585,#1586,#1587,#1588,#1589,#1590,
#1591,#1592,#1593,#1594,#1595,#1596,#1597,#1598,#1599,#1600,#1601,#1602,
#1603,#1604,#1605,#1606,#1607,#1608,#1609,#1610,#1611,#1612,#1613,#1614,
#1615,#1616,#1617,#1618,#1619,#1620,#1621,#1622,#1623,#1624,#1625,#1626,
#1627,#1628,#1629,#1630),.UNSPECIFIED.,.F.,.F.)
B_SPLINE_CURVE_WITH_KNOTS((3,2,2,2,2,2,2,2,2,2,2,2,2,2,2,2,2,2,2,2,2,2,
2,2,2,2,2,2,2,2,2,2,2,2,2,2,2,2,2,2,2,2,2,2,2,2,2,2,2,2,2,2,2,2,2,2,2,2,
2,2,2,2,2,2,2,2,2,2,2,2,2,2,2,2,2,2,2,2,2,2,2,2,2,2,3),(0.,0.0119047619047619,
0.0238095238095238,0.0357142857142857,0.0476190476190476,0.0595238095238095,
0.0714285714285714,0.0833333333333333,0.0952380952380952,0.107142857142857,
0.119047619047619,0.130952380952381,0.142857142857143,0.154761904761905,
0.166666666666667,0.178571428571428,0.19047619047619,0.202380952380952,
0.214285714285714,0.226190476190476,0.238095238095238,0.25,0.261904761904762,
0.273809523809524,0.285714285714286,0.297619047619048,0.309523809523809,
0.321428571428572,0.333333333333334,0.345238095238096,0.357142857142857,
0.369047619047619,0.380952380952381,0.392857142857143,0.404761904761905,
0.416666666666667,0.428571428571428,0.44047619047619,0.452380952380952,
0.464285714285714,0.476190476190476,0.488095238095238,0.5,0.511904761904762,
0.523809523809524,0.535714285714286,0.547619047619048,0.55952380952381,
0.571428571428571,0.583333333333333,0.595238095238095,0.607142857142857,
0.619047619047619,0.630952380952381,0.642857142857143,0.654761904761905,
0.666666666666667,0.678571428571429,0.690476190476191,0.702380952380952,
0.714285714285714,0.726190476190476,0.738095238095238,0.75,0.761904761904762,
0.773809523809524,0.785714285714286,0.797619047619048,0.80952380952381,
0.821428571428571,0.833333333333333,0.845238095238095,0.857142857142857,
0.869047619047619,0.880952380952381,0.892857142857143,0.904761904761905,
0.916666666666667,0.928571428571429,0.94047619047619,0.952380952380952,
0.964285714285714,0.976190476190476,0.988095238095238,1.),.UNSPECIFIED.)
CURVE()
GEOMETRIC_REPRESENTATION_ITEM()
RATIONAL_B_SPLINE_CURVE((1.,0.866025403784439,1.,0.866025403784439,1.,0.866025403784439,
1.,0.866025403784439,1.,0.866025403784439,1.,0.866025403784439,1.,0.866025403784439,
1.,0.866025403784439,1.,0.866025403784439,1.,0.866025403784439,1.,0.866025403784439,
1.,0.866025403784439,1.,0.866025403784439,1.,0.866025403784439,1.,0.866025403784439,
1.,0.866025403784439,1.,0.866025403784439,1.,0.866025403784439,1.,0.866025403784439,
1.,0.866025403784439,1.,0.866025403784439,1.,0.866025403784439,1.,0.866025403784439,
1.,0.866025403784439,1.,0.866025403784439,1.,0.866025403784439,1.,0.866025403784439,
1.,0.866025403784439,1.,0.866025403784439,1.,0.866025403784439,1.,0.866025403784439,
1.,0.866025403784439,1.,0.866025403784439,1.,0.866025403784439,1.,0.866025403784439,
1.,0.866025403784439,1.,0.866025403784439,1.,0.866025403784439,1.,0.866025403784439,
1.,0.866025403784439,1.,0.866025403784439,1.,0.866025403784439,1.,0.866025403784439,
1.,0.866025403784439,1.,0.866025403784439,1.,0.866025403784439,1.,0.866025403784439,
1.,0.866025403784439,1.,0.866025403784439,1.,0.866025403784439,1.,0.866025403784439,
1.,0.866025403784439,1.,0.866025403784439,1.,0.866025403784439,1.,0.866025403784439,
1.,0.866025403784439,1.,0.866025403784439,1.,0.866025403784439,1.,0.866025403784439,
1.,0.866025403784439,1.,0.866025403784439,1.,0.866025403784439,1.,0.866025403784439,
1.,0.866025403784439,1.,0.866025403784439,1.,0.866025403784439,1.,0.866025403784439,
1.,0.866025403784439,1.,0.866025403784439,1.,0.866025403784439,1.,0.866025403784439,
1.,0.866025403784439,1.,0.866025403784439,1.,0.866025403784439,1.,0.866025403784439,
1.,0.866025403784439,1.,0.866025403784439,1.,0.866025403784439,1.,0.866025403784439,
1.,0.866025403784439,1.,0.866025403784439,1.,0.866025403784439,1.,0.866025403784439,
1.,0.866025403784439,1.))
REPRESENTATION_ITEM('')
);
#28=PLANE('',#239);
#29=PLANE('',#243);
#30=PLANE('',#244);
#31=PLANE('',#247);
#32=PLANE('',#248);
#33=PLANE('',#249);
#34=PLANE('',#250);
#35=PLANE('',#251);
#36=LINE('',#307,#46);
#37=LINE('',#311,#47);
#38=LINE('',#315,#48);
#39=LINE('',#319,#49);
#40=LINE('',#323,#50);
#41=LINE('',#695,#51);
#42=LINE('',#697,#52);
#43=LINE('',#1945,#53);
#44=LINE('',#1946,#54);
#45=LINE('',#1948,#55);
#46=VECTOR('',#258,1.);
#47=VECTOR('',#261,1.);
#48=VECTOR('',#264,1.);
#49=VECTOR('',#267,1.);
#50=VECTOR('',#272,1.);
#51=VECTOR('',#281,1.);
#52=VECTOR('',#284,1.);
#53=VECTOR('',#293,1.);
#54=VECTOR('',#294,1.);
#55=VECTOR('',#297,1.);
#56=ORIENTED_EDGE('',*,*,#114,.T.);
#57=ORIENTED_EDGE('',*,*,#115,.F.);
#58=ORIENTED_EDGE('',*,*,#116,.T.);
#59=ORIENTED_EDGE('',*,*,#117,.F.);
#60=ORIENTED_EDGE('',*,*,#118,.T.);
#61=ORIENTED_EDGE('',*,*,#119,.T.);
#62=ORIENTED_EDGE('',*,*,#120,.T.);
#63=ORIENTED_EDGE('',*,*,#121,.T.);
#64=ORIENTED_EDGE('',*,*,#122,.F.);
#65=ORIENTED_EDGE('',*,*,#123,.F.);
#66=ORIENTED_EDGE('',*,*,#120,.F.);
#67=ORIENTED_EDGE('',*,*,#124,.T.);
#68=ORIENTED_EDGE('',*,*,#125,.T.);
#69=ORIENTED_EDGE('',*,*,#126,.T.);
#70=ORIENTED_EDGE('',*,*,#127,.T.);
#71=ORIENTED_EDGE('',*,*,#128,.F.);
#72=ORIENTED_EDGE('',*,*,#129,.F.);
#73=ORIENTED_EDGE('',*,*,#130,.F.);
#74=ORIENTED_EDGE('',*,*,#131,.F.);
#75=ORIENTED_EDGE('',*,*,#132,.T.);
#76=ORIENTED_EDGE('',*,*,#127,.F.);
#77=ORIENTED_EDGE('',*,*,#122,.T.);
#78=ORIENTED_EDGE('',*,*,#133,.F.);
#79=ORIENTED_EDGE('',*,*,#128,.T.);
#80=ORIENTED_EDGE('',*,*,#132,.F.);
#81=ORIENTED_EDGE('',*,*,#134,.F.);
#82=ORIENTED_EDGE('',*,*,#124,.F.);
#83=ORIENTED_EDGE('',*,*,#133,.T.);
#84=ORIENTED_EDGE('',*,*,#131,.T.);
#85=ORIENTED_EDGE('',*,*,#135,.T.);
#86=ORIENTED_EDGE('',*,*,#136,.F.);
#87=ORIENTED_EDGE('',*,*,#135,.F.);
#88=ORIENTED_EDGE('',*,*,#130,.T.);
#89=ORIENTED_EDGE('',*,*,#137,.T.);
#90=ORIENTED_EDGE('',*,*,#138,.F.);
#91=ORIENTED_EDGE('',*,*,#137,.F.);
#92=ORIENTED_EDGE('',*,*,#129,.T.);
#93=ORIENTED_EDGE('',*,*,#126,.F.);
#94=ORIENTED_EDGE('',*,*,#139,.T.);
#95=ORIENTED_EDGE('',*,*,#134,.T.);
#96=ORIENTED_EDGE('',*,*,#136,.T.);
#97=ORIENTED_EDGE('',*,*,#138,.T.);
#98=ORIENTED_EDGE('',*,*,#125,.F.);
#99=ORIENTED_EDGE('',*,*,#139,.F.);
#100=ORIENTED_EDGE('',*,*,#114,.F.);
#101=ORIENTED_EDGE('',*,*,#140,.T.);
#102=ORIENTED_EDGE('',*,*,#118,.F.);
#103=ORIENTED_EDGE('',*,*,#141,.F.);
#104=ORIENTED_EDGE('',*,*,#116,.F.);
#105=ORIENTED_EDGE('',*,*,#142,.T.);
#106=ORIENTED_EDGE('',*,*,#123,.T.);
#107=ORIENTED_EDGE('',*,*,#119,.F.);
#108=ORIENTED_EDGE('',*,*,#140,.F.);
#109=ORIENTED_EDGE('',*,*,#121,.F.);
#110=ORIENTED_EDGE('',*,*,#115,.T.);
#111=ORIENTED_EDGE('',*,*,#141,.T.);
#112=ORIENTED_EDGE('',*,*,#117,.T.);
#113=ORIENTED_EDGE('',*,*,#142,.F.);
#114=EDGE_CURVE('',#143,#144,#163,.T.);
#115=EDGE_CURVE('',#145,#144,#36,.F.);
#116=EDGE_CURVE('',#145,#146,#164,.T.);
#117=EDGE_CURVE('',#147,#146,#37,.T.);
#118=EDGE_CURVE('',#147,#148,#165,.T.);
#119=EDGE_CURVE('',#148,#149,#38,.T.);
#120=EDGE_CURVE('',#149,#150,#166,.T.);
#121=EDGE_CURVE('',#150,#143,#39,.F.);
#122=EDGE_CURVE('',#151,#151,#167,.T.);
#123=EDGE_CURVE('',#150,#149,#40,.T.);
#124=EDGE_CURVE('',#152,#153,#24,.T.);
#125=EDGE_CURVE('',#153,#154,#17,.T.);
#126=EDGE_CURVE('',#154,#155,#25,.F.);
#127=EDGE_CURVE('',#155,#156,#168,.T.);
#128=EDGE_CURVE('',#152,#156,#16,.T.);
#129=EDGE_CURVE('',#157,#155,#18,.T.);
#130=EDGE_CURVE('',#158,#157,#19,.T.);
#131=EDGE_CURVE('',#159,#158,#20,.T.);
#132=EDGE_CURVE('',#159,#156,#41,.T.);
#133=EDGE_CURVE('',#152,#159,#42,.F.);
#134=EDGE_CURVE('',#153,#160,#21,.T.);
#135=EDGE_CURVE('',#158,#160,#26,.T.);
#136=EDGE_CURVE('',#160,#161,#22,.T.);
#137=EDGE_CURVE('',#157,#161,#27,.T.);
#138=EDGE_CURVE('',#161,#154,#23,.T.);
#139=EDGE_CURVE('',#162,#162,#169,.T.);
#140=EDGE_CURVE('',#143,#148,#43,.T.);
#141=EDGE_CURVE('',#144,#147,#44,.T.);
#142=EDGE_CURVE('',#145,#146,#45,.T.);
#143=VERTEX_POINT('',#305);
#144=VERTEX_POINT('',#306);
#145=VERTEX_POINT('',#308);
#146=VERTEX_POINT('',#310);
#147=VERTEX_POINT('',#312);
#148=VERTEX_POINT('',#314);
#149=VERTEX_POINT('',#316);
#150=VERTEX_POINT('',#318);
#151=VERTEX_POINT('',#321);
#152=VERTEX_POINT('',#494);
#153=VERTEX_POINT('',#495);
#154=VERTEX_POINT('',#503);
#155=VERTEX_POINT('',#673);
#156=VERTEX_POINT('',#675);
#157=VERTEX_POINT('',#683);
#158=VERTEX_POINT('',#689);
#159=VERTEX_POINT('',#694);
#160=VERTEX_POINT('',#992);
#161=VERTEX_POINT('',#1461);
#162=VERTEX_POINT('',#1942);
#163=CIRCLE('',#234,0.0075);
#164=CIRCLE('',#235,0.0075);
#165=CIRCLE('',#236,0.0075);
#166=CIRCLE('',#237,0.0075);
#167=CIRCLE('',#238,0.0075);
#168=CIRCLE('',#241,0.004);
#169=CIRCLE('',#246,0.0025);
#170=EDGE_LOOP('',(#56,#57,#58,#59,#60,#61,#62,#63));
#171=EDGE_LOOP('',(#64));
#172=EDGE_LOOP('',(#65,#66));
#173=EDGE_LOOP('',(#67,#68,#69,#70,#71));
#174=EDGE_LOOP('',(#72,#73,#74,#75,#76));
#175=EDGE_LOOP('',(#77));
#176=EDGE_LOOP('',(#78,#79,#80));
#177=EDGE_LOOP('',(#81,#82,#83,#84,#85));
#178=EDGE_LOOP('',(#86,#87,#88,#89));
#179=EDGE_LOOP('',(#90,#91,#92,#93));
#180=EDGE_LOOP('',(#94));
#181=EDGE_LOOP('',(#95,#96,#97,#98));
#182=EDGE_LOOP('',(#99));
#183=EDGE_LOOP('',(#100,#101,#102,#103));
#184=EDGE_LOOP('',(#104,#105));
#185=EDGE_LOOP('',(#106,#107,#108,#109));
#186=EDGE_LOOP('',(#110,#111,#112,#113));
#187=FACE_BOUND('',#170,.T.);
#188=FACE_BOUND('',#171,.T.);
#189=FACE_BOUND('',#172,.T.);
#190=FACE_BOUND('',#173,.T.);
#191=FACE_BOUND('',#174,.T.);
#192=FACE_BOUND('',#175,.T.);
#193=FACE_BOUND('',#176,.T.);
#194=FACE_BOUND('',#177,.T.);
#195=FACE_BOUND('',#178,.T.);
#196=FACE_BOUND('',#179,.T.);
#197=FACE_BOUND('',#180,.T.);
#198=FACE_BOUND('',#181,.T.);
#199=FACE_BOUND('',#182,.T.);
#200=FACE_BOUND('',#183,.T.);
#201=FACE_BOUND('',#184,.T.);
#202=FACE_BOUND('',#185,.T.);
#203=FACE_BOUND('',#186,.T.);
#204=CYLINDRICAL_SURFACE('',#233,0.0075);
#205=CYLINDRICAL_SURFACE('',#240,0.004);
#206=ADVANCED_FACE('',(#187,#188),#204,.T.);
#207=ADVANCED_FACE('',(#189),#28,.F.);
#208=ADVANCED_FACE('',(#190),#205,.T.);
#209=ADVANCED_FACE('',(#191,#192),#29,.T.);
#210=ADVANCED_FACE('',(#193),#30,.F.);
#211=ADVANCED_FACE('',(#194),#13,.T.);
#212=ADVANCED_FACE('',(#195),#14,.T.);
#213=ADVANCED_FACE('',(#196),#15,.T.);
#214=ADVANCED_FACE('',(#197,#198),#12,.T.);
#215=ADVANCED_FACE('',(#199),#31,.T.);
#216=ADVANCED_FACE('',(#200),#32,.T.);
#217=ADVANCED_FACE('',(#201),#33,.F.);
#218=ADVANCED_FACE('',(#202),#34,.T.);
#219=ADVANCED_FACE('',(#203),#35,.F.);
#220=CLOSED_SHELL('',(#206,#207,#208,#209,#210,#211,#212,#213,#214,#215,
#216,#217,#218,#219));
#221=STYLED_ITEM('',(#222),#229);
#222=PRESENTATION_STYLE_ASSIGNMENT((#223));
#223=SURFACE_STYLE_USAGE(.BOTH.,#224);
#224=SURFACE_SIDE_STYLE('',(#225));
#225=SURFACE_STYLE_FILL_AREA(#226);
#226=FILL_AREA_STYLE('',(#227));
#227=FILL_AREA_STYLE_COLOUR('',#228);
#228=COLOUR_RGB('',0.768627450980392,0.886274509803922,0.952941176470588);
#229=MANIFOLD_SOLID_BREP('Screw 1',#220);
#230=SHAPE_DEFINITION_REPRESENTATION(#1957,#231);
#231=SHAPE_REPRESENTATION('Screw 1',(#232),#1952);
#232=AXIS2_PLACEMENT_3D('',#302,#252,#253);
#233=AXIS2_PLACEMENT_3D('',#303,#254,#255);
#234=AXIS2_PLACEMENT_3D('',#304,#256,#257);
#235=AXIS2_PLACEMENT_3D('',#309,#259,#260);
#236=AXIS2_PLACEMENT_3D('',#313,#262,#263);
#237=AXIS2_PLACEMENT_3D('',#317,#265,#266);
#238=AXIS2_PLACEMENT_3D('',#320,#268,#269);
#239=AXIS2_PLACEMENT_3D('',#322,#270,#271);
#240=AXIS2_PLACEMENT_3D('',#324,#273,#274);
#241=AXIS2_PLACEMENT_3D('',#674,#275,#276);
#242=AXIS2_PLACEMENT_3D('',#676,#277,#278);
#243=AXIS2_PLACEMENT_3D('',#677,#279,#280);
#244=AXIS2_PLACEMENT_3D('',#696,#282,#283);
#245=AXIS2_PLACEMENT_3D('',#1940,#285,#286);
#246=AXIS2_PLACEMENT_3D('',#1941,#287,#288);
#247=AXIS2_PLACEMENT_3D('',#1943,#289,#290);
#248=AXIS2_PLACEMENT_3D('',#1944,#291,#292);
#249=AXIS2_PLACEMENT_3D('',#1947,#295,#296);
#250=AXIS2_PLACEMENT_3D('',#1949,#298,#299);
#251=AXIS2_PLACEMENT_3D('',#1950,#300,#301);
#252=DIRECTION('',(0.,0.,1.));
#253=DIRECTION('',(1.,0.,0.));
#254=DIRECTION('',(-1.,0.,0.));
#255=DIRECTION('',(0.,0.,-1.));
#256=DIRECTION('',(1.,0.,0.));
#257=DIRECTION('',(0.,0.,-1.));
#258=DIRECTION('',(-1.,0.,0.));
#259=DIRECTION('',(1.,0.,0.));
#260=DIRECTION('',(0.,0.,-1.));
#261=DIRECTION('',(-1.,0.,0.));
#262=DIRECTION('',(1.,0.,0.));
#263=DIRECTION('',(0.,0.,-1.));
#264=DIRECTION('',(-1.,0.,0.));
#265=DIRECTION('',(1.,0.,0.));
#266=DIRECTION('',(0.,0.,-1.));
#267=DIRECTION('',(-1.,0.,0.));
#268=DIRECTION('',(1.,0.,0.));
#269=DIRECTION('',(0.,0.,-1.));
#270=DIRECTION('',(1.,0.,0.));
#271=DIRECTION('',(0.,1.,0.));
#272=DIRECTION('',(0.,1.,0.));
#273=DIRECTION('',(-1.,0.,0.));
#274=DIRECTION('',(0.,-1.,0.));
#275=DIRECTION('',(1.,0.,0.));
#276=DIRECTION('',(0.,1.,0.));
#277=DIRECTION('',(0.159891016943891,-4.52454829733623E-15,0.987134673031319));
#278=DIRECTION('',(-0.987134673031319,-7.32863152553747E-16,0.159891016943891));
#279=DIRECTION('',(1.,0.,0.));
#280=DIRECTION('',(0.,1.,0.));
#281=DIRECTION('',(0.,-1.,-4.58351673884794E-15));
#282=DIRECTION('',(0.159891016943891,-4.52454829733623E-15,0.987134673031319));
#283=DIRECTION('',(-7.23434628472844E-16,-1.,-4.46633850410541E-15));
#284=DIRECTION('',(0.607723580076017,-0.788024373724566,-0.0984359519464044));
#285=DIRECTION('',(-1.,0.,0.));
#286=DIRECTION('',(0.,-1.,0.));
#287=DIRECTION('',(-1.,0.,0.));
#288=DIRECTION('',(0.,-1.,0.));
#289=DIRECTION('',(1.,0.,0.));
#290=DIRECTION('',(0.,1.,0.));
#291=DIRECTION('',(-1.,0.,0.));
#292=DIRECTION('',(0.,1.,0.));
#293=DIRECTION('',(0.,1.,0.));
#294=DIRECTION('',(0.,1.,0.));
#295=DIRECTION('',(1.,0.,0.));
#296=DIRECTION('',(0.,1.,0.));
#297=DIRECTION('',(0.,1.,0.));
#298=DIRECTION('',(0.,0.,-1.));
#299=DIRECTION('',(1.,0.,0.));
#300=DIRECTION('',(0.,0.,-1.));
#301=DIRECTION('',(1.,0.,0.));
#302=CARTESIAN_POINT('',(0.,0.,0.));
#303=CARTESIAN_POINT('',(-0.011,-0.0300244434622573,-0.00799990041787271));
#304=CARTESIAN_POINT('',(-0.013,-0.0300244434622573,-0.00799990041787271));
#305=CARTESIAN_POINT('',(-0.013,-0.0374917053432951,-0.00729990041787272));
#306=CARTESIAN_POINT('',(-0.013,-0.0374917053432951,-0.00869990041787272));
#307=CARTESIAN_POINT('',(-0.011,-0.0374917053432951,-0.00869990041787272));
#308=CARTESIAN_POINT('',(-0.016,-0.0374917053432951,-0.00869990041787272));
#309=CARTESIAN_POINT('',(-0.016,-0.0300244434622573,-0.00799990041787271));
#310=CARTESIAN_POINT('',(-0.016,-0.0225571815812195,-0.00869990041787272));
#311=CARTESIAN_POINT('',(-0.011,-0.0225571815812195,-0.00869990041787272));
#312=CARTESIAN_POINT('',(-0.013,-0.0225571815812195,-0.00869990041787272));
#313=CARTESIAN_POINT('',(-0.013,-0.0300244434622573,-0.00799990041787271));
#314=CARTESIAN_POINT('',(-0.013,-0.0225571815812195,-0.00729990041787272));
#315=CARTESIAN_POINT('',(-0.011,-0.0225571815812195,-0.00729990041787272));
#316=CARTESIAN_POINT('',(-0.016,-0.0225571815812195,-0.00729990041787272));
#317=CARTESIAN_POINT('',(-0.016,-0.0300244434622573,-0.00799990041787271));
#318=CARTESIAN_POINT('',(-0.016,-0.0374917053432951,-0.00729990041787272));
#319=CARTESIAN_POINT('',(-0.011,-0.0374917053432951,-0.00729990041787272));
#320=CARTESIAN_POINT('',(-0.011,-0.0300244434622573,-0.00799990041787271));
#321=CARTESIAN_POINT('',(-0.011,-0.0300244434622573,-0.0154999004178727));
#322=CARTESIAN_POINT('',(-0.016,-0.0689970678535747,-0.00799990041787271));
#323=CARTESIAN_POINT('',(-0.016,-0.0295863595244048,-0.00729990041787272));
#324=CARTESIAN_POINT('',(0.039,-0.0300244434622573,-0.00799990041787272));
#325=CARTESIAN_POINT('',(-0.0107311592131803,-0.0260297267771892,-0.00820542074786122));
#326=CARTESIAN_POINT('',(-0.0103915365716709,-0.0259110695593464,-0.00589906999440087));
#327=CARTESIAN_POINT('',(-0.0100519139301614,-0.0278490992929591,-0.00464313445267644));
#328=CARTESIAN_POINT('',(-0.00971229128865199,-0.0297871290265717,-0.00338719891095201));
#329=CARTESIAN_POINT('',(-0.00937266864714256,-0.0318438159780271,-0.00443761412268793));
#330=CARTESIAN_POINT('',(-0.00903304600563313,-0.0339005029294826,-0.00548802933442386));
#331=CARTESIAN_POINT('',(-0.00869342336412369,-0.0340191601473254,-0.00779438008788421));
#332=CARTESIAN_POINT('',(-0.00835380072261426,-0.0341378173651682,-0.0101007308413446));
#333=CARTESIAN_POINT('',(-0.00801417808110483,-0.0321997876315556,-0.011356666383069));
#334=CARTESIAN_POINT('',(-0.00767455543959539,-0.0302617578979429,-0.0126126019247934));
#335=CARTESIAN_POINT('',(-0.00733493279808595,-0.0282050709464874,-0.0115621867130575));
#336=CARTESIAN_POINT('',(-0.00699531015657652,-0.026148383995032,-0.0105117715013216));
#337=CARTESIAN_POINT('',(-0.00665568751506709,-0.0260297267771892,-0.00820542074786122));
#338=CARTESIAN_POINT('',(-0.00631606487355766,-0.0259110695593464,-0.00589906999440087));
#339=CARTESIAN_POINT('',(-0.00597644223204822,-0.0278490992929591,-0.00464313445267644));
#340=CARTESIAN_POINT('',(-0.00563681959053879,-0.0297871290265717,-0.00338719891095201));
#341=CARTESIAN_POINT('',(-0.00529719694902935,-0.0318438159780271,-0.00443761412268793));
#342=CARTESIAN_POINT('',(-0.00495757430751992,-0.0339005029294826,-0.00548802933442386));
#343=CARTESIAN_POINT('',(-0.00461795166601049,-0.0340191601473254,-0.00779438008788421));
#344=CARTESIAN_POINT('',(-0.00427832902450105,-0.0341378173651682,-0.0101007308413446));
#345=CARTESIAN_POINT('',(-0.00393870638299162,-0.0321997876315556,-0.011356666383069));
#346=CARTESIAN_POINT('',(-0.00359908374148218,-0.0302617578979429,-0.0126126019247934));
#347=CARTESIAN_POINT('',(-0.00325946109997274,-0.0282050709464874,-0.0115621867130575));
#348=CARTESIAN_POINT('',(-0.00291983845846331,-0.026148383995032,-0.0105117715013216));
#349=CARTESIAN_POINT('',(-0.00258021581695388,-0.0260297267771892,-0.00820542074786122));
#350=CARTESIAN_POINT('',(-0.00224059317544445,-0.0259110695593464,-0.00589906999440087));
#351=CARTESIAN_POINT('',(-0.00190097053393501,-0.0278490992929591,-0.00464313445267644));
#352=CARTESIAN_POINT('',(-0.00156134789242558,-0.0297871290265717,-0.00338719891095201));
#353=CARTESIAN_POINT('',(-0.00122172525091615,-0.0318438159780271,-0.00443761412268793));
#354=CARTESIAN_POINT('',(-0.000882102609406711,-0.0339005029294826,-0.00548802933442386));
#355=CARTESIAN_POINT('',(-0.000542479967897275,-0.0340191601473254,-0.00779438008788421));
#356=CARTESIAN_POINT('',(-0.000202857326387841,-0.0341378173651682,-0.0101007308413446));
#357=CARTESIAN_POINT('',(0.000136765315121592,-0.0321997876315556,-0.011356666383069));
#358=CARTESIAN_POINT('',(0.000476387956631025,-0.0302617578979429,-0.0126126019247934));
#359=CARTESIAN_POINT('',(0.00081601059814046,-0.0282050709464874,-0.0115621867130575));
#360=CARTESIAN_POINT('',(0.0011556332396499,-0.026148383995032,-0.0105117715013216));
#361=CARTESIAN_POINT('',(0.00149525588115933,-0.0260297267771892,-0.00820542074786122));
#362=CARTESIAN_POINT('',(0.00183487852266876,-0.0259110695593464,-0.00589906999440087));
#363=CARTESIAN_POINT('',(0.0021745011641782,-0.0278490992929591,-0.00464313445267644));
#364=CARTESIAN_POINT('',(0.00251412380568763,-0.0297871290265717,-0.00338719891095201));
#365=CARTESIAN_POINT('',(0.00285374644719706,-0.0318438159780271,-0.00443761412268793));
#366=CARTESIAN_POINT('',(0.0031933690887065,-0.0339005029294826,-0.00548802933442386));
#367=CARTESIAN_POINT('',(0.00353299173021593,-0.0340191601473254,-0.00779438008788421));
#368=CARTESIAN_POINT('',(0.00387261437172536,-0.0341378173651682,-0.0101007308413446));
#369=CARTESIAN_POINT('',(0.0042122370132348,-0.0321997876315556,-0.011356666383069));
#370=CARTESIAN_POINT('',(0.00455185965474423,-0.0302617578979429,-0.0126126019247934));
#371=CARTESIAN_POINT('',(0.00489148229625366,-0.0282050709464874,-0.0115621867130575));
#372=CARTESIAN_POINT('',(0.0052311049377631,-0.026148383995032,-0.0105117715013216));
#373=CARTESIAN_POINT('',(0.00557072757927253,-0.0260297267771892,-0.00820542074786122));
#374=CARTESIAN_POINT('',(0.00591035022078197,-0.0259110695593464,-0.00589906999440087));
#375=CARTESIAN_POINT('',(0.0062499728622914,-0.0278490992929591,-0.00464313445267644));
#376=CARTESIAN_POINT('',(0.00658959550380084,-0.0297871290265717,-0.00338719891095201));
#377=CARTESIAN_POINT('',(0.00692921814531027,-0.0318438159780271,-0.00443761412268793));
#378=CARTESIAN_POINT('',(0.00726884078681971,-0.0339005029294826,-0.00548802933442386));
#379=CARTESIAN_POINT('',(0.00760846342832914,-0.0340191601473254,-0.00779438008788421));
#380=CARTESIAN_POINT('',(0.00794808606983858,-0.0341378173651682,-0.0101007308413446));
#381=CARTESIAN_POINT('',(0.00828770871134801,-0.0321997876315556,-0.011356666383069));
#382=CARTESIAN_POINT('',(0.00862733135285745,-0.0302617578979429,-0.0126126019247934));
#383=CARTESIAN_POINT('',(0.00896695399436688,-0.0282050709464874,-0.0115621867130575));
#384=CARTESIAN_POINT('',(0.0093065766358763,-0.026148383995032,-0.0105117715013216));
#385=CARTESIAN_POINT('',(0.00964619927738575,-0.0260297267771892,-0.00820542074786122));
#386=CARTESIAN_POINT('',(0.00998582191889518,-0.0259110695593464,-0.00589906999440087));
#387=CARTESIAN_POINT('',(0.0103254445604046,-0.0278490992929591,-0.00464313445267644));
#388=CARTESIAN_POINT('',(0.010665067201914,-0.0297871290265717,-0.00338719891095201));
#389=CARTESIAN_POINT('',(0.0110046898434235,-0.0318438159780271,-0.00443761412268793));
#390=CARTESIAN_POINT('',(0.0113443124849329,-0.0339005029294826,-0.00548802933442386));
#391=CARTESIAN_POINT('',(0.0116839351264423,-0.0340191601473254,-0.00779438008788421));
#392=CARTESIAN_POINT('',(0.0120235577679518,-0.0341378173651682,-0.0101007308413446));
#393=CARTESIAN_POINT('',(0.0123631804094612,-0.0321997876315556,-0.011356666383069));
#394=CARTESIAN_POINT('',(0.0127028030509706,-0.0302617578979429,-0.0126126019247934));
#395=CARTESIAN_POINT('',(0.0130424256924801,-0.0282050709464874,-0.0115621867130575));
#396=CARTESIAN_POINT('',(0.0133820483339895,-0.026148383995032,-0.0105117715013216));
#397=CARTESIAN_POINT('',(0.0137216709754989,-0.0260297267771892,-0.00820542074786122));
#398=CARTESIAN_POINT('',(0.0140612936170084,-0.0259110695593464,-0.00589906999440087));
#399=CARTESIAN_POINT('',(0.0144009162585178,-0.0278490992929591,-0.00464313445267644));
#400=CARTESIAN_POINT('',(0.0147405389000272,-0.0297871290265717,-0.00338719891095201));
#401=CARTESIAN_POINT('',(0.0150801615415367,-0.0318438159780271,-0.00443761412268793));
#402=CARTESIAN_POINT('',(0.0154197841830461,-0.0339005029294826,-0.00548802933442386));
#403=CARTESIAN_POINT('',(0.0157594068245555,-0.0340191601473254,-0.00779438008788421));
#404=CARTESIAN_POINT('',(0.016099029466065,-0.0341378173651682,-0.0101007308413446));
#405=CARTESIAN_POINT('',(0.0164386521075745,-0.0321997876315556,-0.011356666383069));
#406=CARTESIAN_POINT('',(0.0167782747490839,-0.0302617578979429,-0.0126126019247934));
#407=CARTESIAN_POINT('',(0.0171178973905933,-0.0282050709464874,-0.0115621867130575));
#408=CARTESIAN_POINT('',(0.0174575200321027,-0.026148383995032,-0.0105117715013216));
#409=CARTESIAN_POINT('',(0.0177971426736121,-0.0260297267771892,-0.00820542074786122));
#410=CARTESIAN_POINT('',(0.0181367653151216,-0.0259110695593464,-0.00589906999440087));
#411=CARTESIAN_POINT('',(0.018476387956631,-0.0278490992929591,-0.00464313445267644));
#412=CARTESIAN_POINT('',(0.0188160105981404,-0.0297871290265717,-0.00338719891095201));
#413=CARTESIAN_POINT('',(0.0191556332396499,-0.0318438159780271,-0.00443761412268793));
#414=CARTESIAN_POINT('',(0.0194952558811593,-0.0339005029294826,-0.00548802933442386));
#415=CARTESIAN_POINT('',(0.0198348785226688,-0.0340191601473254,-0.00779438008788421));
#416=CARTESIAN_POINT('',(0.0201745011641782,-0.0341378173651682,-0.0101007308413446));
#417=CARTESIAN_POINT('',(0.0205141238056876,-0.0321997876315556,-0.011356666383069));
#418=CARTESIAN_POINT('',(0.0208537464471971,-0.0302617578979429,-0.0126126019247934));
#419=CARTESIAN_POINT('',(0.0211933690887065,-0.0282050709464874,-0.0115621867130575));
#420=CARTESIAN_POINT('',(0.0215329917302159,-0.026148383995032,-0.0105117715013216));
#421=CARTESIAN_POINT('',(0.0218726143717254,-0.0260297267771892,-0.00820542074786122));
#422=CARTESIAN_POINT('',(0.0222122370132348,-0.0259110695593464,-0.00589906999440087));
#423=CARTESIAN_POINT('',(0.0225518596547443,-0.0278490992929591,-0.00464313445267644));
#424=CARTESIAN_POINT('',(0.0228914822962536,-0.0297871290265717,-0.00338719891095201));
#425=CARTESIAN_POINT('',(0.0232311049377631,-0.0318438159780271,-0.00443761412268793));
#426=CARTESIAN_POINT('',(0.0235707275792725,-0.0339005029294826,-0.00548802933442386));
#427=CARTESIAN_POINT('',(0.023910350220782,-0.0340191601473254,-0.00779438008788421));
#428=CARTESIAN_POINT('',(0.0242499728622914,-0.0341378173651682,-0.0101007308413446));
#429=CARTESIAN_POINT('',(0.0245895955038008,-0.0321997876315556,-0.011356666383069));
#430=CARTESIAN_POINT('',(0.0249292181453103,-0.0302617578979429,-0.0126126019247934));
#431=CARTESIAN_POINT('',(0.0252688407868197,-0.0282050709464874,-0.0115621867130575));
#432=CARTESIAN_POINT('',(0.0256084634283292,-0.026148383995032,-0.0105117715013216));
#433=CARTESIAN_POINT('',(0.0259480860698386,-0.0260297267771892,-0.00820542074786122));
#434=CARTESIAN_POINT('',(0.026287708711348,-0.0259110695593464,-0.00589906999440087));
#435=CARTESIAN_POINT('',(0.0266273313528575,-0.0278490992929591,-0.00464313445267644));
#436=CARTESIAN_POINT('',(0.0269669539943669,-0.0297871290265717,-0.00338719891095201));
#437=CARTESIAN_POINT('',(0.0273065766358763,-0.0318438159780271,-0.00443761412268793));
#438=CARTESIAN_POINT('',(0.0276461992773857,-0.0339005029294826,-0.00548802933442386));
#439=CARTESIAN_POINT('',(0.0279858219188952,-0.0340191601473254,-0.00779438008788421));
#440=CARTESIAN_POINT('',(0.0283254445604046,-0.0341378173651682,-0.0101007308413446));
#441=CARTESIAN_POINT('',(0.0286650672019141,-0.0321997876315556,-0.011356666383069));
#442=CARTESIAN_POINT('',(0.0290046898434235,-0.0302617578979429,-0.0126126019247934));
#443=CARTESIAN_POINT('',(0.0293443124849329,-0.0282050709464874,-0.0115621867130575));
#444=CARTESIAN_POINT('',(0.0296839351264424,-0.026148383995032,-0.0105117715013216));
#445=CARTESIAN_POINT('',(0.0300235577679518,-0.0260297267771892,-0.00820542074786122));
#446=CARTESIAN_POINT('',(0.0303631804094613,-0.0259110695593464,-0.00589906999440087));
#447=CARTESIAN_POINT('',(0.0307028030509707,-0.0278490992929591,-0.00464313445267644));
#448=CARTESIAN_POINT('',(0.0310424256924801,-0.0297871290265717,-0.00338719891095201));
#449=CARTESIAN_POINT('',(0.0313820483339895,-0.0318438159780271,-0.00443761412268793));
#450=CARTESIAN_POINT('',(0.031721670975499,-0.0339005029294826,-0.00548802933442386));
#451=CARTESIAN_POINT('',(0.0320612936170084,-0.0340191601473254,-0.00779438008788421));
#452=CARTESIAN_POINT('',(0.0324009162585178,-0.0341378173651682,-0.0101007308413446));
#453=CARTESIAN_POINT('',(0.0327405389000272,-0.0321997876315556,-0.011356666383069));
#454=CARTESIAN_POINT('',(0.0330801615415367,-0.0302617578979429,-0.0126126019247934));
#455=CARTESIAN_POINT('',(0.0334197841830461,-0.0282050709464874,-0.0115621867130575));
#456=CARTESIAN_POINT('',(0.0337594068245555,-0.026148383995032,-0.0105117715013216));
#457=CARTESIAN_POINT('',(0.034099029466065,-0.0260297267771892,-0.00820542074786122));
#458=CARTESIAN_POINT('',(0.0344386521075744,-0.0259110695593464,-0.00589906999440087));
#459=CARTESIAN_POINT('',(0.0347782747490838,-0.0278490992929591,-0.00464313445267644));
#460=CARTESIAN_POINT('',(0.0351178973905933,-0.0297871290265717,-0.00338719891095201));
#461=CARTESIAN_POINT('',(0.0354575200321028,-0.0318438159780271,-0.00443761412268793));
#462=CARTESIAN_POINT('',(0.0357971426736122,-0.0339005029294826,-0.00548802933442386));
#463=CARTESIAN_POINT('',(0.0361367653151216,-0.0340191601473254,-0.00779438008788421));
#464=CARTESIAN_POINT('',(0.0364763879566311,-0.0341378173651682,-0.0101007308413446));
#465=CARTESIAN_POINT('',(0.0368160105981405,-0.0321997876315556,-0.011356666383069));
#466=CARTESIAN_POINT('',(0.0371556332396499,-0.0302617578979429,-0.0126126019247934));
#467=CARTESIAN_POINT('',(0.0374952558811594,-0.0282050709464874,-0.0115621867130575));
#468=CARTESIAN_POINT('',(0.0378348785226688,-0.026148383995032,-0.0105117715013216));
#469=CARTESIAN_POINT('',(0.0381745011641782,-0.0260297267771892,-0.00820542074786122));
#470=CARTESIAN_POINT('',(0.0385141238056876,-0.0259110695593464,-0.00589906999440087));
#471=CARTESIAN_POINT('',(0.0388537464471971,-0.0278490992929591,-0.00464313445267644));
#472=CARTESIAN_POINT('',(0.0391933690887065,-0.0297871290265717,-0.00338719891095201));
#473=CARTESIAN_POINT('',(0.0395329917302159,-0.0318438159780271,-0.00443761412268793));
#474=CARTESIAN_POINT('',(0.0398726143717254,-0.0339005029294826,-0.00548802933442386));
#475=CARTESIAN_POINT('',(0.0402122370132348,-0.0340191601473254,-0.00779438008788421));
#476=CARTESIAN_POINT('',(0.0405518596547443,-0.0341378173651682,-0.0101007308413446));
#477=CARTESIAN_POINT('',(0.0408914822962537,-0.0321997876315556,-0.011356666383069));
#478=CARTESIAN_POINT('',(0.0412311049377631,-0.0302617578979429,-0.0126126019247934));
#479=CARTESIAN_POINT('',(0.0415707275792725,-0.0282050709464874,-0.0115621867130575));
#480=CARTESIAN_POINT('',(0.041910350220782,-0.026148383995032,-0.0105117715013216));
#481=CARTESIAN_POINT('',(0.0422499728622914,-0.0260297267771892,-0.00820542074786122));
#482=CARTESIAN_POINT('',(0.0425895955038008,-0.0259110695593464,-0.00589906999440087));
#483=CARTESIAN_POINT('',(0.0429292181453103,-0.0278490992929591,-0.00464313445267644));
#484=CARTESIAN_POINT('',(0.0432688407868197,-0.0297871290265717,-0.00338719891095201));
#485=CARTESIAN_POINT('',(0.0436084634283292,-0.0318438159780271,-0.00443761412268793));
#486=CARTESIAN_POINT('',(0.0439480860698386,-0.0339005029294826,-0.00548802933442386));
#487=CARTESIAN_POINT('',(0.044287708711348,-0.0340191601473254,-0.00779438008788421));
#488=CARTESIAN_POINT('',(0.0446273313528574,-0.0341378173651682,-0.0101007308413446));
#489=CARTESIAN_POINT('',(0.0449669539943668,-0.0321997876315556,-0.011356666383069));
#490=CARTESIAN_POINT('',(0.0453065766358763,-0.0302617578979429,-0.0126126019247934));
#491=CARTESIAN_POINT('',(0.0456461992773858,-0.0282050709464874,-0.0115621867130575));
#492=CARTESIAN_POINT('',(0.0459858219188952,-0.026148383995032,-0.0105117715013216));
#493=CARTESIAN_POINT('',(0.0463254445604046,-0.0260297267771892,-0.00820542074786122));
#494=CARTESIAN_POINT('',(-0.0107311592131803,-0.0260297267771892,-0.00820542074786122));
#495=CARTESIAN_POINT('',(0.0374550230311936,-0.0284481783092943,-0.0116762285000024));
#496=CARTESIAN_POINT('',(0.0374550230311812,-0.0284481783092905,-0.0116762285000143));
#497=CARTESIAN_POINT('',(0.0374515533774768,-0.0291177459475577,-0.0119633128168036));
#498=CARTESIAN_POINT('',(0.037449153790871,-0.0306122369756627,-0.0121622718432934));
#499=CARTESIAN_POINT('',(0.0374601785580842,-0.032695621027047,-0.0112489274868988));
#500=CARTESIAN_POINT('',(0.0374828539496181,-0.0339951964700879,-0.00937903444430507));
#501=CARTESIAN_POINT('',(0.0375012024788392,-0.034089103184185,-0.00787629540386225));
#502=CARTESIAN_POINT('',(0.0375099786871542,-0.0339352713651178,-0.00716000452300989));
#503=CARTESIAN_POINT('',(0.0375099786871542,-0.0339352713651178,-0.00716000452300988));
#504=CARTESIAN_POINT('',(-0.0132688407868197,-0.0260297267771892,-0.00779438008788421));
#505=CARTESIAN_POINT('',(-0.0129292181453103,-0.026148383995032,-0.00548802933442386));
#506=CARTESIAN_POINT('',(-0.0125895955038008,-0.0282050709464875,-0.00443761412268793));
#507=CARTESIAN_POINT('',(-0.0122499728622914,-0.0302617578979429,-0.00338719891095201));
#508=CARTESIAN_POINT('',(-0.011910350220782,-0.0321997876315556,-0.00464313445267644));
#509=CARTESIAN_POINT('',(-0.0115707275792725,-0.0341378173651682,-0.00589906999440087));
#510=CARTESIAN_POINT('',(-0.0112311049377631,-0.0340191601473254,-0.00820542074786122));
#511=CARTESIAN_POINT('',(-0.0108914822962537,-0.0339005029294826,-0.0105117715013216));
#512=CARTESIAN_POINT('',(-0.0105518596547442,-0.0318438159780271,-0.0115621867130575));
#513=CARTESIAN_POINT('',(-0.0102122370132348,-0.0297871290265717,-0.0126126019247934));
#514=CARTESIAN_POINT('',(-0.00987261437172537,-0.0278490992929591,-0.011356666383069));
#515=CARTESIAN_POINT('',(-0.00953299173021593,-0.0259110695593464,-0.0101007308413446));
#516=CARTESIAN_POINT('',(-0.0091933690887065,-0.0260297267771892,-0.00779438008788421));
#517=CARTESIAN_POINT('',(-0.00885374644719706,-0.026148383995032,-0.00548802933442386));
#518=CARTESIAN_POINT('',(-0.00851412380568763,-0.0282050709464875,-0.00443761412268793));
#519=CARTESIAN_POINT('',(-0.0081745011641782,-0.0302617578979429,-0.00338719891095201));
#520=CARTESIAN_POINT('',(-0.00783487852266877,-0.0321997876315556,-0.00464313445267644));
#521=CARTESIAN_POINT('',(-0.00749525588115933,-0.0341378173651682,-0.00589906999440087));
#522=CARTESIAN_POINT('',(-0.0071556332396499,-0.0340191601473254,-0.00820542074786122));
#523=CARTESIAN_POINT('',(-0.00681601059814046,-0.0339005029294826,-0.0105117715013216));
#524=CARTESIAN_POINT('',(-0.00647638795663103,-0.0318438159780271,-0.0115621867130575));
#525=CARTESIAN_POINT('',(-0.0061367653151216,-0.0297871290265717,-0.0126126019247934));
#526=CARTESIAN_POINT('',(-0.00579714267361216,-0.0278490992929591,-0.011356666383069));
#527=CARTESIAN_POINT('',(-0.00545752003210273,-0.0259110695593464,-0.0101007308413446));
#528=CARTESIAN_POINT('',(-0.00511789739059329,-0.0260297267771892,-0.00779438008788421));
#529=CARTESIAN_POINT('',(-0.00477827474908386,-0.026148383995032,-0.00548802933442386));
#530=CARTESIAN_POINT('',(-0.00443865210757442,-0.0282050709464875,-0.00443761412268793));
#531=CARTESIAN_POINT('',(-0.00409902946606499,-0.0302617578979429,-0.00338719891095201));
#532=CARTESIAN_POINT('',(-0.00375940682455556,-0.0321997876315556,-0.00464313445267644));
#533=CARTESIAN_POINT('',(-0.00341978418304612,-0.0341378173651682,-0.00589906999440087));
#534=CARTESIAN_POINT('',(-0.00308016154153669,-0.0340191601473254,-0.00820542074786122));
#535=CARTESIAN_POINT('',(-0.00274053890002725,-0.0339005029294826,-0.0105117715013216));
#536=CARTESIAN_POINT('',(-0.00240091625851782,-0.0318438159780271,-0.0115621867130575));
#537=CARTESIAN_POINT('',(-0.00206129361700839,-0.0297871290265717,-0.0126126019247934));
#538=CARTESIAN_POINT('',(-0.00172167097549896,-0.0278490992929591,-0.011356666383069));
#539=CARTESIAN_POINT('',(-0.00138204833398952,-0.0259110695593464,-0.0101007308413446));
#540=CARTESIAN_POINT('',(-0.00104242569248008,-0.0260297267771892,-0.00779438008788421));
#541=CARTESIAN_POINT('',(-0.000702803050970651,-0.026148383995032,-0.00548802933442386));
#542=CARTESIAN_POINT('',(-0.000363180409461216,-0.0282050709464875,-0.00443761412268793));
#543=CARTESIAN_POINT('',(-2.35577679517812E-5,-0.0302617578979429,-0.00338719891095201));
#544=CARTESIAN_POINT('',(0.000316064873557651,-0.0321997876315556,-0.00464313445267644));
#545=CARTESIAN_POINT('',(0.000655687515067084,-0.0341378173651682,-0.00589906999440087));
#546=CARTESIAN_POINT('',(0.000995310156576518,-0.0340191601473254,-0.00820542074786122));
#547=CARTESIAN_POINT('',(0.00133493279808595,-0.0339005029294826,-0.0105117715013216));
#548=CARTESIAN_POINT('',(0.00167455543959539,-0.0318438159780271,-0.0115621867130575));
#549=CARTESIAN_POINT('',(0.00201417808110482,-0.0297871290265717,-0.0126126019247934));
#550=CARTESIAN_POINT('',(0.00235380072261425,-0.0278490992929591,-0.011356666383069));
#551=CARTESIAN_POINT('',(0.00269342336412368,-0.0259110695593464,-0.0101007308413446));
#552=CARTESIAN_POINT('',(0.00303304600563313,-0.0260297267771892,-0.00779438008788421));
#553=CARTESIAN_POINT('',(0.00337266864714256,-0.026148383995032,-0.00548802933442386));
#554=CARTESIAN_POINT('',(0.00371229128865199,-0.0282050709464875,-0.00443761412268793));
#555=CARTESIAN_POINT('',(0.00405191393016142,-0.0302617578979429,-0.00338719891095201));
#556=CARTESIAN_POINT('',(0.00439153657167086,-0.0321997876315556,-0.00464313445267644));
#557=CARTESIAN_POINT('',(0.0047311592131803,-0.0341378173651682,-0.00589906999440087));
#558=CARTESIAN_POINT('',(0.00507078185468973,-0.0340191601473254,-0.00820542074786122));
#559=CARTESIAN_POINT('',(0.00541040449619916,-0.0339005029294826,-0.0105117715013216));
#560=CARTESIAN_POINT('',(0.00575002713770859,-0.0318438159780271,-0.0115621867130575));
#561=CARTESIAN_POINT('',(0.00608964977921803,-0.0297871290265717,-0.0126126019247934));
#562=CARTESIAN_POINT('',(0.00642927242072746,-0.0278490992929591,-0.011356666383069));
#563=CARTESIAN_POINT('',(0.00676889506223689,-0.0259110695593464,-0.0101007308413446));
#564=CARTESIAN_POINT('',(0.00710851770374633,-0.0260297267771892,-0.00779438008788421));
#565=CARTESIAN_POINT('',(0.00744814034525577,-0.026148383995032,-0.00548802933442386));
#566=CARTESIAN_POINT('',(0.0077877629867652,-0.0282050709464875,-0.00443761412268793));
#567=CARTESIAN_POINT('',(0.00812738562827463,-0.0302617578979429,-0.00338719891095201));
#568=CARTESIAN_POINT('',(0.00846700826978407,-0.0321997876315556,-0.00464313445267644));
#569=CARTESIAN_POINT('',(0.00880663091129349,-0.0341378173651682,-0.00589906999440087));
#570=CARTESIAN_POINT('',(0.00914625355280294,-0.0340191601473254,-0.00820542074786122));
#571=CARTESIAN_POINT('',(0.00948587619431237,-0.0339005029294826,-0.0105117715013216));
#572=CARTESIAN_POINT('',(0.0098254988358218,-0.0318438159780271,-0.0115621867130575));
#573=CARTESIAN_POINT('',(0.0101651214773312,-0.0297871290265717,-0.0126126019247934));
#574=CARTESIAN_POINT('',(0.0105047441188407,-0.0278490992929591,-0.011356666383069));
#575=CARTESIAN_POINT('',(0.0108443667603501,-0.0259110695593464,-0.0101007308413446));
#576=CARTESIAN_POINT('',(0.0111839894018595,-0.0260297267771892,-0.00779438008788421));
#577=CARTESIAN_POINT('',(0.011523612043369,-0.026148383995032,-0.00548802933442386));
#578=CARTESIAN_POINT('',(0.0118632346848784,-0.0282050709464875,-0.00443761412268793));
#579=CARTESIAN_POINT('',(0.0122028573263878,-0.0302617578979429,-0.00338719891095201));
#580=CARTESIAN_POINT('',(0.0125424799678973,-0.0321997876315556,-0.00464313445267644));
#581=CARTESIAN_POINT('',(0.0128821026094067,-0.0341378173651682,-0.00589906999440087));
#582=CARTESIAN_POINT('',(0.0132217252509161,-0.0340191601473254,-0.00820542074786122));
#583=CARTESIAN_POINT('',(0.0135613478924256,-0.0339005029294826,-0.0105117715013216));
#584=CARTESIAN_POINT('',(0.013900970533935,-0.0318438159780271,-0.0115621867130575));
#585=CARTESIAN_POINT('',(0.0142405931754444,-0.0297871290265717,-0.0126126019247934));
#586=CARTESIAN_POINT('',(0.0145802158169539,-0.0278490992929591,-0.011356666383069));
#587=CARTESIAN_POINT('',(0.0149198384584633,-0.0259110695593464,-0.0101007308413446));
#588=CARTESIAN_POINT('',(0.0152594610999728,-0.0260297267771892,-0.00779438008788421));
#589=CARTESIAN_POINT('',(0.0155990837414822,-0.026148383995032,-0.00548802933442386));
#590=CARTESIAN_POINT('',(0.0159387063829916,-0.0282050709464875,-0.00443761412268793));
#591=CARTESIAN_POINT('',(0.016278329024501,-0.0302617578979429,-0.00338719891095201));
#592=CARTESIAN_POINT('',(0.0166179516660105,-0.0321997876315556,-0.00464313445267644));
#593=CARTESIAN_POINT('',(0.0169575743075199,-0.0341378173651682,-0.00589906999440087));
#594=CARTESIAN_POINT('',(0.0172971969490293,-0.0340191601473254,-0.00820542074786122));
#595=CARTESIAN_POINT('',(0.0176368195905388,-0.0339005029294826,-0.0105117715013216));
#596=CARTESIAN_POINT('',(0.0179764422320482,-0.0318438159780271,-0.0115621867130575));
#597=CARTESIAN_POINT('',(0.0183160648735577,-0.0297871290265717,-0.0126126019247934));
#598=CARTESIAN_POINT('',(0.0186556875150671,-0.0278490992929591,-0.011356666383069));
#599=CARTESIAN_POINT('',(0.0189953101565765,-0.0259110695593464,-0.0101007308413446));
#600=CARTESIAN_POINT('',(0.0193349327980859,-0.0260297267771892,-0.00779438008788421));
#601=CARTESIAN_POINT('',(0.0196745554395954,-0.026148383995032,-0.00548802933442386));
#602=CARTESIAN_POINT('',(0.0200141780811048,-0.0282050709464875,-0.00443761412268793));
#603=CARTESIAN_POINT('',(0.0203538007226142,-0.0302617578979429,-0.00338719891095201));
#604=CARTESIAN_POINT('',(0.0206934233641237,-0.0321997876315556,-0.00464313445267644));
#605=CARTESIAN_POINT('',(0.0210330460056331,-0.0341378173651682,-0.00589906999440087));
#606=CARTESIAN_POINT('',(0.0213726686471425,-0.0340191601473254,-0.00820542074786122));
#607=CARTESIAN_POINT('',(0.021712291288652,-0.0339005029294826,-0.0105117715013216));
#608=CARTESIAN_POINT('',(0.0220519139301615,-0.0318438159780271,-0.0115621867130575));
#609=CARTESIAN_POINT('',(0.0223915365716709,-0.0297871290265717,-0.0126126019247934));
#610=CARTESIAN_POINT('',(0.0227311592131803,-0.0278490992929591,-0.011356666383069));
#611=CARTESIAN_POINT('',(0.0230707818546898,-0.0259110695593464,-0.0101007308413446));
#612=CARTESIAN_POINT('',(0.0234104044961992,-0.0260297267771892,-0.00779438008788421));
#613=CARTESIAN_POINT('',(0.0237500271377086,-0.026148383995032,-0.00548802933442386));
#614=CARTESIAN_POINT('',(0.024089649779218,-0.0282050709464875,-0.00443761412268793));
#615=CARTESIAN_POINT('',(0.0244292724207275,-0.0302617578979429,-0.00338719891095201));
#616=CARTESIAN_POINT('',(0.0247688950622369,-0.0321997876315556,-0.00464313445267644));
#617=CARTESIAN_POINT('',(0.0251085177037463,-0.0341378173651682,-0.00589906999440087));
#618=CARTESIAN_POINT('',(0.0254481403452558,-0.0340191601473254,-0.00820542074786122));
#619=CARTESIAN_POINT('',(0.0257877629867652,-0.0339005029294826,-0.0105117715013216));
#620=CARTESIAN_POINT('',(0.0261273856282747,-0.0318438159780271,-0.0115621867130575));
#621=CARTESIAN_POINT('',(0.026467008269784,-0.0297871290265717,-0.0126126019247934));
#622=CARTESIAN_POINT('',(0.0268066309112935,-0.0278490992929591,-0.011356666383069));
#623=CARTESIAN_POINT('',(0.0271462535528029,-0.0259110695593464,-0.0101007308413446));
#624=CARTESIAN_POINT('',(0.0274858761943124,-0.0260297267771892,-0.00779438008788421));
#625=CARTESIAN_POINT('',(0.0278254988358218,-0.026148383995032,-0.00548802933442386));
#626=CARTESIAN_POINT('',(0.0281651214773312,-0.0282050709464875,-0.00443761412268793));
#627=CARTESIAN_POINT('',(0.0285047441188407,-0.0302617578979429,-0.00338719891095201));
#628=CARTESIAN_POINT('',(0.0288443667603501,-0.0321997876315556,-0.00464313445267644));
#629=CARTESIAN_POINT('',(0.0291839894018595,-0.0341378173651682,-0.00589906999440087));
#630=CARTESIAN_POINT('',(0.029523612043369,-0.0340191601473254,-0.00820542074786122));
#631=CARTESIAN_POINT('',(0.0298632346848784,-0.0339005029294826,-0.0105117715013216));
#632=CARTESIAN_POINT('',(0.0302028573263879,-0.0318438159780271,-0.0115621867130575));
#633=CARTESIAN_POINT('',(0.0305424799678973,-0.0297871290265717,-0.0126126019247934));
#634=CARTESIAN_POINT('',(0.0308821026094067,-0.0278490992929591,-0.011356666383069));
#635=CARTESIAN_POINT('',(0.0312217252509161,-0.0259110695593464,-0.0101007308413446));
#636=CARTESIAN_POINT('',(0.0315613478924256,-0.0260297267771892,-0.00779438008788421));
#637=CARTESIAN_POINT('',(0.031900970533935,-0.026148383995032,-0.00548802933442386));
#638=CARTESIAN_POINT('',(0.0322405931754444,-0.0282050709464875,-0.00443761412268793));
#639=CARTESIAN_POINT('',(0.0325802158169539,-0.0302617578979429,-0.00338719891095201));
#640=CARTESIAN_POINT('',(0.0329198384584633,-0.0321997876315556,-0.00464313445267644));
#641=CARTESIAN_POINT('',(0.0332594610999728,-0.0341378173651682,-0.00589906999440087));
#642=CARTESIAN_POINT('',(0.0335990837414822,-0.0340191601473254,-0.00820542074786122));
#643=CARTESIAN_POINT('',(0.0339387063829916,-0.0339005029294826,-0.0105117715013216));
#644=CARTESIAN_POINT('',(0.0342783290245011,-0.0318438159780271,-0.0115621867130575));
#645=CARTESIAN_POINT('',(0.0346179516660105,-0.0297871290265717,-0.0126126019247934));
#646=CARTESIAN_POINT('',(0.0349575743075199,-0.0278490992929591,-0.011356666383069));
#647=CARTESIAN_POINT('',(0.0352971969490293,-0.0259110695593464,-0.0101007308413446));
#648=CARTESIAN_POINT('',(0.0356368195905388,-0.0260297267771892,-0.00779438008788421));
#649=CARTESIAN_POINT('',(0.0359764422320482,-0.026148383995032,-0.00548802933442386));
#650=CARTESIAN_POINT('',(0.0363160648735577,-0.0282050709464875,-0.00443761412268793));
#651=CARTESIAN_POINT('',(0.0366556875150671,-0.0302617578979429,-0.00338719891095201));
#652=CARTESIAN_POINT('',(0.0369953101565765,-0.0321997876315556,-0.00464313445267644));
#653=CARTESIAN_POINT('',(0.0373349327980859,-0.0341378173651682,-0.00589906999440087));
#654=CARTESIAN_POINT('',(0.0376745554395954,-0.0340191601473254,-0.00820542074786122));
#655=CARTESIAN_POINT('',(0.0380141780811048,-0.0339005029294826,-0.0105117715013216));
#656=CARTESIAN_POINT('',(0.0383538007226143,-0.0318438159780271,-0.0115621867130575));
#657=CARTESIAN_POINT('',(0.0386934233641237,-0.0297871290265717,-0.0126126019247934));
#658=CARTESIAN_POINT('',(0.0390330460056331,-0.0278490992929591,-0.011356666383069));
#659=CARTESIAN_POINT('',(0.0393726686471426,-0.0259110695593464,-0.0101007308413446));
#660=CARTESIAN_POINT('',(0.039712291288652,-0.0260297267771892,-0.00779438008788421));
#661=CARTESIAN_POINT('',(0.0400519139301614,-0.026148383995032,-0.00548802933442386));
#662=CARTESIAN_POINT('',(0.0403915365716708,-0.0282050709464875,-0.00443761412268793));
#663=CARTESIAN_POINT('',(0.0407311592131803,-0.0302617578979429,-0.00338719891095201));
#664=CARTESIAN_POINT('',(0.0410707818546898,-0.0321997876315556,-0.00464313445267644));
#665=CARTESIAN_POINT('',(0.0414104044961991,-0.0341378173651682,-0.00589906999440087));
#666=CARTESIAN_POINT('',(0.0417500271377086,-0.0340191601473254,-0.00820542074786122));
#667=CARTESIAN_POINT('',(0.042089649779218,-0.0339005029294826,-0.0105117715013216));
#668=CARTESIAN_POINT('',(0.0424292724207274,-0.0318438159780271,-0.0115621867130575));
#669=CARTESIAN_POINT('',(0.0427688950622369,-0.0297871290265717,-0.0126126019247934));
#670=CARTESIAN_POINT('',(0.0431085177037464,-0.0278490992929591,-0.011356666383069));
#671=CARTESIAN_POINT('',(0.0434481403452558,-0.0259110695593464,-0.0101007308413446));
#672=CARTESIAN_POINT('',(0.0437877629867652,-0.0260297267771892,-0.00779438008788421));
#673=CARTESIAN_POINT('',(-0.011,-0.0336856312754638,-0.00961101922057737));
#674=CARTESIAN_POINT('',(-0.011,-0.0300244434622573,-0.00799990041787272));
#675=CARTESIAN_POINT('',(-0.011,-0.0260277242903214,-0.00816187529456598));
#676=CARTESIAN_POINT('',(-0.012,-0.0300244434622573,-0.00799990041787272));
#677=CARTESIAN_POINT('',(-0.011,-0.0689970678535747,-0.00799990041787271));
#678=CARTESIAN_POINT('',(-0.011,-0.0334596938391595,-0.00436597057095514));
#679=CARTESIAN_POINT('',(-0.011,-0.0340309195758242,-0.0051154942190758));
#680=CARTESIAN_POINT('',(-0.011,-0.0346941880207049,-0.00692839848748019));
#681=CARTESIAN_POINT('',(-0.011,-0.0342345171928113,-0.00884114361379776));
#682=CARTESIAN_POINT('',(-0.011,-0.0336856312754638,-0.00961101922057738));
#683=CARTESIAN_POINT('',(-0.011,-0.0334596938391595,-0.00436597057095514));
#684=CARTESIAN_POINT('',(-0.011,-0.0263851245308279,-0.00457035977812747));
#685=CARTESIAN_POINT('',(-0.011,-0.0272920461863028,-0.00360860698765468));
#686=CARTESIAN_POINT('',(-0.011,-0.0298611117795429,-0.00247068545678306));
#687=CARTESIAN_POINT('',(-0.011,-0.0324987618750117,-0.00345817367476791));
#688=CARTESIAN_POINT('',(-0.011,-0.0334596938391595,-0.00436597057095513));
#689=CARTESIAN_POINT('',(-0.011,-0.0263851245308279,-0.00457035977812748));
#690=CARTESIAN_POINT('',(-0.011,-0.0256811257032623,-0.00816187529456598));
#691=CARTESIAN_POINT('',(-0.011,-0.0254235023281877,-0.00692532586712341));
#692=CARTESIAN_POINT('',(-0.011,-0.0256815244210345,-0.00561923440581468));
#693=CARTESIAN_POINT('',(-0.011,-0.0263851245308279,-0.00457035977812747));
#694=CARTESIAN_POINT('',(-0.011,-0.0256811257032623,-0.00816187529456598));
#695=CARTESIAN_POINT('',(-0.011,-0.0689970678535747,-0.00816187529456618));
#696=CARTESIAN_POINT('',(-0.012,-0.0258244434622573,-0.00799990041787272));
#697=CARTESIAN_POINT('',(-0.0108894734928397,-0.0258244434622573,-0.0081797778119346));
#698=CARTESIAN_POINT('',(-0.0107311592131706,-0.0260297267772017,-0.00820542074786278));
#699=CARTESIAN_POINT('',(-0.0103915365716612,-0.025911069559358,-0.00589906999440966));
#700=CARTESIAN_POINT('',(-0.0100519139301518,-0.027849099292964,-0.00464313445268806));
#701=CARTESIAN_POINT('',(-0.00971229128864234,-0.0297871290265699,-0.00338719891096646));
#702=CARTESIAN_POINT('',(-0.00937266864713291,-0.0318438159780196,-0.00443761412269799));
#703=CARTESIAN_POINT('',(-0.00903304600562347,-0.0339005029294692,-0.00548802933442953));
#704=CARTESIAN_POINT('',(-0.00869342336411404,-0.0340191601473129,-0.00779438008788265));
#705=CARTESIAN_POINT('',(-0.00835380072260461,-0.0341378173651566,-0.0101007308413358));
#706=CARTESIAN_POINT('',(-0.00801417808109517,-0.0321997876315507,-0.0113566663830574));
#707=CARTESIAN_POINT('',(-0.00767455543958573,-0.0302617578979447,-0.012612601924779));
#708=CARTESIAN_POINT('',(-0.0073349327980763,-0.0282050709464951,-0.0115621867130474));
#709=CARTESIAN_POINT('',(-0.00699531015656687,-0.0261483839950454,-0.0105117715013159));
#710=CARTESIAN_POINT('',(-0.00665568751505743,-0.0260297267772017,-0.00820542074786278));
#711=CARTESIAN_POINT('',(-0.006316064873548,-0.025911069559358,-0.00589906999440966));
#712=CARTESIAN_POINT('',(-0.00597644223203857,-0.027849099292964,-0.00464313445268806));
#713=CARTESIAN_POINT('',(-0.00563681959052913,-0.0297871290265699,-0.00338719891096646));
#714=CARTESIAN_POINT('',(-0.0052971969490197,-0.0318438159780196,-0.00443761412269799));
#715=CARTESIAN_POINT('',(-0.00495757430751027,-0.0339005029294692,-0.00548802933442953));
#716=CARTESIAN_POINT('',(-0.00461795166600083,-0.0340191601473129,-0.00779438008788265));
#717=CARTESIAN_POINT('',(-0.0042783290244914,-0.0341378173651566,-0.0101007308413358));
#718=CARTESIAN_POINT('',(-0.00393870638298197,-0.0321997876315507,-0.0113566663830574));
#719=CARTESIAN_POINT('',(-0.00359908374147253,-0.0302617578979447,-0.012612601924779));
#720=CARTESIAN_POINT('',(-0.0032594610999631,-0.0282050709464951,-0.0115621867130474));
#721=CARTESIAN_POINT('',(-0.00291983845845366,-0.0261483839950454,-0.0105117715013159));
#722=CARTESIAN_POINT('',(-0.00258021581694423,-0.0260297267772017,-0.00820542074786278));
#723=CARTESIAN_POINT('',(-0.00224059317543479,-0.025911069559358,-0.00589906999440966));
#724=CARTESIAN_POINT('',(-0.00190097053392536,-0.027849099292964,-0.00464313445268806));
#725=CARTESIAN_POINT('',(-0.00156134789241593,-0.0297871290265699,-0.00338719891096646));
#726=CARTESIAN_POINT('',(-0.00122172525090649,-0.0318438159780196,-0.00443761412269799));
#727=CARTESIAN_POINT('',(-0.00088210260939706,-0.0339005029294692,-0.00548802933442953));
#728=CARTESIAN_POINT('',(-0.000542479967887623,-0.0340191601473129,-0.00779438008788265));
#729=CARTESIAN_POINT('',(-0.00020285732637819,-0.0341378173651566,-0.0101007308413358));
#730=CARTESIAN_POINT('',(0.000136765315131244,-0.0321997876315507,-0.0113566663830574));
#731=CARTESIAN_POINT('',(0.000476387956640677,-0.0302617578979447,-0.012612601924779));
#732=CARTESIAN_POINT('',(0.000816010598150111,-0.0282050709464951,-0.0115621867130474));
#733=CARTESIAN_POINT('',(0.00115563323965955,-0.0261483839950454,-0.0105117715013159));
#734=CARTESIAN_POINT('',(0.00149525588116898,-0.0260297267772017,-0.00820542074786278));
#735=CARTESIAN_POINT('',(0.00183487852267841,-0.025911069559358,-0.00589906999440966));
#736=CARTESIAN_POINT('',(0.00217450116418785,-0.027849099292964,-0.00464313445268806));
#737=CARTESIAN_POINT('',(0.00251412380569728,-0.0297871290265699,-0.00338719891096646));
#738=CARTESIAN_POINT('',(0.00285374644720671,-0.0318438159780196,-0.00443761412269799));
#739=CARTESIAN_POINT('',(0.00319336908871615,-0.0339005029294692,-0.00548802933442953));
#740=CARTESIAN_POINT('',(0.00353299173022558,-0.0340191601473129,-0.00779438008788265));
#741=CARTESIAN_POINT('',(0.00387261437173502,-0.0341378173651566,-0.0101007308413358));
#742=CARTESIAN_POINT('',(0.00421223701324446,-0.0321997876315507,-0.0113566663830574));
#743=CARTESIAN_POINT('',(0.00455185965475388,-0.0302617578979447,-0.012612601924779));
#744=CARTESIAN_POINT('',(0.00489148229626332,-0.0282050709464951,-0.0115621867130474));
#745=CARTESIAN_POINT('',(0.00523110493777275,-0.0261483839950454,-0.0105117715013159));
#746=CARTESIAN_POINT('',(0.00557072757928218,-0.0260297267772017,-0.00820542074786278));
#747=CARTESIAN_POINT('',(0.00591035022079162,-0.025911069559358,-0.00589906999440966));
#748=CARTESIAN_POINT('',(0.00624997286230105,-0.027849099292964,-0.00464313445268806));
#749=CARTESIAN_POINT('',(0.00658959550381049,-0.0297871290265699,-0.00338719891096646));
#750=CARTESIAN_POINT('',(0.00692921814531993,-0.0318438159780196,-0.00443761412269799));
#751=CARTESIAN_POINT('',(0.00726884078682936,-0.0339005029294692,-0.00548802933442953));
#752=CARTESIAN_POINT('',(0.0076084634283388,-0.0340191601473129,-0.00779438008788265));
#753=CARTESIAN_POINT('',(0.00794808606984823,-0.0341378173651566,-0.0101007308413358));
#754=CARTESIAN_POINT('',(0.00828770871135766,-0.0321997876315507,-0.0113566663830574));
#755=CARTESIAN_POINT('',(0.0086273313528671,-0.0302617578979447,-0.012612601924779));
#756=CARTESIAN_POINT('',(0.00896695399437653,-0.0282050709464951,-0.0115621867130474));
#757=CARTESIAN_POINT('',(0.00930657663588596,-0.0261483839950454,-0.0105117715013159));
#758=CARTESIAN_POINT('',(0.0096461992773954,-0.0260297267772017,-0.00820542074786278));
#759=CARTESIAN_POINT('',(0.00998582191890483,-0.025911069559358,-0.00589906999440966));
#760=CARTESIAN_POINT('',(0.0103254445604143,-0.027849099292964,-0.00464313445268806));
#761=CARTESIAN_POINT('',(0.0106650672019237,-0.0297871290265699,-0.00338719891096646));
#762=CARTESIAN_POINT('',(0.0110046898434331,-0.0318438159780196,-0.00443761412269799));
#763=CARTESIAN_POINT('',(0.0113443124849426,-0.0339005029294692,-0.00548802933442953));
#764=CARTESIAN_POINT('',(0.011683935126452,-0.0340191601473129,-0.00779438008788265));
#765=CARTESIAN_POINT('',(0.0120235577679614,-0.0341378173651566,-0.0101007308413358));
#766=CARTESIAN_POINT('',(0.0123631804094709,-0.0321997876315507,-0.0113566663830574));
#767=CARTESIAN_POINT('',(0.0127028030509803,-0.0302617578979447,-0.012612601924779));
#768=CARTESIAN_POINT('',(0.0130424256924897,-0.0282050709464951,-0.0115621867130474));
#769=CARTESIAN_POINT('',(0.0133820483339992,-0.0261483839950454,-0.0105117715013159));
#770=CARTESIAN_POINT('',(0.0137216709755086,-0.0260297267772017,-0.00820542074786278));
#771=CARTESIAN_POINT('',(0.014061293617018,-0.025911069559358,-0.00589906999440966));
#772=CARTESIAN_POINT('',(0.0144009162585275,-0.027849099292964,-0.00464313445268806));
#773=CARTESIAN_POINT('',(0.0147405389000369,-0.0297871290265699,-0.00338719891096646));
#774=CARTESIAN_POINT('',(0.0150801615415463,-0.0318438159780196,-0.00443761412269799));
#775=CARTESIAN_POINT('',(0.0154197841830558,-0.0339005029294692,-0.00548802933442953));
#776=CARTESIAN_POINT('',(0.0157594068245652,-0.0340191601473129,-0.00779438008788265));
#777=CARTESIAN_POINT('',(0.0160990294660746,-0.0341378173651566,-0.0101007308413358));
#778=CARTESIAN_POINT('',(0.0164386521075841,-0.0321997876315507,-0.0113566663830574));
#779=CARTESIAN_POINT('',(0.0167782747490935,-0.0302617578979447,-0.012612601924779));
#780=CARTESIAN_POINT('',(0.0171178973906029,-0.0282050709464951,-0.0115621867130474));
#781=CARTESIAN_POINT('',(0.0174575200321124,-0.0261483839950454,-0.0105117715013159));
#782=CARTESIAN_POINT('',(0.0177971426736218,-0.0260297267772017,-0.00820542074786278));
#783=CARTESIAN_POINT('',(0.0181367653151313,-0.025911069559358,-0.00589906999440966));
#784=CARTESIAN_POINT('',(0.0184763879566407,-0.027849099292964,-0.00464313445268806));
#785=CARTESIAN_POINT('',(0.0188160105981501,-0.0297871290265699,-0.00338719891096646));
#786=CARTESIAN_POINT('',(0.0191556332396595,-0.0318438159780196,-0.00443761412269799));
#787=CARTESIAN_POINT('',(0.019495255881169,-0.0339005029294692,-0.00548802933442953));
#788=CARTESIAN_POINT('',(0.0198348785226784,-0.0340191601473129,-0.00779438008788265));
#789=CARTESIAN_POINT('',(0.0201745011641878,-0.0341378173651566,-0.0101007308413358));
#790=CARTESIAN_POINT('',(0.0205141238056973,-0.0321997876315507,-0.0113566663830574));
#791=CARTESIAN_POINT('',(0.0208537464472067,-0.0302617578979447,-0.012612601924779));
#792=CARTESIAN_POINT('',(0.0211933690887161,-0.0282050709464951,-0.0115621867130474));
#793=CARTESIAN_POINT('',(0.0215329917302256,-0.0261483839950454,-0.0105117715013159));
#794=CARTESIAN_POINT('',(0.021872614371735,-0.0260297267772017,-0.00820542074786278));
#795=CARTESIAN_POINT('',(0.0222122370132445,-0.025911069559358,-0.00589906999440966));
#796=CARTESIAN_POINT('',(0.0225518596547539,-0.027849099292964,-0.00464313445268806));
#797=CARTESIAN_POINT('',(0.0228914822962633,-0.0297871290265699,-0.00338719891096646));
#798=CARTESIAN_POINT('',(0.0232311049377727,-0.0318438159780196,-0.00443761412269799));
#799=CARTESIAN_POINT('',(0.0235707275792822,-0.0339005029294692,-0.00548802933442953));
#800=CARTESIAN_POINT('',(0.0239103502207916,-0.0340191601473129,-0.00779438008788265));
#801=CARTESIAN_POINT('',(0.0242499728623011,-0.0341378173651566,-0.0101007308413358));
#802=CARTESIAN_POINT('',(0.0245895955038105,-0.0321997876315507,-0.0113566663830574));
#803=CARTESIAN_POINT('',(0.0249292181453199,-0.0302617578979447,-0.012612601924779));
#804=CARTESIAN_POINT('',(0.0252688407868293,-0.0282050709464951,-0.0115621867130474));
#805=CARTESIAN_POINT('',(0.0256084634283388,-0.0261483839950454,-0.0105117715013159));
#806=CARTESIAN_POINT('',(0.0259480860698482,-0.0260297267772017,-0.00820542074786278));
#807=CARTESIAN_POINT('',(0.0262877087113577,-0.025911069559358,-0.00589906999440966));
#808=CARTESIAN_POINT('',(0.0266273313528671,-0.027849099292964,-0.00464313445268806));
#809=CARTESIAN_POINT('',(0.0269669539943765,-0.0297871290265699,-0.00338719891096646));
#810=CARTESIAN_POINT('',(0.0273065766358859,-0.0318438159780196,-0.00443761412269799));
#811=CARTESIAN_POINT('',(0.0276461992773954,-0.0339005029294692,-0.00548802933442953));
#812=CARTESIAN_POINT('',(0.0279858219189048,-0.0340191601473129,-0.00779438008788265));
#813=CARTESIAN_POINT('',(0.0283254445604143,-0.0341378173651566,-0.0101007308413358));
#814=CARTESIAN_POINT('',(0.0286650672019237,-0.0321997876315507,-0.0113566663830574));
#815=CARTESIAN_POINT('',(0.0290046898434332,-0.0302617578979447,-0.012612601924779));
#816=CARTESIAN_POINT('',(0.0293443124849426,-0.0282050709464951,-0.0115621867130474));
#817=CARTESIAN_POINT('',(0.029683935126452,-0.0261483839950454,-0.0105117715013159));
#818=CARTESIAN_POINT('',(0.0300235577679614,-0.0260297267772017,-0.00820542074786278));
#819=CARTESIAN_POINT('',(0.0303631804094708,-0.025911069559358,-0.00589906999440966));
#820=CARTESIAN_POINT('',(0.0307028030509803,-0.027849099292964,-0.00464313445268806));
#821=CARTESIAN_POINT('',(0.0310424256924897,-0.0297871290265699,-0.00338719891096646));
#822=CARTESIAN_POINT('',(0.0313820483339992,-0.0318438159780196,-0.00443761412269799));
#823=CARTESIAN_POINT('',(0.0317216709755086,-0.0339005029294692,-0.00548802933442953));
#824=CARTESIAN_POINT('',(0.032061293617018,-0.0340191601473129,-0.00779438008788265));
#825=CARTESIAN_POINT('',(0.0324009162585275,-0.0341378173651566,-0.0101007308413358));
#826=CARTESIAN_POINT('',(0.0327405389000369,-0.0321997876315507,-0.0113566663830574));
#827=CARTESIAN_POINT('',(0.0330801615415464,-0.0302617578979447,-0.012612601924779));
#828=CARTESIAN_POINT('',(0.0334197841830558,-0.0282050709464951,-0.0115621867130474));
#829=CARTESIAN_POINT('',(0.0337594068245652,-0.0261483839950454,-0.0105117715013159));
#830=CARTESIAN_POINT('',(0.0340990294660746,-0.0260297267772017,-0.00820542074786278));
#831=CARTESIAN_POINT('',(0.0344386521075841,-0.025911069559358,-0.00589906999440966));
#832=CARTESIAN_POINT('',(0.0347782747490935,-0.027849099292964,-0.00464313445268806));
#833=CARTESIAN_POINT('',(0.0351178973906029,-0.0297871290265699,-0.00338719891096646));
#834=CARTESIAN_POINT('',(0.0354575200321124,-0.0318438159780196,-0.00443761412269799));
#835=CARTESIAN_POINT('',(0.0357971426736218,-0.0339005029294692,-0.00548802933442953));
#836=CARTESIAN_POINT('',(0.0361367653151312,-0.0340191601473129,-0.00779438008788265));
#837=CARTESIAN_POINT('',(0.0364763879566407,-0.0341378173651566,-0.0101007308413358));
#838=CARTESIAN_POINT('',(0.0368160105981501,-0.0321997876315507,-0.0113566663830574));
#839=CARTESIAN_POINT('',(0.0371556332396596,-0.0302617578979447,-0.012612601924779));
#840=CARTESIAN_POINT('',(0.037495255881169,-0.0282050709464951,-0.0115621867130474));
#841=CARTESIAN_POINT('',(0.037606190518308,-0.0275332729189734,-0.0112190781681021));
#842=CARTESIAN_POINT('',(0.0377328329758968,-0.0270325851327215,-0.0106548549816813));
#843=CARTESIAN_POINT('',(-0.0115064326634843,-0.0250244434622573,-0.00807984592634466));
#844=CARTESIAN_POINT('',(-0.0111668100219749,-0.0249782869014205,-0.00519309458039653));
#845=CARTESIAN_POINT('',(-0.0108271873804654,-0.0274552086210022,-0.0037097461531865));
#846=CARTESIAN_POINT('',(-0.010487564738956,-0.0299321303405838,-0.00222639772597645));
#847=CARTESIAN_POINT('',(-0.0101479420974466,-0.0324552086210022,-0.00362980064471455));
#848=CARTESIAN_POINT('',(-0.00980831945593714,-0.0349782869014205,-0.00503320356345264));
#849=CARTESIAN_POINT('',(-0.00946869681442771,-0.0350244434622573,-0.00791995490940077));
#850=CARTESIAN_POINT('',(-0.00912907417291828,-0.0350706000230941,-0.0108067062553489));
#851=CARTESIAN_POINT('',(-0.00878945153140885,-0.0325936783035125,-0.0122900546825589));
#852=CARTESIAN_POINT('',(-0.00844982888989941,-0.0301167565839309,-0.013773403109769));
#853=CARTESIAN_POINT('',(-0.00811020624838998,-0.0275936783035125,-0.0123700001910309));
#854=CARTESIAN_POINT('',(-0.00777058360688055,-0.0250706000230941,-0.0109665972722928));
#855=CARTESIAN_POINT('',(-0.00743096096537111,-0.0250244434622573,-0.00807984592634466));
#856=CARTESIAN_POINT('',(-0.00709133832386167,-0.0249782869014205,-0.00519309458039653));
#857=CARTESIAN_POINT('',(-0.00675171568235224,-0.0274552086210022,-0.0037097461531865));
#858=CARTESIAN_POINT('',(-0.0064120930408428,-0.0299321303405838,-0.00222639772597645));
#859=CARTESIAN_POINT('',(-0.00607247039933338,-0.0324552086210022,-0.00362980064471455));
#860=CARTESIAN_POINT('',(-0.00573284775782395,-0.0349782869014205,-0.00503320356345264));
#861=CARTESIAN_POINT('',(-0.00539322511631451,-0.0350244434622573,-0.00791995490940077));
#862=CARTESIAN_POINT('',(-0.00505360247480507,-0.0350706000230941,-0.0108067062553489));
#863=CARTESIAN_POINT('',(-0.00471397983329564,-0.0325936783035125,-0.0122900546825589));
#864=CARTESIAN_POINT('',(-0.0043743571917862,-0.0301167565839309,-0.013773403109769));
#865=CARTESIAN_POINT('',(-0.00403473455027677,-0.0275936783035125,-0.0123700001910309));
#866=CARTESIAN_POINT('',(-0.00369511190876733,-0.0250706000230941,-0.0109665972722928));
#867=CARTESIAN_POINT('',(-0.00335548926725791,-0.0250244434622573,-0.00807984592634466));
#868=CARTESIAN_POINT('',(-0.00301586662574847,-0.0249782869014205,-0.00519309458039653));
#869=CARTESIAN_POINT('',(-0.00267624398423903,-0.0274552086210022,-0.0037097461531865));
#870=CARTESIAN_POINT('',(-0.0023366213427296,-0.0299321303405838,-0.00222639772597645));
#871=CARTESIAN_POINT('',(-0.00199699870122017,-0.0324552086210022,-0.00362980064471455));
#872=CARTESIAN_POINT('',(-0.00165737605971073,-0.0349782869014205,-0.00503320356345264));
#873=CARTESIAN_POINT('',(-0.0013177534182013,-0.0350244434622573,-0.00791995490940077));
#874=CARTESIAN_POINT('',(-0.000978130776691862,-0.0350706000230941,-0.0108067062553489));
#875=CARTESIAN_POINT('',(-0.000638508135182431,-0.0325936783035125,-0.0122900546825589));
#876=CARTESIAN_POINT('',(-0.000298885493673,-0.0301167565839309,-0.013773403109769));
#877=CARTESIAN_POINT('',(4.07371478364366E-5,-0.0275936783035125,-0.0123700001910309));
#878=CARTESIAN_POINT('',(0.00038035978934587,-0.0250706000230941,-0.0109665972722928));
#879=CARTESIAN_POINT('',(0.000719982430855304,-0.0250244434622573,-0.00807984592634466));
#880=CARTESIAN_POINT('',(0.00105960507236474,-0.0249782869014205,-0.00519309458039653));
#881=CARTESIAN_POINT('',(0.00139922771387417,-0.0274552086210022,-0.0037097461531865));
#882=CARTESIAN_POINT('',(0.00173885035538361,-0.0299321303405838,-0.00222639772597645));
#883=CARTESIAN_POINT('',(0.00207847299689304,-0.0324552086210022,-0.00362980064471455));
#884=CARTESIAN_POINT('',(0.00241809563840248,-0.0349782869014205,-0.00503320356345264));
#885=CARTESIAN_POINT('',(0.00275771827991191,-0.0350244434622573,-0.00791995490940077));
#886=CARTESIAN_POINT('',(0.00309734092142134,-0.0350706000230941,-0.0108067062553489));
#887=CARTESIAN_POINT('',(0.00343696356293078,-0.0325936783035125,-0.0122900546825589));
#888=CARTESIAN_POINT('',(0.00377658620444021,-0.0301167565839309,-0.013773403109769));
#889=CARTESIAN_POINT('',(0.00411620884594965,-0.0275936783035125,-0.0123700001910309));
#890=CARTESIAN_POINT('',(0.00445583148745908,-0.0250706000230941,-0.0109665972722928));
#891=CARTESIAN_POINT('',(0.00479545412896851,-0.0250244434622573,-0.00807984592634466));
#892=CARTESIAN_POINT('',(0.00513507677047795,-0.0249782869014205,-0.00519309458039653));
#893=CARTESIAN_POINT('',(0.00547469941198738,-0.0274552086210022,-0.0037097461531865));
#894=CARTESIAN_POINT('',(0.00581432205349682,-0.0299321303405838,-0.00222639772597645));
#895=CARTESIAN_POINT('',(0.00615394469500625,-0.0324552086210022,-0.00362980064471455));
#896=CARTESIAN_POINT('',(0.00649356733651569,-0.0349782869014205,-0.00503320356345264));
#897=CARTESIAN_POINT('',(0.00683318997802512,-0.0350244434622573,-0.00791995490940077));
#898=CARTESIAN_POINT('',(0.00717281261953455,-0.0350706000230941,-0.0108067062553489));
#899=CARTESIAN_POINT('',(0.00751243526104398,-0.0325936783035125,-0.0122900546825589));
#900=CARTESIAN_POINT('',(0.00785205790255342,-0.0301167565839309,-0.013773403109769));
#901=CARTESIAN_POINT('',(0.00819168054406286,-0.0275936783035125,-0.0123700001910309));
#902=CARTESIAN_POINT('',(0.00853130318557229,-0.0250706000230941,-0.0109665972722928));
#903=CARTESIAN_POINT('',(0.00887092582708172,-0.0250244434622573,-0.00807984592634466));
#904=CARTESIAN_POINT('',(0.00921054846859117,-0.0249782869014205,-0.00519309458039653));
#905=CARTESIAN_POINT('',(0.00955017111010059,-0.0274552086210022,-0.0037097461531865));
#906=CARTESIAN_POINT('',(0.00988979375161002,-0.0299321303405838,-0.00222639772597645));
#907=CARTESIAN_POINT('',(0.0102294163931195,-0.0324552086210022,-0.00362980064471455));
#908=CARTESIAN_POINT('',(0.0105690390346289,-0.0349782869014205,-0.00503320356345264));
#909=CARTESIAN_POINT('',(0.0109086616761383,-0.0350244434622573,-0.00791995490940077));
#910=CARTESIAN_POINT('',(0.0112482843176478,-0.0350706000230941,-0.0108067062553489));
#911=CARTESIAN_POINT('',(0.0115879069591572,-0.0325936783035125,-0.0122900546825589));
#912=CARTESIAN_POINT('',(0.0119275296006666,-0.0301167565839309,-0.013773403109769));
#913=CARTESIAN_POINT('',(0.0122671522421761,-0.0275936783035125,-0.0123700001910309));
#914=CARTESIAN_POINT('',(0.0126067748836855,-0.0250706000230941,-0.0109665972722928));
#915=CARTESIAN_POINT('',(0.0129463975251949,-0.0250244434622573,-0.00807984592634466));
#916=CARTESIAN_POINT('',(0.0132860201667044,-0.0249782869014205,-0.00519309458039653));
#917=CARTESIAN_POINT('',(0.0136256428082138,-0.0274552086210022,-0.0037097461531865));
#918=CARTESIAN_POINT('',(0.0139652654497232,-0.0299321303405838,-0.00222639772597645));
#919=CARTESIAN_POINT('',(0.0143048880912327,-0.0324552086210022,-0.00362980064471455));
#920=CARTESIAN_POINT('',(0.0146445107327421,-0.0349782869014205,-0.00503320356345264));
#921=CARTESIAN_POINT('',(0.0149841333742515,-0.0350244434622573,-0.00791995490940077));
#922=CARTESIAN_POINT('',(0.015323756015761,-0.0350706000230941,-0.0108067062553489));
#923=CARTESIAN_POINT('',(0.0156633786572704,-0.0325936783035125,-0.0122900546825589));
#924=CARTESIAN_POINT('',(0.0160030012987798,-0.0301167565839309,-0.013773403109769));
#925=CARTESIAN_POINT('',(0.0163426239402892,-0.0275936783035125,-0.0123700001910309));
#926=CARTESIAN_POINT('',(0.0166822465817987,-0.0250706000230941,-0.0109665972722928));
#927=CARTESIAN_POINT('',(0.0170218692233081,-0.0250244434622573,-0.00807984592634466));
#928=CARTESIAN_POINT('',(0.0173614918648176,-0.0249782869014205,-0.00519309458039653));
#929=CARTESIAN_POINT('',(0.017701114506327,-0.0274552086210022,-0.0037097461531865));
#930=CARTESIAN_POINT('',(0.0180407371478365,-0.0299321303405838,-0.00222639772597645));
#931=CARTESIAN_POINT('',(0.0183803597893459,-0.0324552086210022,-0.00362980064471455));
#932=CARTESIAN_POINT('',(0.0187199824308553,-0.0349782869014205,-0.00503320356345264));
#933=CARTESIAN_POINT('',(0.0190596050723647,-0.0350244434622573,-0.00791995490940077));
#934=CARTESIAN_POINT('',(0.0193992277138742,-0.0350706000230941,-0.0108067062553489));
#935=CARTESIAN_POINT('',(0.0197388503553836,-0.0325936783035125,-0.0122900546825589));
#936=CARTESIAN_POINT('',(0.020078472996893,-0.0301167565839309,-0.013773403109769));
#937=CARTESIAN_POINT('',(0.0204180956384025,-0.0275936783035125,-0.0123700001910309));
#938=CARTESIAN_POINT('',(0.0207577182799119,-0.0250706000230941,-0.0109665972722928));
#939=CARTESIAN_POINT('',(0.0210973409214213,-0.0250244434622573,-0.00807984592634466));
#940=CARTESIAN_POINT('',(0.0214369635629308,-0.0249782869014205,-0.00519309458039653));
#941=CARTESIAN_POINT('',(0.0217765862044402,-0.0274552086210022,-0.0037097461531865));
#942=CARTESIAN_POINT('',(0.0221162088459496,-0.0299321303405838,-0.00222639772597645));
#943=CARTESIAN_POINT('',(0.0224558314874591,-0.0324552086210022,-0.00362980064471455));
#944=CARTESIAN_POINT('',(0.0227954541289685,-0.0349782869014205,-0.00503320356345264));
#945=CARTESIAN_POINT('',(0.0231350767704779,-0.0350244434622573,-0.00791995490940077));
#946=CARTESIAN_POINT('',(0.0234746994119874,-0.0350706000230941,-0.0108067062553489));
#947=CARTESIAN_POINT('',(0.0238143220534968,-0.0325936783035125,-0.0122900546825589));
#948=CARTESIAN_POINT('',(0.0241539446950063,-0.0301167565839309,-0.013773403109769));
#949=CARTESIAN_POINT('',(0.0244935673365157,-0.0275936783035125,-0.0123700001910309));
#950=CARTESIAN_POINT('',(0.0248331899780251,-0.0250706000230941,-0.0109665972722928));
#951=CARTESIAN_POINT('',(0.0251728126195346,-0.0250244434622573,-0.00807984592634466));
#952=CARTESIAN_POINT('',(0.025512435261044,-0.0249782869014205,-0.00519309458039653));
#953=CARTESIAN_POINT('',(0.0258520579025534,-0.0274552086210022,-0.0037097461531865));
#954=CARTESIAN_POINT('',(0.0261916805440628,-0.0299321303405838,-0.00222639772597645));
#955=CARTESIAN_POINT('',(0.0265313031855723,-0.0324552086210022,-0.00362980064471455));
#956=CARTESIAN_POINT('',(0.0268709258270817,-0.0349782869014205,-0.00503320356345264));
#957=CARTESIAN_POINT('',(0.0272105484685911,-0.0350244434622573,-0.00791995490940077));
#958=CARTESIAN_POINT('',(0.0275501711101006,-0.0350706000230941,-0.0108067062553489));
#959=CARTESIAN_POINT('',(0.02788979375161,-0.0325936783035125,-0.0122900546825589));
#960=CARTESIAN_POINT('',(0.0282294163931195,-0.0301167565839309,-0.013773403109769));
#961=CARTESIAN_POINT('',(0.0285690390346289,-0.0275936783035125,-0.0123700001910309));
#962=CARTESIAN_POINT('',(0.0289086616761383,-0.0250706000230941,-0.0109665972722928));
#963=CARTESIAN_POINT('',(0.0292482843176478,-0.0250244434622573,-0.00807984592634466));
#964=CARTESIAN_POINT('',(0.0295879069591572,-0.0249782869014205,-0.00519309458039653));
#965=CARTESIAN_POINT('',(0.0299275296006666,-0.0274552086210022,-0.0037097461531865));
#966=CARTESIAN_POINT('',(0.0302671522421761,-0.0299321303405838,-0.00222639772597645));
#967=CARTESIAN_POINT('',(0.0306067748836855,-0.0324552086210022,-0.00362980064471455));
#968=CARTESIAN_POINT('',(0.0309463975251949,-0.0349782869014205,-0.00503320356345264));
#969=CARTESIAN_POINT('',(0.0312860201667043,-0.0350244434622573,-0.00791995490940077));
#970=CARTESIAN_POINT('',(0.0316256428082138,-0.0350706000230941,-0.0108067062553489));
#971=CARTESIAN_POINT('',(0.0319652654497233,-0.0325936783035125,-0.0122900546825589));
#972=CARTESIAN_POINT('',(0.0323048880912327,-0.0301167565839309,-0.013773403109769));
#973=CARTESIAN_POINT('',(0.0326445107327421,-0.0275936783035125,-0.0123700001910309));
#974=CARTESIAN_POINT('',(0.0329841333742515,-0.0250706000230941,-0.0109665972722928));
#975=CARTESIAN_POINT('',(0.033323756015761,-0.0250244434622573,-0.00807984592634466));
#976=CARTESIAN_POINT('',(0.0336633786572704,-0.0249782869014205,-0.00519309458039653));
#977=CARTESIAN_POINT('',(0.0340030012987799,-0.0274552086210022,-0.0037097461531865));
#978=CARTESIAN_POINT('',(0.0343426239402893,-0.0299321303405838,-0.00222639772597645));
#979=CARTESIAN_POINT('',(0.0346822465817987,-0.0324552086210022,-0.00362980064471455));
#980=CARTESIAN_POINT('',(0.0350218692233081,-0.0349782869014205,-0.00503320356345264));
#981=CARTESIAN_POINT('',(0.0353614918648176,-0.0350244434622573,-0.00791995490940077));
#982=CARTESIAN_POINT('',(0.035701114506327,-0.0350706000230941,-0.0108067062553489));
#983=CARTESIAN_POINT('',(0.0360407371478364,-0.0325936783035125,-0.0122900546825589));
#984=CARTESIAN_POINT('',(0.0363803597893459,-0.0301167565839309,-0.013773403109769));
#985=CARTESIAN_POINT('',(0.0367199824308553,-0.0275936783035125,-0.0123700001910309));
#986=CARTESIAN_POINT('',(0.0368309170679944,-0.026769537803728,-0.0119115914322444));
#987=CARTESIAN_POINT('',(0.0369575595255831,-0.0261689659769286,-0.0111845015929728));
#988=CARTESIAN_POINT('',(0.0374550230311937,-0.0284481783092943,-0.0116762285000024));
#989=CARTESIAN_POINT('',(0.0371070662558318,-0.0287331402842107,-0.0121746300070691));
#990=CARTESIAN_POINT('',(0.0367709423659054,-0.0291206293110991,-0.0126192698122127));
#991=CARTESIAN_POINT('',(0.0364506600346195,-0.0295864717231746,-0.0129813231102458));
#992=CARTESIAN_POINT('',(0.0364506600346195,-0.0295864717231745,-0.0129813231102458));
#993=CARTESIAN_POINT('',(-0.0115064326634843,-0.0250244434622573,-0.00807984592634466));
#994=CARTESIAN_POINT('',(-0.0111668100219749,-0.0249782869014205,-0.00519309458039653));
#995=CARTESIAN_POINT('',(-0.0108271873804654,-0.0274552086210022,-0.0037097461531865));
#996=CARTESIAN_POINT('',(-0.010487564738956,-0.0299321303405838,-0.00222639772597645));
#997=CARTESIAN_POINT('',(-0.0101479420974466,-0.0324552086210022,-0.00362980064471455));
#998=CARTESIAN_POINT('',(-0.00980831945593715,-0.0349782869014205,-0.00503320356345264));
#999=CARTESIAN_POINT('',(-0.00946869681442772,-0.0350244434622573,-0.00791995490940077));
#1000=CARTESIAN_POINT('',(-0.00912907417291828,-0.0350706000230941,-0.0108067062553489));
#1001=CARTESIAN_POINT('',(-0.00878945153140885,-0.0325936783035125,-0.0122900546825589));
#1002=CARTESIAN_POINT('',(-0.00844982888989942,-0.0301167565839309,-0.013773403109769));
#1003=CARTESIAN_POINT('',(-0.00811020624838998,-0.0275936783035125,-0.0123700001910309));
#1004=CARTESIAN_POINT('',(-0.00777058360688055,-0.0250706000230941,-0.0109665972722928));
#1005=CARTESIAN_POINT('',(-0.00743096096537111,-0.0250244434622573,-0.00807984592634466));
#1006=CARTESIAN_POINT('',(-0.00709133832386168,-0.0249782869014205,-0.00519309458039654));
#1007=CARTESIAN_POINT('',(-0.00675171568235225,-0.0274552086210022,-0.0037097461531865));
#1008=CARTESIAN_POINT('',(-0.00641209304084282,-0.0299321303405838,-0.00222639772597645));
#1009=CARTESIAN_POINT('',(-0.00607247039933338,-0.0324552086210022,-0.00362980064471455));
#1010=CARTESIAN_POINT('',(-0.00573284775782395,-0.0349782869014205,-0.00503320356345264));
#1011=CARTESIAN_POINT('',(-0.00539322511631451,-0.0350244434622573,-0.00791995490940077));
#1012=CARTESIAN_POINT('',(-0.00505360247480507,-0.0350706000230941,-0.0108067062553489));
#1013=CARTESIAN_POINT('',(-0.00471397983329564,-0.0325936783035125,-0.0122900546825589));
#1014=CARTESIAN_POINT('',(-0.00437435719178621,-0.0301167565839309,-0.013773403109769));
#1015=CARTESIAN_POINT('',(-0.00403473455027678,-0.0275936783035125,-0.0123700001910309));
#1016=CARTESIAN_POINT('',(-0.00369511190876734,-0.0250706000230941,-0.0109665972722928));
#1017=CARTESIAN_POINT('',(-0.00335548926725791,-0.0250244434622573,-0.00807984592634467));
#1018=CARTESIAN_POINT('',(-0.00301586662574847,-0.0249782869014205,-0.00519309458039654));
#1019=CARTESIAN_POINT('',(-0.00267624398423904,-0.0274552086210022,-0.0037097461531865));
#1020=CARTESIAN_POINT('',(-0.00233662134272961,-0.0299321303405838,-0.00222639772597645));
#1021=CARTESIAN_POINT('',(-0.00199699870122017,-0.0324552086210022,-0.00362980064471455));
#1022=CARTESIAN_POINT('',(-0.00165737605971074,-0.0349782869014205,-0.00503320356345264));
#1023=CARTESIAN_POINT('',(-0.0013177534182013,-0.0350244434622573,-0.00791995490940076));
#1024=CARTESIAN_POINT('',(-0.000978130776691871,-0.0350706000230941,-0.0108067062553489));
#1025=CARTESIAN_POINT('',(-0.000638508135182434,-0.0325936783035125,-0.0122900546825589));
#1026=CARTESIAN_POINT('',(-0.000298885493673,-0.0301167565839309,-0.013773403109769));
#1027=CARTESIAN_POINT('',(4.07371478364331E-5,-0.0275936783035125,-0.0123700001910309));
#1028=CARTESIAN_POINT('',(0.00038035978934587,-0.0250706000230941,-0.0109665972722928));
#1029=CARTESIAN_POINT('',(0.0007199824308553,-0.0250244434622573,-0.00807984592634467));
#1030=CARTESIAN_POINT('',(0.00105960507236474,-0.0249782869014205,-0.00519309458039654));
#1031=CARTESIAN_POINT('',(0.00139922771387417,-0.0274552086210022,-0.0037097461531865));
#1032=CARTESIAN_POINT('',(0.0017388503553836,-0.0299321303405838,-0.00222639772597645));
#1033=CARTESIAN_POINT('',(0.00207847299689304,-0.0324552086210022,-0.00362980064471454));
#1034=CARTESIAN_POINT('',(0.00241809563840247,-0.0349782869014205,-0.00503320356345262));
#1035=CARTESIAN_POINT('',(0.00275771827991191,-0.0350244434622573,-0.00791995490940077));
#1036=CARTESIAN_POINT('',(0.00309734092142134,-0.0350706000230941,-0.0108067062553489));
#1037=CARTESIAN_POINT('',(0.00343696356293077,-0.0325936783035125,-0.0122900546825589));
#1038=CARTESIAN_POINT('',(0.0037765862044402,-0.0301167565839309,-0.013773403109769));
#1039=CARTESIAN_POINT('',(0.00411620884594964,-0.0275936783035125,-0.0123700001910309));
#1040=CARTESIAN_POINT('',(0.00445583148745907,-0.0250706000230941,-0.0109665972722928));
#1041=CARTESIAN_POINT('',(0.00479545412896851,-0.0250244434622573,-0.00807984592634467));
#1042=CARTESIAN_POINT('',(0.00513507677047794,-0.0249782869014205,-0.00519309458039654));
#1043=CARTESIAN_POINT('',(0.00547469941198737,-0.0274552086210022,-0.0037097461531865));
#1044=CARTESIAN_POINT('',(0.00581432205349681,-0.0299321303405838,-0.00222639772597645));
#1045=CARTESIAN_POINT('',(0.00615394469500625,-0.0324552086210022,-0.00362980064471454));
#1046=CARTESIAN_POINT('',(0.00649356733651569,-0.0349782869014205,-0.00503320356345262));
#1047=CARTESIAN_POINT('',(0.00683318997802512,-0.0350244434622573,-0.00791995490940075));
#1048=CARTESIAN_POINT('',(0.00717281261953455,-0.0350706000230941,-0.0108067062553489));
#1049=CARTESIAN_POINT('',(0.00751243526104398,-0.0325936783035125,-0.0122900546825589));
#1050=CARTESIAN_POINT('',(0.00785205790255341,-0.0301167565839309,-0.013773403109769));
#1051=CARTESIAN_POINT('',(0.00819168054406285,-0.0275936783035125,-0.0123700001910309));
#1052=CARTESIAN_POINT('',(0.00853130318557229,-0.0250706000230941,-0.0109665972722928));
#1053=CARTESIAN_POINT('',(0.00887092582708172,-0.0250244434622573,-0.00807984592634469));
#1054=CARTESIAN_POINT('',(0.00921054846859115,-0.0249782869014205,-0.00519309458039654));
#1055=CARTESIAN_POINT('',(0.00955017111010059,-0.0274552086210022,-0.0037097461531865));
#1056=CARTESIAN_POINT('',(0.00988979375161001,-0.0299321303405837,-0.00222639772597645));
#1057=CARTESIAN_POINT('',(0.0102294163931195,-0.0324552086210022,-0.00362980064471454));
#1058=CARTESIAN_POINT('',(0.0105690390346289,-0.0349782869014205,-0.00503320356345264));
#1059=CARTESIAN_POINT('',(0.0109086616761383,-0.0350244434622573,-0.00791995490940075));
#1060=CARTESIAN_POINT('',(0.0112482843176478,-0.0350706000230941,-0.0108067062553489));
#1061=CARTESIAN_POINT('',(0.0115879069591572,-0.0325936783035125,-0.0122900546825589));
#1062=CARTESIAN_POINT('',(0.0119275296006666,-0.0301167565839309,-0.013773403109769));
#1063=CARTESIAN_POINT('',(0.0122671522421761,-0.0275936783035125,-0.0123700001910309));
#1064=CARTESIAN_POINT('',(0.0126067748836855,-0.0250706000230941,-0.0109665972722928));
#1065=CARTESIAN_POINT('',(0.0129463975251949,-0.0250244434622573,-0.00807984592634467));
#1066=CARTESIAN_POINT('',(0.0132860201667044,-0.0249782869014205,-0.00519309458039656));
#1067=CARTESIAN_POINT('',(0.0136256428082138,-0.0274552086210022,-0.0037097461531865));
#1068=CARTESIAN_POINT('',(0.0139652654497232,-0.0299321303405837,-0.00222639772597645));
#1069=CARTESIAN_POINT('',(0.0143048880912327,-0.0324552086210022,-0.00362980064471454));
#1070=CARTESIAN_POINT('',(0.0146445107327421,-0.0349782869014205,-0.00503320356345264));
#1071=CARTESIAN_POINT('',(0.0149841333742515,-0.0350244434622573,-0.00791995490940075));
#1072=CARTESIAN_POINT('',(0.015323756015761,-0.0350706000230941,-0.0108067062553489));
#1073=CARTESIAN_POINT('',(0.0156633786572704,-0.0325936783035125,-0.0122900546825589));
#1074=CARTESIAN_POINT('',(0.0160030012987798,-0.0301167565839309,-0.013773403109769));
#1075=CARTESIAN_POINT('',(0.0163426239402892,-0.0275936783035125,-0.0123700001910309));
#1076=CARTESIAN_POINT('',(0.0166822465817987,-0.0250706000230941,-0.0109665972722928));
#1077=CARTESIAN_POINT('',(0.0170218692233081,-0.0250244434622573,-0.00807984592634467));
#1078=CARTESIAN_POINT('',(0.0173614918648176,-0.0249782869014205,-0.00519309458039656));
#1079=CARTESIAN_POINT('',(0.017701114506327,-0.0274552086210022,-0.0037097461531865));
#1080=CARTESIAN_POINT('',(0.0180407371478365,-0.0299321303405837,-0.00222639772597645));
#1081=CARTESIAN_POINT('',(0.0183803597893459,-0.0324552086210022,-0.00362980064471454));
#1082=CARTESIAN_POINT('',(0.0187199824308553,-0.0349782869014205,-0.0050332035634526));
#1083=CARTESIAN_POINT('',(0.0190596050723647,-0.0350244434622573,-0.00791995490940075));
#1084=CARTESIAN_POINT('',(0.0193992277138742,-0.0350706000230941,-0.0108067062553489));
#1085=CARTESIAN_POINT('',(0.0197388503553836,-0.0325936783035125,-0.0122900546825589));
#1086=CARTESIAN_POINT('',(0.020078472996893,-0.0301167565839309,-0.013773403109769));
#1087=CARTESIAN_POINT('',(0.0204180956384024,-0.0275936783035125,-0.0123700001910309));
#1088=CARTESIAN_POINT('',(0.0207577182799119,-0.0250706000230941,-0.0109665972722928));
#1089=CARTESIAN_POINT('',(0.0210973409214213,-0.0250244434622573,-0.00807984592634467));
#1090=CARTESIAN_POINT('',(0.0214369635629307,-0.0249782869014205,-0.00519309458039656));
#1091=CARTESIAN_POINT('',(0.0217765862044402,-0.0274552086210022,-0.0037097461531865));
#1092=CARTESIAN_POINT('',(0.0221162088459496,-0.0299321303405837,-0.00222639772597645));
#1093=CARTESIAN_POINT('',(0.0224558314874591,-0.0324552086210022,-0.00362980064471454));
#1094=CARTESIAN_POINT('',(0.0227954541289685,-0.0349782869014205,-0.0050332035634526));
#1095=CARTESIAN_POINT('',(0.0231350767704779,-0.0350244434622573,-0.00791995490940075));
#1096=CARTESIAN_POINT('',(0.0234746994119874,-0.0350706000230941,-0.0108067062553489));
#1097=CARTESIAN_POINT('',(0.0238143220534968,-0.0325936783035125,-0.0122900546825589));
#1098=CARTESIAN_POINT('',(0.0241539446950063,-0.0301167565839309,-0.013773403109769));
#1099=CARTESIAN_POINT('',(0.0244935673365157,-0.0275936783035125,-0.0123700001910309));
#1100=CARTESIAN_POINT('',(0.0248331899780251,-0.0250706000230941,-0.0109665972722928));
#1101=CARTESIAN_POINT('',(0.0251728126195346,-0.0250244434622573,-0.00807984592634471));
#1102=CARTESIAN_POINT('',(0.025512435261044,-0.0249782869014205,-0.00519309458039656));
#1103=CARTESIAN_POINT('',(0.0258520579025534,-0.0274552086210022,-0.0037097461531865));
#1104=CARTESIAN_POINT('',(0.0261916805440628,-0.0299321303405837,-0.00222639772597645));
#1105=CARTESIAN_POINT('',(0.0265313031855723,-0.0324552086210022,-0.00362980064471454));
#1106=CARTESIAN_POINT('',(0.0268709258270817,-0.0349782869014205,-0.00503320356345259));
#1107=CARTESIAN_POINT('',(0.0272105484685911,-0.0350244434622573,-0.00791995490940074));
#1108=CARTESIAN_POINT('',(0.0275501711101006,-0.0350706000230941,-0.0108067062553488));
#1109=CARTESIAN_POINT('',(0.02788979375161,-0.0325936783035125,-0.0122900546825589));
#1110=CARTESIAN_POINT('',(0.0282294163931195,-0.0301167565839309,-0.013773403109769));
#1111=CARTESIAN_POINT('',(0.0285690390346289,-0.0275936783035125,-0.0123700001910309));
#1112=CARTESIAN_POINT('',(0.0289086616761383,-0.0250706000230941,-0.0109665972722928));
#1113=CARTESIAN_POINT('',(0.0292482843176478,-0.0250244434622573,-0.00807984592634471));
#1114=CARTESIAN_POINT('',(0.0295879069591572,-0.0249782869014205,-0.00519309458039656));
#1115=CARTESIAN_POINT('',(0.0299275296006666,-0.0274552086210022,-0.0037097461531865));
#1116=CARTESIAN_POINT('',(0.0302671522421761,-0.0299321303405837,-0.00222639772597645));
#1117=CARTESIAN_POINT('',(0.0306067748836855,-0.0324552086210022,-0.00362980064471454));
#1118=CARTESIAN_POINT('',(0.0309463975251949,-0.0349782869014205,-0.00503320356345263));
#1119=CARTESIAN_POINT('',(0.0312860201667043,-0.0350244434622573,-0.00791995490940071));
#1120=CARTESIAN_POINT('',(0.0316256428082138,-0.0350706000230941,-0.0108067062553488));
#1121=CARTESIAN_POINT('',(0.0319652654497233,-0.0325936783035125,-0.0122900546825589));
#1122=CARTESIAN_POINT('',(0.0323048880912326,-0.0301167565839309,-0.013773403109769));
#1123=CARTESIAN_POINT('',(0.0326445107327421,-0.0275936783035125,-0.0123700001910309));
#1124=CARTESIAN_POINT('',(0.0329841333742515,-0.0250706000230941,-0.0109665972722929));
#1125=CARTESIAN_POINT('',(0.033323756015761,-0.0250244434622573,-0.00807984592634471));
#1126=CARTESIAN_POINT('',(0.0336633786572704,-0.0249782869014205,-0.00519309458039656));
#1127=CARTESIAN_POINT('',(0.0340030012987799,-0.0274552086210022,-0.00370974615318651));
#1128=CARTESIAN_POINT('',(0.0343426239402893,-0.0299321303405838,-0.00222639772597645));
#1129=CARTESIAN_POINT('',(0.0346822465817987,-0.0324552086210021,-0.00362980064471452));
#1130=CARTESIAN_POINT('',(0.0350218692233081,-0.0349782869014205,-0.00503320356345259));
#1131=CARTESIAN_POINT('',(0.0353614918648176,-0.0350244434622573,-0.00791995490940074));
#1132=CARTESIAN_POINT('',(0.035701114506327,-0.0350706000230941,-0.0108067062553489));
#1133=CARTESIAN_POINT('',(0.0360407371478364,-0.0325936783035125,-0.0122900546825589));
#1134=CARTESIAN_POINT('',(0.0363803597893458,-0.0301167565839309,-0.013773403109769));
#1135=CARTESIAN_POINT('',(0.0367199824308553,-0.0275936783035125,-0.0123700001910309));
#1136=CARTESIAN_POINT('',(0.0370596050723647,-0.0250706000230941,-0.0109665972722928));
#1137=CARTESIAN_POINT('',(0.0373992277138742,-0.0250244434622573,-0.00807984592634468));
#1138=CARTESIAN_POINT('',(0.0377388503553836,-0.0249782869014205,-0.0051930945803966));
#1139=CARTESIAN_POINT('',(0.038078472996893,-0.0274552086210021,-0.00370974615318652));
#1140=CARTESIAN_POINT('',(0.0384180956384025,-0.0299321303405837,-0.00222639772597645));
#1141=CARTESIAN_POINT('',(0.0387577182799119,-0.0324552086210022,-0.00362980064471454));
#1142=CARTESIAN_POINT('',(0.0390973409214214,-0.0349782869014205,-0.00503320356345263));
#1143=CARTESIAN_POINT('',(0.0394369635629308,-0.0350244434622573,-0.0079199549094007));
#1144=CARTESIAN_POINT('',(0.0397765862044402,-0.0350706000230941,-0.0108067062553488));
#1145=CARTESIAN_POINT('',(0.0401162088459496,-0.0325936783035125,-0.0122900546825589));
#1146=CARTESIAN_POINT('',(0.0404558314874591,-0.0301167565839309,-0.013773403109769));
#1147=CARTESIAN_POINT('',(0.0407954541289685,-0.0275936783035125,-0.0123700001910309));
#1148=CARTESIAN_POINT('',(0.0411350767704779,-0.0250706000230941,-0.0109665972722929));
#1149=CARTESIAN_POINT('',(0.0414746994119874,-0.0250244434622573,-0.00807984592634471));
#1150=CARTESIAN_POINT('',(0.0418143220534968,-0.0249782869014205,-0.00519309458039657));
#1151=CARTESIAN_POINT('',(0.0421539446950063,-0.0274552086210022,-0.00370974615318651));
#1152=CARTESIAN_POINT('',(0.0424935673365157,-0.0299321303405836,-0.00222639772597645));
#1153=CARTESIAN_POINT('',(0.0428331899780251,-0.0324552086210021,-0.00362980064471451));
#1154=CARTESIAN_POINT('',(0.0431728126195346,-0.0349782869014205,-0.00503320356345259));
#1155=CARTESIAN_POINT('',(0.043512435261044,-0.0350244434622573,-0.00791995490940074));
#1156=CARTESIAN_POINT('',(0.0438520579025534,-0.0350706000230941,-0.0108067062553489));
#1157=CARTESIAN_POINT('',(0.0441916805440628,-0.0325936783035125,-0.0122900546825589));
#1158=CARTESIAN_POINT('',(0.0445313031855723,-0.0301167565839309,-0.013773403109769));
#1159=CARTESIAN_POINT('',(0.0448709258270817,-0.0275936783035125,-0.0123700001910309));
#1160=CARTESIAN_POINT('',(0.0452105484685912,-0.0250706000230941,-0.0109665972722928));
#1161=CARTESIAN_POINT('',(0.0455501711101006,-0.0250244434622573,-0.00807984592634468));
#1162=CARTESIAN_POINT('',(-0.0113078221616545,-0.0252449228940274,-0.00652933099680064));
#1163=CARTESIAN_POINT('',(-0.0110528858620803,-0.0258091538447249,-0.00469551520038303));
#1164=CARTESIAN_POINT('',(-0.0108271873804654,-0.0274552086210022,-0.0037097461531865));
#1165=CARTESIAN_POINT('',(-0.010487564738956,-0.0299321303405838,-0.00222639772597645));
#1166=CARTESIAN_POINT('',(-0.0101479420974466,-0.0324552086210022,-0.00362980064471455));
#1167=CARTESIAN_POINT('',(-0.00980831945593715,-0.0349782869014205,-0.00503320356345264));
#1168=CARTESIAN_POINT('',(-0.00946869681442772,-0.0350244434622573,-0.00791995490940077));
#1169=CARTESIAN_POINT('',(-0.00912907417291828,-0.0350706000230941,-0.0108067062553489));
#1170=CARTESIAN_POINT('',(-0.00878945153140885,-0.0325936783035125,-0.0122900546825589));
#1171=CARTESIAN_POINT('',(-0.00844982888989942,-0.0301167565839309,-0.013773403109769));
#1172=CARTESIAN_POINT('',(-0.00811020624838998,-0.0275936783035125,-0.0123700001910309));
#1173=CARTESIAN_POINT('',(-0.00777058360688055,-0.0250706000230941,-0.0109665972722928));
#1174=CARTESIAN_POINT('',(-0.00743096096537111,-0.0250244434622573,-0.00807984592634466));
#1175=CARTESIAN_POINT('',(-0.00709133832386168,-0.0249782869014205,-0.00519309458039653));
#1176=CARTESIAN_POINT('',(-0.00675171568235225,-0.0274552086210022,-0.0037097461531865));
#1177=CARTESIAN_POINT('',(-0.00641209304084282,-0.0299321303405838,-0.00222639772597645));
#1178=CARTESIAN_POINT('',(-0.00607247039933338,-0.0324552086210022,-0.00362980064471455));
#1179=CARTESIAN_POINT('',(-0.00573284775782395,-0.0349782869014205,-0.00503320356345264));
#1180=CARTESIAN_POINT('',(-0.00539322511631451,-0.0350244434622573,-0.00791995490940077));
#1181=CARTESIAN_POINT('',(-0.00505360247480507,-0.0350706000230941,-0.0108067062553489));
#1182=CARTESIAN_POINT('',(-0.00471397983329564,-0.0325936783035125,-0.0122900546825589));
#1183=CARTESIAN_POINT('',(-0.00437435719178621,-0.0301167565839309,-0.013773403109769));
#1184=CARTESIAN_POINT('',(-0.00403473455027678,-0.0275936783035125,-0.0123700001910309));
#1185=CARTESIAN_POINT('',(-0.00369511190876734,-0.0250706000230941,-0.0109665972722928));
#1186=CARTESIAN_POINT('',(-0.00335548926725791,-0.0250244434622573,-0.00807984592634466));
#1187=CARTESIAN_POINT('',(-0.00301586662574847,-0.0249782869014205,-0.00519309458039653));
#1188=CARTESIAN_POINT('',(-0.00267624398423904,-0.0274552086210022,-0.0037097461531865));
#1189=CARTESIAN_POINT('',(-0.00233662134272961,-0.0299321303405838,-0.00222639772597645));
#1190=CARTESIAN_POINT('',(-0.00199699870122017,-0.0324552086210022,-0.00362980064471455));
#1191=CARTESIAN_POINT('',(-0.00165737605971074,-0.0349782869014205,-0.00503320356345264));
#1192=CARTESIAN_POINT('',(-0.0013177534182013,-0.0350244434622573,-0.00791995490940077));
#1193=CARTESIAN_POINT('',(-0.000978130776691871,-0.0350706000230941,-0.0108067062553489));
#1194=CARTESIAN_POINT('',(-0.000638508135182434,-0.0325936783035125,-0.0122900546825589));
#1195=CARTESIAN_POINT('',(-0.000298885493673,-0.0301167565839309,-0.013773403109769));
#1196=CARTESIAN_POINT('',(4.07371478364331E-5,-0.0275936783035125,-0.0123700001910309));
#1197=CARTESIAN_POINT('',(0.00038035978934587,-0.0250706000230941,-0.0109665972722928));
#1198=CARTESIAN_POINT('',(0.0007199824308553,-0.0250244434622573,-0.00807984592634466));
#1199=CARTESIAN_POINT('',(0.00105960507236474,-0.0249782869014205,-0.00519309458039653));
#1200=CARTESIAN_POINT('',(0.00139922771387417,-0.0274552086210022,-0.0037097461531865));
#1201=CARTESIAN_POINT('',(0.0017388503553836,-0.0299321303405838,-0.00222639772597645));
#1202=CARTESIAN_POINT('',(0.00207847299689304,-0.0324552086210022,-0.00362980064471455));
#1203=CARTESIAN_POINT('',(0.00241809563840247,-0.0349782869014205,-0.00503320356345264));
#1204=CARTESIAN_POINT('',(0.00275771827991191,-0.0350244434622573,-0.00791995490940077));
#1205=CARTESIAN_POINT('',(0.00309734092142134,-0.0350706000230941,-0.0108067062553489));
#1206=CARTESIAN_POINT('',(0.00343696356293077,-0.0325936783035125,-0.0122900546825589));
#1207=CARTESIAN_POINT('',(0.0037765862044402,-0.0301167565839309,-0.013773403109769));
#1208=CARTESIAN_POINT('',(0.00411620884594964,-0.0275936783035125,-0.0123700001910309));
#1209=CARTESIAN_POINT('',(0.00445583148745907,-0.0250706000230941,-0.0109665972722928));
#1210=CARTESIAN_POINT('',(0.00479545412896851,-0.0250244434622573,-0.00807984592634466));
#1211=CARTESIAN_POINT('',(0.00513507677047794,-0.0249782869014205,-0.00519309458039653));
#1212=CARTESIAN_POINT('',(0.00547469941198737,-0.0274552086210022,-0.0037097461531865));
#1213=CARTESIAN_POINT('',(0.00581432205349681,-0.0299321303405838,-0.00222639772597645));
#1214=CARTESIAN_POINT('',(0.00615394469500625,-0.0324552086210022,-0.00362980064471455));
#1215=CARTESIAN_POINT('',(0.00649356733651569,-0.0349782869014205,-0.00503320356345264));
#1216=CARTESIAN_POINT('',(0.00683318997802512,-0.0350244434622573,-0.00791995490940077));
#1217=CARTESIAN_POINT('',(0.00717281261953455,-0.0350706000230941,-0.0108067062553489));
#1218=CARTESIAN_POINT('',(0.00751243526104398,-0.0325936783035125,-0.0122900546825589));
#1219=CARTESIAN_POINT('',(0.00785205790255341,-0.0301167565839309,-0.013773403109769));
#1220=CARTESIAN_POINT('',(0.00819168054406285,-0.0275936783035125,-0.0123700001910309));
#1221=CARTESIAN_POINT('',(0.00853130318557229,-0.0250706000230941,-0.0109665972722928));
#1222=CARTESIAN_POINT('',(0.00887092582708172,-0.0250244434622573,-0.00807984592634466));
#1223=CARTESIAN_POINT('',(0.00921054846859115,-0.0249782869014205,-0.00519309458039653));
#1224=CARTESIAN_POINT('',(0.00955017111010059,-0.0274552086210022,-0.0037097461531865));
#1225=CARTESIAN_POINT('',(0.00988979375161001,-0.0299321303405838,-0.00222639772597645));
#1226=CARTESIAN_POINT('',(0.0102294163931195,-0.0324552086210022,-0.00362980064471455));
#1227=CARTESIAN_POINT('',(0.0105690390346289,-0.0349782869014205,-0.00503320356345264));
#1228=CARTESIAN_POINT('',(0.0109086616761383,-0.0350244434622573,-0.00791995490940077));
#1229=CARTESIAN_POINT('',(0.0112482843176478,-0.0350706000230941,-0.0108067062553489));
#1230=CARTESIAN_POINT('',(0.0115879069591572,-0.0325936783035125,-0.0122900546825589));
#1231=CARTESIAN_POINT('',(0.0119275296006666,-0.0301167565839309,-0.013773403109769));
#1232=CARTESIAN_POINT('',(0.0122671522421761,-0.0275936783035125,-0.0123700001910309));
#1233=CARTESIAN_POINT('',(0.0126067748836855,-0.0250706000230941,-0.0109665972722928));
#1234=CARTESIAN_POINT('',(0.0129463975251949,-0.0250244434622573,-0.00807984592634466));
#1235=CARTESIAN_POINT('',(0.0132860201667044,-0.0249782869014205,-0.00519309458039653));
#1236=CARTESIAN_POINT('',(0.0136256428082138,-0.0274552086210022,-0.0037097461531865));
#1237=CARTESIAN_POINT('',(0.0139652654497232,-0.0299321303405838,-0.00222639772597645));
#1238=CARTESIAN_POINT('',(0.0143048880912327,-0.0324552086210022,-0.00362980064471455));
#1239=CARTESIAN_POINT('',(0.0146445107327421,-0.0349782869014205,-0.00503320356345264));
#1240=CARTESIAN_POINT('',(0.0149841333742515,-0.0350244434622573,-0.00791995490940077));
#1241=CARTESIAN_POINT('',(0.015323756015761,-0.0350706000230941,-0.0108067062553489));
#1242=CARTESIAN_POINT('',(0.0156633786572704,-0.0325936783035125,-0.0122900546825589));
#1243=CARTESIAN_POINT('',(0.0160030012987798,-0.0301167565839309,-0.013773403109769));
#1244=CARTESIAN_POINT('',(0.0163426239402892,-0.0275936783035125,-0.0123700001910309));
#1245=CARTESIAN_POINT('',(0.0166822465817987,-0.0250706000230941,-0.0109665972722928));
#1246=CARTESIAN_POINT('',(0.0170218692233081,-0.0250244434622573,-0.00807984592634466));
#1247=CARTESIAN_POINT('',(0.0173614918648176,-0.0249782869014205,-0.00519309458039653));
#1248=CARTESIAN_POINT('',(0.017701114506327,-0.0274552086210022,-0.0037097461531865));
#1249=CARTESIAN_POINT('',(0.0180407371478365,-0.0299321303405838,-0.00222639772597645));
#1250=CARTESIAN_POINT('',(0.0183803597893459,-0.0324552086210022,-0.00362980064471455));
#1251=CARTESIAN_POINT('',(0.0187199824308553,-0.0349782869014205,-0.00503320356345264));
#1252=CARTESIAN_POINT('',(0.0190596050723647,-0.0350244434622573,-0.00791995490940077));
#1253=CARTESIAN_POINT('',(0.0193992277138742,-0.0350706000230941,-0.0108067062553489));
#1254=CARTESIAN_POINT('',(0.0197388503553836,-0.0325936783035125,-0.0122900546825589));
#1255=CARTESIAN_POINT('',(0.020078472996893,-0.0301167565839309,-0.013773403109769));
#1256=CARTESIAN_POINT('',(0.0204180956384024,-0.0275936783035125,-0.0123700001910309));
#1257=CARTESIAN_POINT('',(0.0207577182799119,-0.0250706000230941,-0.0109665972722928));
#1258=CARTESIAN_POINT('',(0.0210973409214213,-0.0250244434622573,-0.00807984592634466));
#1259=CARTESIAN_POINT('',(0.0214369635629307,-0.0249782869014205,-0.00519309458039653));
#1260=CARTESIAN_POINT('',(0.0217765862044402,-0.0274552086210022,-0.0037097461531865));
#1261=CARTESIAN_POINT('',(0.0221162088459496,-0.0299321303405838,-0.00222639772597645));
#1262=CARTESIAN_POINT('',(0.0224558314874591,-0.0324552086210022,-0.00362980064471455));
#1263=CARTESIAN_POINT('',(0.0227954541289685,-0.0349782869014205,-0.00503320356345264));
#1264=CARTESIAN_POINT('',(0.0231350767704779,-0.0350244434622573,-0.00791995490940077));
#1265=CARTESIAN_POINT('',(0.0234746994119874,-0.0350706000230941,-0.0108067062553489));
#1266=CARTESIAN_POINT('',(0.0238143220534968,-0.0325936783035125,-0.0122900546825589));
#1267=CARTESIAN_POINT('',(0.0241539446950063,-0.0301167565839309,-0.013773403109769));
#1268=CARTESIAN_POINT('',(0.0244935673365157,-0.0275936783035125,-0.0123700001910309));
#1269=CARTESIAN_POINT('',(0.0248331899780251,-0.0250706000230941,-0.0109665972722928));
#1270=CARTESIAN_POINT('',(0.0251728126195346,-0.0250244434622573,-0.00807984592634466));
#1271=CARTESIAN_POINT('',(0.025512435261044,-0.0249782869014205,-0.00519309458039653));
#1272=CARTESIAN_POINT('',(0.0258520579025534,-0.0274552086210022,-0.0037097461531865));
#1273=CARTESIAN_POINT('',(0.0261916805440628,-0.0299321303405838,-0.00222639772597645));
#1274=CARTESIAN_POINT('',(0.0265313031855723,-0.0324552086210022,-0.00362980064471455));
#1275=CARTESIAN_POINT('',(0.0268709258270817,-0.0349782869014205,-0.00503320356345264));
#1276=CARTESIAN_POINT('',(0.0272105484685911,-0.0350244434622573,-0.00791995490940077));
#1277=CARTESIAN_POINT('',(0.0275501711101006,-0.0350706000230941,-0.0108067062553489));
#1278=CARTESIAN_POINT('',(0.02788979375161,-0.0325936783035125,-0.0122900546825589));
#1279=CARTESIAN_POINT('',(0.0282294163931195,-0.0301167565839309,-0.013773403109769));
#1280=CARTESIAN_POINT('',(0.0285690390346289,-0.0275936783035125,-0.0123700001910309));
#1281=CARTESIAN_POINT('',(0.0289086616761383,-0.0250706000230941,-0.0109665972722928));
#1282=CARTESIAN_POINT('',(0.0292482843176478,-0.0250244434622573,-0.00807984592634466));
#1283=CARTESIAN_POINT('',(0.0295879069591572,-0.0249782869014205,-0.00519309458039653));
#1284=CARTESIAN_POINT('',(0.0299275296006666,-0.0274552086210022,-0.0037097461531865));
#1285=CARTESIAN_POINT('',(0.0302671522421761,-0.0299321303405838,-0.00222639772597645));
#1286=CARTESIAN_POINT('',(0.0306067748836855,-0.0324552086210022,-0.00362980064471455));
#1287=CARTESIAN_POINT('',(0.0309463975251949,-0.0349782869014205,-0.00503320356345264));
#1288=CARTESIAN_POINT('',(0.0312860201667043,-0.0350244434622573,-0.00791995490940077));
#1289=CARTESIAN_POINT('',(0.0316256428082138,-0.0350706000230941,-0.0108067062553489));
#1290=CARTESIAN_POINT('',(0.0319652654497233,-0.0325936783035125,-0.0122900546825589));
#1291=CARTESIAN_POINT('',(0.0323048880912326,-0.0301167565839309,-0.013773403109769));
#1292=CARTESIAN_POINT('',(0.0326445107327421,-0.0275936783035125,-0.0123700001910309));
#1293=CARTESIAN_POINT('',(0.0329841333742515,-0.0250706000230941,-0.0109665972722928));
#1294=CARTESIAN_POINT('',(0.033323756015761,-0.0250244434622573,-0.00807984592634466));
#1295=CARTESIAN_POINT('',(0.0336633786572704,-0.0249782869014205,-0.00519309458039653));
#1296=CARTESIAN_POINT('',(0.0340030012987799,-0.0274552086210022,-0.0037097461531865));
#1297=CARTESIAN_POINT('',(0.0343426239402893,-0.0299321303405838,-0.00222639772597645));
#1298=CARTESIAN_POINT('',(0.0346822465817987,-0.0324552086210022,-0.00362980064471455));
#1299=CARTESIAN_POINT('',(0.0350218692233081,-0.0349782869014205,-0.00503320356345264));
#1300=CARTESIAN_POINT('',(0.0353614918648176,-0.0350244434622573,-0.00791995490940077));
#1301=CARTESIAN_POINT('',(0.035701114506327,-0.0350706000230941,-0.0108067062553489));
#1302=CARTESIAN_POINT('',(0.0360407371478364,-0.0325936783035125,-0.0122900546825589));
#1303=CARTESIAN_POINT('',(0.0363803597893458,-0.0301167565839309,-0.013773403109769));
#1304=CARTESIAN_POINT('',(0.0367199824308553,-0.0275936783035125,-0.0123700001910309));
#1305=CARTESIAN_POINT('',(0.0370596050723647,-0.0250706000230941,-0.0109665972722928));
#1306=CARTESIAN_POINT('',(0.0373992277138742,-0.0250244434622573,-0.00807984592634466));
#1307=CARTESIAN_POINT('',(0.0375846890876087,-0.0249992382546728,-0.0065034466972766));
#1308=CARTESIAN_POINT('',(0.0377980271644347,-0.0258827318114896,-0.00519764848661813));
#1309=CARTESIAN_POINT('',(-0.0122949568346859,-0.0252943802002346,-0.0063772812938674));
#1310=CARTESIAN_POINT('',(-0.0120400205351117,-0.0259169498782373,-0.00456244137339305));
#1311=CARTESIAN_POINT('',(-0.0118143220534968,-0.0275936783035125,-0.00362980064471455));
#1312=CARTESIAN_POINT('',(-0.0114746994119874,-0.0301167565839309,-0.00222639772597645));
#1313=CARTESIAN_POINT('',(-0.0111350767704779,-0.0325936783035125,-0.0037097461531865));
#1314=CARTESIAN_POINT('',(-0.0107954541289685,-0.0350706000230941,-0.00519309458039654));
#1315=CARTESIAN_POINT('',(-0.0104558314874591,-0.0350244434622573,-0.00807984592634467));
#1316=CARTESIAN_POINT('',(-0.0101162088459496,-0.0349782869014205,-0.0109665972722928));
#1317=CARTESIAN_POINT('',(-0.00977658620444021,-0.0324552086210022,-0.0123700001910309));
#1318=CARTESIAN_POINT('',(-0.00943696356293077,-0.0299321303405838,-0.013773403109769));
#1319=CARTESIAN_POINT('',(-0.00909734092142134,-0.0274552086210022,-0.0122900546825589));
#1320=CARTESIAN_POINT('',(-0.00875771827991191,-0.0249782869014205,-0.0108067062553489));
#1321=CARTESIAN_POINT('',(-0.00841809563840247,-0.0250244434622573,-0.00791995490940076));
#1322=CARTESIAN_POINT('',(-0.00807847299689304,-0.0250706000230941,-0.00503320356345263));
#1323=CARTESIAN_POINT('',(-0.00773885035538361,-0.0275936783035125,-0.00362980064471455));
#1324=CARTESIAN_POINT('',(-0.00739922771387417,-0.0301167565839309,-0.00222639772597645));
#1325=CARTESIAN_POINT('',(-0.00705960507236474,-0.0325936783035125,-0.0037097461531865));
#1326=CARTESIAN_POINT('',(-0.0067199824308553,-0.0350706000230941,-0.00519309458039654));
#1327=CARTESIAN_POINT('',(-0.00638035978934587,-0.0350244434622573,-0.00807984592634467));
#1328=CARTESIAN_POINT('',(-0.00604073714783644,-0.0349782869014205,-0.0109665972722928));
#1329=CARTESIAN_POINT('',(-0.005701114506327,-0.0324552086210022,-0.0123700001910309));
#1330=CARTESIAN_POINT('',(-0.00536149186481757,-0.0299321303405838,-0.013773403109769));
#1331=CARTESIAN_POINT('',(-0.00502186922330813,-0.0274552086210022,-0.0122900546825589));
#1332=CARTESIAN_POINT('',(-0.0046822465817987,-0.0249782869014205,-0.0108067062553489));
#1333=CARTESIAN_POINT('',(-0.00434262394028927,-0.0250244434622573,-0.00791995490940076));
#1334=CARTESIAN_POINT('',(-0.00400300129877984,-0.0250706000230941,-0.00503320356345263));
#1335=CARTESIAN_POINT('',(-0.0036633786572704,-0.0275936783035125,-0.00362980064471455));
#1336=CARTESIAN_POINT('',(-0.00332375601576097,-0.0301167565839309,-0.00222639772597645));
#1337=CARTESIAN_POINT('',(-0.00298413337425154,-0.0325936783035125,-0.0037097461531865));
#1338=CARTESIAN_POINT('',(-0.00264451073274209,-0.0350706000230941,-0.00519309458039654));
#1339=CARTESIAN_POINT('',(-0.00230488809123266,-0.0350244434622573,-0.00807984592634467));
#1340=CARTESIAN_POINT('',(-0.00196526544972323,-0.0349782869014205,-0.0109665972722928));
#1341=CARTESIAN_POINT('',(-0.00162564280821379,-0.0324552086210022,-0.0123700001910309));
#1342=CARTESIAN_POINT('',(-0.00128602016670436,-0.0299321303405838,-0.013773403109769));
#1343=CARTESIAN_POINT('',(-0.000946397525194927,-0.0274552086210022,-0.0122900546825589));
#1344=CARTESIAN_POINT('',(-0.000606774883685495,-0.0249782869014205,-0.0108067062553489));
#1345=CARTESIAN_POINT('',(-0.00026715224217606,-0.0250244434622573,-0.00791995490940076));
#1346=CARTESIAN_POINT('',(7.24703993333743E-5,-0.0250706000230941,-0.00503320356345263));
#1347=CARTESIAN_POINT('',(0.000412093040842807,-0.0275936783035125,-0.00362980064471455));
#1348=CARTESIAN_POINT('',(0.000751715682352244,-0.0301167565839309,-0.00222639772597645));
#1349=CARTESIAN_POINT('',(0.00109133832386168,-0.0325936783035125,-0.0037097461531865));
#1350=CARTESIAN_POINT('',(0.00143096096537111,-0.0350706000230941,-0.00519309458039654));
#1351=CARTESIAN_POINT('',(0.00177058360688055,-0.0350244434622573,-0.00807984592634467));
#1352=CARTESIAN_POINT('',(0.00211020624838998,-0.0349782869014205,-0.0109665972722928));
#1353=CARTESIAN_POINT('',(0.00244982888989941,-0.0324552086210022,-0.0123700001910309));
#1354=CARTESIAN_POINT('',(0.00278945153140884,-0.0299321303405838,-0.013773403109769));
#1355=CARTESIAN_POINT('',(0.00312907417291828,-0.0274552086210022,-0.0122900546825589));
#1356=CARTESIAN_POINT('',(0.00346869681442772,-0.0249782869014205,-0.0108067062553489));
#1357=CARTESIAN_POINT('',(0.00380831945593714,-0.0250244434622573,-0.00791995490940076));
#1358=CARTESIAN_POINT('',(0.00414794209744658,-0.0250706000230941,-0.00503320356345263));
#1359=CARTESIAN_POINT('',(0.00448756473895601,-0.0275936783035125,-0.00362980064471455));
#1360=CARTESIAN_POINT('',(0.00482718738046546,-0.0301167565839309,-0.00222639772597645));
#1361=CARTESIAN_POINT('',(0.00516681002197489,-0.0325936783035125,-0.0037097461531865));
#1362=CARTESIAN_POINT('',(0.00550643266348432,-0.0350706000230941,-0.00519309458039654));
#1363=CARTESIAN_POINT('',(0.00584605530499376,-0.0350244434622573,-0.00807984592634467));
#1364=CARTESIAN_POINT('',(0.00618567794650319,-0.0349782869014205,-0.0109665972722928));
#1365=CARTESIAN_POINT('',(0.00652530058801262,-0.0324552086210022,-0.0123700001910309));
#1366=CARTESIAN_POINT('',(0.00686492322952205,-0.0299321303405838,-0.013773403109769));
#1367=CARTESIAN_POINT('',(0.00720454587103149,-0.0274552086210022,-0.0122900546825589));
#1368=CARTESIAN_POINT('',(0.00754416851254092,-0.0249782869014205,-0.0108067062553489));
#1369=CARTESIAN_POINT('',(0.00788379115405036,-0.0250244434622573,-0.00791995490940076));
#1370=CARTESIAN_POINT('',(0.00822341379555979,-0.0250706000230941,-0.00503320356345263));
#1371=CARTESIAN_POINT('',(0.00856303643706922,-0.0275936783035125,-0.00362980064471455));
#1372=CARTESIAN_POINT('',(0.00890265907857865,-0.0301167565839309,-0.00222639772597645));
#1373=CARTESIAN_POINT('',(0.00924228172008809,-0.0325936783035125,-0.0037097461531865));
#1374=CARTESIAN_POINT('',(0.00958190436159753,-0.0350706000230941,-0.00519309458039654));
#1375=CARTESIAN_POINT('',(0.00992152700310696,-0.0350244434622573,-0.00807984592634467));
#1376=CARTESIAN_POINT('',(0.0102611496446164,-0.0349782869014205,-0.0109665972722928));
#1377=CARTESIAN_POINT('',(0.0106007722861258,-0.0324552086210022,-0.0123700001910309));
#1378=CARTESIAN_POINT('',(0.0109403949276353,-0.0299321303405838,-0.013773403109769));
#1379=CARTESIAN_POINT('',(0.0112800175691447,-0.0274552086210022,-0.0122900546825589));
#1380=CARTESIAN_POINT('',(0.0116196402106541,-0.0249782869014205,-0.0108067062553489));
#1381=CARTESIAN_POINT('',(0.0119592628521636,-0.0250244434622573,-0.00791995490940076));
#1382=CARTESIAN_POINT('',(0.012298885493673,-0.0250706000230941,-0.00503320356345263));
#1383=CARTESIAN_POINT('',(0.0126385081351824,-0.0275936783035125,-0.00362980064471455));
#1384=CARTESIAN_POINT('',(0.0129781307766919,-0.0301167565839309,-0.00222639772597645));
#1385=CARTESIAN_POINT('',(0.0133177534182013,-0.0325936783035125,-0.0037097461531865));
#1386=CARTESIAN_POINT('',(0.0136573760597107,-0.0350706000230941,-0.00519309458039654));
#1387=CARTESIAN_POINT('',(0.0139969987012202,-0.0350244434622573,-0.00807984592634467));
#1388=CARTESIAN_POINT('',(0.0143366213427296,-0.0349782869014205,-0.0109665972722928));
#1389=CARTESIAN_POINT('',(0.014676243984239,-0.0324552086210022,-0.0123700001910309));
#1390=CARTESIAN_POINT('',(0.0150158666257485,-0.0299321303405838,-0.013773403109769));
#1391=CARTESIAN_POINT('',(0.0153554892672579,-0.0274552086210022,-0.0122900546825589));
#1392=CARTESIAN_POINT('',(0.0156951119087673,-0.0249782869014205,-0.0108067062553489));
#1393=CARTESIAN_POINT('',(0.0160347345502768,-0.0250244434622573,-0.00791995490940076));
#1394=CARTESIAN_POINT('',(0.0163743571917862,-0.0250706000230941,-0.00503320356345263));
#1395=CARTESIAN_POINT('',(0.0167139798332956,-0.0275936783035125,-0.00362980064471455));
#1396=CARTESIAN_POINT('',(0.0170536024748051,-0.0301167565839309,-0.00222639772597645));
#1397=CARTESIAN_POINT('',(0.0173932251163145,-0.0325936783035125,-0.0037097461531865));
#1398=CARTESIAN_POINT('',(0.0177328477578239,-0.0350706000230941,-0.00519309458039654));
#1399=CARTESIAN_POINT('',(0.0180724703993334,-0.0350244434622573,-0.00807984592634467));
#1400=CARTESIAN_POINT('',(0.0184120930408428,-0.0349782869014205,-0.0109665972722928));
#1401=CARTESIAN_POINT('',(0.0187517156823522,-0.0324552086210022,-0.0123700001910309));
#1402=CARTESIAN_POINT('',(0.0190913383238617,-0.0299321303405838,-0.013773403109769));
#1403=CARTESIAN_POINT('',(0.0194309609653711,-0.0274552086210022,-0.0122900546825589));
#1404=CARTESIAN_POINT('',(0.0197705836068806,-0.0249782869014205,-0.0108067062553489));
#1405=CARTESIAN_POINT('',(0.02011020624839,-0.0250244434622573,-0.00791995490940076));
#1406=CARTESIAN_POINT('',(0.0204498288898994,-0.0250706000230941,-0.00503320356345263));
#1407=CARTESIAN_POINT('',(0.0207894515314088,-0.0275936783035125,-0.00362980064471455));
#1408=CARTESIAN_POINT('',(0.0211290741729183,-0.0301167565839309,-0.00222639772597645));
#1409=CARTESIAN_POINT('',(0.0214686968144277,-0.0325936783035125,-0.0037097461531865));
#1410=CARTESIAN_POINT('',(0.0218083194559371,-0.0350706000230941,-0.00519309458039654));
#1411=CARTESIAN_POINT('',(0.0221479420974466,-0.0350244434622573,-0.00807984592634467));
#1412=CARTESIAN_POINT('',(0.022487564738956,-0.0349782869014205,-0.0109665972722928));
#1413=CARTESIAN_POINT('',(0.0228271873804654,-0.0324552086210022,-0.0123700001910309));
#1414=CARTESIAN_POINT('',(0.0231668100219749,-0.0299321303405838,-0.013773403109769));
#1415=CARTESIAN_POINT('',(0.0235064326634843,-0.0274552086210022,-0.0122900546825589));
#1416=CARTESIAN_POINT('',(0.0238460553049938,-0.0249782869014205,-0.0108067062553489));
#1417=CARTESIAN_POINT('',(0.0241856779465032,-0.0250244434622573,-0.00791995490940076));
#1418=CARTESIAN_POINT('',(0.0245253005880126,-0.0250706000230941,-0.00503320356345263));
#1419=CARTESIAN_POINT('',(0.0248649232295221,-0.0275936783035125,-0.00362980064471455));
#1420=CARTESIAN_POINT('',(0.0252045458710315,-0.0301167565839309,-0.00222639772597645));
#1421=CARTESIAN_POINT('',(0.0255441685125409,-0.0325936783035125,-0.0037097461531865));
#1422=CARTESIAN_POINT('',(0.0258837911540504,-0.0350706000230941,-0.00519309458039654));
#1423=CARTESIAN_POINT('',(0.0262234137955598,-0.0350244434622573,-0.00807984592634467));
#1424=CARTESIAN_POINT('',(0.0265630364370692,-0.0349782869014205,-0.0109665972722928));
#1425=CARTESIAN_POINT('',(0.0269026590785786,-0.0324552086210022,-0.0123700001910309));
#1426=CARTESIAN_POINT('',(0.0272422817200881,-0.0299321303405838,-0.013773403109769));
#1427=CARTESIAN_POINT('',(0.0275819043615975,-0.0274552086210022,-0.0122900546825589));
#1428=CARTESIAN_POINT('',(0.0279215270031069,-0.0249782869014205,-0.0108067062553489));
#1429=CARTESIAN_POINT('',(0.0282611496446164,-0.0250244434622573,-0.00791995490940076));
#1430=CARTESIAN_POINT('',(0.0286007722861258,-0.0250706000230941,-0.00503320356345263));
#1431=CARTESIAN_POINT('',(0.0289403949276353,-0.0275936783035125,-0.00362980064471455));
#1432=CARTESIAN_POINT('',(0.0292800175691447,-0.0301167565839309,-0.00222639772597645));
#1433=CARTESIAN_POINT('',(0.0296196402106541,-0.0325936783035125,-0.0037097461531865));
#1434=CARTESIAN_POINT('',(0.0299592628521636,-0.0350706000230941,-0.00519309458039654));
#1435=CARTESIAN_POINT('',(0.030298885493673,-0.0350244434622573,-0.00807984592634467));
#1436=CARTESIAN_POINT('',(0.0306385081351825,-0.0349782869014205,-0.0109665972722928));
#1437=CARTESIAN_POINT('',(0.0309781307766918,-0.0324552086210022,-0.0123700001910309));
#1438=CARTESIAN_POINT('',(0.0313177534182013,-0.0299321303405838,-0.013773403109769));
#1439=CARTESIAN_POINT('',(0.0316573760597108,-0.0274552086210022,-0.0122900546825589));
#1440=CARTESIAN_POINT('',(0.0319969987012202,-0.0249782869014205,-0.0108067062553489));
#1441=CARTESIAN_POINT('',(0.0323366213427296,-0.0250244434622573,-0.00791995490940076));
#1442=CARTESIAN_POINT('',(0.032676243984239,-0.0250706000230941,-0.00503320356345263));
#1443=CARTESIAN_POINT('',(0.0330158666257485,-0.0275936783035125,-0.00362980064471455));
#1444=CARTESIAN_POINT('',(0.0333554892672579,-0.0301167565839309,-0.00222639772597645));
#1445=CARTESIAN_POINT('',(0.0336951119087673,-0.0325936783035125,-0.0037097461531865));
#1446=CARTESIAN_POINT('',(0.0340347345502768,-0.0350706000230941,-0.00519309458039654));
#1447=CARTESIAN_POINT('',(0.0343743571917862,-0.0350244434622573,-0.00807984592634467));
#1448=CARTESIAN_POINT('',(0.0347139798332957,-0.0349782869014205,-0.0109665972722928));
#1449=CARTESIAN_POINT('',(0.0350536024748051,-0.0324552086210022,-0.0123700001910309));
#1450=CARTESIAN_POINT('',(0.0353932251163145,-0.0299321303405838,-0.013773403109769));
#1451=CARTESIAN_POINT('',(0.0357328477578239,-0.0274552086210022,-0.0122900546825589));
#1452=CARTESIAN_POINT('',(0.0360724703993334,-0.0249782869014205,-0.0108067062553489));
#1453=CARTESIAN_POINT('',(0.0364120930408428,-0.0250244434622573,-0.00791995490940076));
#1454=CARTESIAN_POINT('',(0.0365975544145773,-0.0250496486698418,-0.0063435556803327));
#1455=CARTESIAN_POINT('',(0.0368108924914033,-0.0259744370176721,-0.00506667027293976));
#1456=CARTESIAN_POINT('',(0.0364506600346195,-0.0295864717231746,-0.0129813231102458));
#1457=CARTESIAN_POINT('',(0.0364523127145216,-0.0281999138567824,-0.0128589413584952));
#1458=CARTESIAN_POINT('',(0.036466684775984,-0.0255935954093012,-0.0114102721776818));
#1459=CARTESIAN_POINT('',(0.0364944713536315,-0.0248598832482701,-0.00851653355559794));
#1460=CARTESIAN_POINT('',(0.0365074855435778,-0.0250974112434159,-0.00714506429391482));
#1461=CARTESIAN_POINT('',(0.0365074855435778,-0.0250974112434159,-0.00714506429391479));
#1462=CARTESIAN_POINT('',(-0.0124935673365157,-0.0250244434622573,-0.00791995490940076));
#1463=CARTESIAN_POINT('',(-0.0121539446950062,-0.0250706000230941,-0.00503320356345262));
#1464=CARTESIAN_POINT('',(-0.0118143220534968,-0.0275936783035125,-0.00362980064471453));
#1465=CARTESIAN_POINT('',(-0.0114746994119874,-0.0301167565839309,-0.00222639772597644));
#1466=CARTESIAN_POINT('',(-0.0111350767704779,-0.0325936783035125,-0.00370974615318649));
#1467=CARTESIAN_POINT('',(-0.0107954541289685,-0.0350706000230941,-0.00519309458039653));
#1468=CARTESIAN_POINT('',(-0.0104558314874591,-0.0350244434622574,-0.00807984592634467));
#1469=CARTESIAN_POINT('',(-0.0101162088459496,-0.0349782869014206,-0.0109665972722928));
#1470=CARTESIAN_POINT('',(-0.00977658620444021,-0.0324552086210022,-0.0123700001910309));
#1471=CARTESIAN_POINT('',(-0.00943696356293077,-0.0299321303405838,-0.013773403109769));
#1472=CARTESIAN_POINT('',(-0.00909734092142134,-0.0274552086210022,-0.0122900546825589));
#1473=CARTESIAN_POINT('',(-0.00875771827991191,-0.0249782869014205,-0.0108067062553489));
#1474=CARTESIAN_POINT('',(-0.00841809563840247,-0.0250244434622573,-0.00791995490940077));
#1475=CARTESIAN_POINT('',(-0.00807847299689304,-0.0250706000230941,-0.00503320356345263));
#1476=CARTESIAN_POINT('',(-0.00773885035538361,-0.0275936783035125,-0.00362980064471454));
#1477=CARTESIAN_POINT('',(-0.00739922771387417,-0.0301167565839309,-0.00222639772597644));
#1478=CARTESIAN_POINT('',(-0.00705960507236474,-0.0325936783035125,-0.00370974615318649));
#1479=CARTESIAN_POINT('',(-0.0067199824308553,-0.0350706000230941,-0.00519309458039652));
#1480=CARTESIAN_POINT('',(-0.00638035978934587,-0.0350244434622574,-0.00807984592634467));
#1481=CARTESIAN_POINT('',(-0.00604073714783644,-0.0349782869014206,-0.0109665972722928));
#1482=CARTESIAN_POINT('',(-0.005701114506327,-0.0324552086210022,-0.0123700001910309));
#1483=CARTESIAN_POINT('',(-0.00536149186481757,-0.0299321303405838,-0.013773403109769));
#1484=CARTESIAN_POINT('',(-0.00502186922330813,-0.0274552086210022,-0.0122900546825589));
#1485=CARTESIAN_POINT('',(-0.0046822465817987,-0.0249782869014205,-0.0108067062553489));
#1486=CARTESIAN_POINT('',(-0.00434262394028927,-0.0250244434622573,-0.00791995490940077));
#1487=CARTESIAN_POINT('',(-0.00400300129877984,-0.0250706000230941,-0.00503320356345263));
#1488=CARTESIAN_POINT('',(-0.0036633786572704,-0.0275936783035125,-0.00362980064471454));
#1489=CARTESIAN_POINT('',(-0.00332375601576097,-0.0301167565839309,-0.00222639772597644));
#1490=CARTESIAN_POINT('',(-0.00298413337425154,-0.0325936783035125,-0.00370974615318649));
#1491=CARTESIAN_POINT('',(-0.00264451073274209,-0.0350706000230941,-0.00519309458039652));
#1492=CARTESIAN_POINT('',(-0.00230488809123266,-0.0350244434622574,-0.00807984592634466));
#1493=CARTESIAN_POINT('',(-0.00196526544972323,-0.0349782869014206,-0.0109665972722928));
#1494=CARTESIAN_POINT('',(-0.00162564280821379,-0.0324552086210022,-0.0123700001910309));
#1495=CARTESIAN_POINT('',(-0.00128602016670436,-0.0299321303405838,-0.013773403109769));
#1496=CARTESIAN_POINT('',(-0.000946397525194927,-0.0274552086210022,-0.012290054682559));
#1497=CARTESIAN_POINT('',(-0.000606774883685495,-0.0249782869014205,-0.0108067062553489));
#1498=CARTESIAN_POINT('',(-0.00026715224217606,-0.0250244434622573,-0.00791995490940077));
#1499=CARTESIAN_POINT('',(7.24703993333743E-5,-0.0250706000230941,-0.00503320356345263));
#1500=CARTESIAN_POINT('',(0.000412093040842807,-0.0275936783035125,-0.00362980064471454));
#1501=CARTESIAN_POINT('',(0.000751715682352244,-0.0301167565839309,-0.00222639772597644));
#1502=CARTESIAN_POINT('',(0.00109133832386168,-0.0325936783035125,-0.00370974615318648));
#1503=CARTESIAN_POINT('',(0.00143096096537111,-0.0350706000230941,-0.00519309458039651));
#1504=CARTESIAN_POINT('',(0.00177058360688055,-0.0350244434622574,-0.00807984592634467));
#1505=CARTESIAN_POINT('',(0.00211020624838998,-0.0349782869014206,-0.0109665972722928));
#1506=CARTESIAN_POINT('',(0.00244982888989941,-0.0324552086210022,-0.0123700001910309));
#1507=CARTESIAN_POINT('',(0.00278945153140884,-0.0299321303405838,-0.013773403109769));
#1508=CARTESIAN_POINT('',(0.00312907417291828,-0.0274552086210022,-0.012290054682559));
#1509=CARTESIAN_POINT('',(0.00346869681442772,-0.0249782869014205,-0.0108067062553489));
#1510=CARTESIAN_POINT('',(0.00380831945593714,-0.0250244434622573,-0.00791995490940077));
#1511=CARTESIAN_POINT('',(0.00414794209744658,-0.0250706000230941,-0.00503320356345263));
#1512=CARTESIAN_POINT('',(0.00448756473895601,-0.0275936783035125,-0.00362980064471454));
#1513=CARTESIAN_POINT('',(0.00482718738046546,-0.0301167565839309,-0.00222639772597644));
#1514=CARTESIAN_POINT('',(0.00516681002197489,-0.0325936783035125,-0.00370974615318648));
#1515=CARTESIAN_POINT('',(0.00550643266348432,-0.0350706000230941,-0.00519309458039651));
#1516=CARTESIAN_POINT('',(0.00584605530499376,-0.0350244434622574,-0.00807984592634465));
#1517=CARTESIAN_POINT('',(0.00618567794650319,-0.0349782869014206,-0.0109665972722928));
#1518=CARTESIAN_POINT('',(0.00652530058801262,-0.0324552086210022,-0.0123700001910309));
#1519=CARTESIAN_POINT('',(0.00686492322952205,-0.0299321303405838,-0.013773403109769));
#1520=CARTESIAN_POINT('',(0.00720454587103149,-0.0274552086210022,-0.012290054682559));
#1521=CARTESIAN_POINT('',(0.00754416851254092,-0.0249782869014205,-0.0108067062553489));
#1522=CARTESIAN_POINT('',(0.00788379115405036,-0.0250244434622573,-0.00791995490940079));
#1523=CARTESIAN_POINT('',(0.00822341379555979,-0.0250706000230941,-0.00503320356345264));
#1524=CARTESIAN_POINT('',(0.00856303643706922,-0.0275936783035125,-0.00362980064471454));
#1525=CARTESIAN_POINT('',(0.00890265907857865,-0.0301167565839308,-0.00222639772597644));
#1526=CARTESIAN_POINT('',(0.00924228172008809,-0.0325936783035125,-0.00370974615318648));
#1527=CARTESIAN_POINT('',(0.00958190436159753,-0.0350706000230941,-0.00519309458039653));
#1528=CARTESIAN_POINT('',(0.00992152700310696,-0.0350244434622574,-0.00807984592634465));
#1529=CARTESIAN_POINT('',(0.0102611496446164,-0.0349782869014206,-0.0109665972722928));
#1530=CARTESIAN_POINT('',(0.0106007722861258,-0.0324552086210022,-0.0123700001910309));
#1531=CARTESIAN_POINT('',(0.0109403949276353,-0.0299321303405838,-0.013773403109769));
#1532=CARTESIAN_POINT('',(0.0112800175691447,-0.0274552086210022,-0.012290054682559));
#1533=CARTESIAN_POINT('',(0.0116196402106541,-0.0249782869014205,-0.0108067062553489));
#1534=CARTESIAN_POINT('',(0.0119592628521636,-0.0250244434622573,-0.00791995490940077));
#1535=CARTESIAN_POINT('',(0.012298885493673,-0.0250706000230941,-0.00503320356345265));
#1536=CARTESIAN_POINT('',(0.0126385081351824,-0.0275936783035125,-0.00362980064471454));
#1537=CARTESIAN_POINT('',(0.0129781307766919,-0.0301167565839308,-0.00222639772597644));
#1538=CARTESIAN_POINT('',(0.0133177534182013,-0.0325936783035125,-0.00370974615318648));
#1539=CARTESIAN_POINT('',(0.0136573760597107,-0.0350706000230941,-0.00519309458039653));
#1540=CARTESIAN_POINT('',(0.0139969987012202,-0.0350244434622574,-0.00807984592634465));
#1541=CARTESIAN_POINT('',(0.0143366213427296,-0.0349782869014206,-0.0109665972722928));
#1542=CARTESIAN_POINT('',(0.014676243984239,-0.0324552086210022,-0.0123700001910309));
#1543=CARTESIAN_POINT('',(0.0150158666257485,-0.0299321303405838,-0.013773403109769));
#1544=CARTESIAN_POINT('',(0.0153554892672579,-0.0274552086210022,-0.012290054682559));
#1545=CARTESIAN_POINT('',(0.0156951119087673,-0.0249782869014205,-0.0108067062553489));
#1546=CARTESIAN_POINT('',(0.0160347345502768,-0.0250244434622573,-0.00791995490940077));
#1547=CARTESIAN_POINT('',(0.0163743571917862,-0.0250706000230941,-0.00503320356345265));
#1548=CARTESIAN_POINT('',(0.0167139798332956,-0.0275936783035125,-0.00362980064471454));
#1549=CARTESIAN_POINT('',(0.0170536024748051,-0.0301167565839308,-0.00222639772597644));
#1550=CARTESIAN_POINT('',(0.0173932251163145,-0.0325936783035125,-0.00370974615318648));
#1551=CARTESIAN_POINT('',(0.0177328477578239,-0.0350706000230941,-0.00519309458039649));
#1552=CARTESIAN_POINT('',(0.0180724703993334,-0.0350244434622574,-0.00807984592634464));
#1553=CARTESIAN_POINT('',(0.0184120930408428,-0.0349782869014206,-0.0109665972722928));
#1554=CARTESIAN_POINT('',(0.0187517156823522,-0.0324552086210022,-0.0123700001910309));
#1555=CARTESIAN_POINT('',(0.0190913383238617,-0.0299321303405838,-0.013773403109769));
#1556=CARTESIAN_POINT('',(0.0194309609653711,-0.0274552086210022,-0.012290054682559));
#1557=CARTESIAN_POINT('',(0.0197705836068806,-0.0249782869014205,-0.0108067062553489));
#1558=CARTESIAN_POINT('',(0.02011020624839,-0.0250244434622573,-0.00791995490940077));
#1559=CARTESIAN_POINT('',(0.0204498288898994,-0.0250706000230941,-0.00503320356345265));
#1560=CARTESIAN_POINT('',(0.0207894515314088,-0.0275936783035125,-0.00362980064471454));
#1561=CARTESIAN_POINT('',(0.0211290741729183,-0.0301167565839308,-0.00222639772597644));
#1562=CARTESIAN_POINT('',(0.0214686968144277,-0.0325936783035125,-0.00370974615318648));
#1563=CARTESIAN_POINT('',(0.0218083194559371,-0.0350706000230941,-0.00519309458039649));
#1564=CARTESIAN_POINT('',(0.0221479420974466,-0.0350244434622574,-0.00807984592634464));
#1565=CARTESIAN_POINT('',(0.022487564738956,-0.0349782869014206,-0.0109665972722928));
#1566=CARTESIAN_POINT('',(0.0228271873804654,-0.0324552086210022,-0.0123700001910309));
#1567=CARTESIAN_POINT('',(0.0231668100219749,-0.0299321303405838,-0.013773403109769));
#1568=CARTESIAN_POINT('',(0.0235064326634843,-0.0274552086210022,-0.012290054682559));
#1569=CARTESIAN_POINT('',(0.0238460553049938,-0.0249782869014205,-0.0108067062553489));
#1570=CARTESIAN_POINT('',(0.0241856779465032,-0.0250244434622573,-0.00791995490940081));
#1571=CARTESIAN_POINT('',(0.0245253005880126,-0.0250706000230941,-0.00503320356345265));
#1572=CARTESIAN_POINT('',(0.0248649232295221,-0.0275936783035125,-0.00362980064471454));
#1573=CARTESIAN_POINT('',(0.0252045458710315,-0.0301167565839308,-0.00222639772597644));
#1574=CARTESIAN_POINT('',(0.0255441685125409,-0.0325936783035125,-0.00370974615318648));
#1575=CARTESIAN_POINT('',(0.0258837911540504,-0.0350706000230941,-0.00519309458039649));
#1576=CARTESIAN_POINT('',(0.0262234137955598,-0.0350244434622574,-0.00807984592634464));
#1577=CARTESIAN_POINT('',(0.0265630364370692,-0.0349782869014206,-0.0109665972722928));
#1578=CARTESIAN_POINT('',(0.0269026590785786,-0.0324552086210022,-0.0123700001910309));
#1579=CARTESIAN_POINT('',(0.0272422817200881,-0.0299321303405838,-0.013773403109769));
#1580=CARTESIAN_POINT('',(0.0275819043615975,-0.0274552086210022,-0.012290054682559));
#1581=CARTESIAN_POINT('',(0.0279215270031069,-0.0249782869014205,-0.0108067062553489));
#1582=CARTESIAN_POINT('',(0.0282611496446164,-0.0250244434622573,-0.00791995490940081));
#1583=CARTESIAN_POINT('',(0.0286007722861258,-0.0250706000230941,-0.00503320356345266));
#1584=CARTESIAN_POINT('',(0.0289403949276353,-0.0275936783035125,-0.00362980064471454));
#1585=CARTESIAN_POINT('',(0.0292800175691447,-0.0301167565839308,-0.00222639772597644));
#1586=CARTESIAN_POINT('',(0.0296196402106541,-0.0325936783035125,-0.00370974615318647));
#1587=CARTESIAN_POINT('',(0.0299592628521636,-0.0350706000230941,-0.00519309458039652));
#1588=CARTESIAN_POINT('',(0.030298885493673,-0.0350244434622574,-0.00807984592634461));
#1589=CARTESIAN_POINT('',(0.0306385081351825,-0.0349782869014206,-0.0109665972722928));
#1590=CARTESIAN_POINT('',(0.0309781307766918,-0.0324552086210022,-0.0123700001910309));
#1591=CARTESIAN_POINT('',(0.0313177534182013,-0.0299321303405838,-0.013773403109769));
#1592=CARTESIAN_POINT('',(0.0316573760597108,-0.0274552086210022,-0.0122900546825589));
#1593=CARTESIAN_POINT('',(0.0319969987012202,-0.0249782869014206,-0.010806706255349));
#1594=CARTESIAN_POINT('',(0.0323366213427296,-0.0250244434622573,-0.00791995490940081));
#1595=CARTESIAN_POINT('',(0.032676243984239,-0.0250706000230941,-0.00503320356345266));
#1596=CARTESIAN_POINT('',(0.0330158666257485,-0.0275936783035125,-0.00362980064471454));
#1597=CARTESIAN_POINT('',(0.0333554892672579,-0.0301167565839309,-0.00222639772597644));
#1598=CARTESIAN_POINT('',(0.0336951119087673,-0.0325936783035124,-0.00370974615318646));
#1599=CARTESIAN_POINT('',(0.0340347345502768,-0.0350706000230941,-0.00519309458039648));
#1600=CARTESIAN_POINT('',(0.0343743571917862,-0.0350244434622574,-0.00807984592634464));
#1601=CARTESIAN_POINT('',(0.0347139798332957,-0.0349782869014206,-0.0109665972722928));
#1602=CARTESIAN_POINT('',(0.0350536024748051,-0.0324552086210022,-0.0123700001910309));
#1603=CARTESIAN_POINT('',(0.0353932251163145,-0.0299321303405838,-0.013773403109769));
#1604=CARTESIAN_POINT('',(0.0357328477578239,-0.0274552086210022,-0.012290054682559));
#1605=CARTESIAN_POINT('',(0.0360724703993334,-0.0249782869014205,-0.0108067062553489));
#1606=CARTESIAN_POINT('',(0.0364120930408428,-0.0250244434622573,-0.00791995490940078));
#1607=CARTESIAN_POINT('',(0.0367517156823522,-0.0250706000230941,-0.00503320356345269));
#1608=CARTESIAN_POINT('',(0.0370913383238617,-0.0275936783035125,-0.00362980064471456));
#1609=CARTESIAN_POINT('',(0.0374309609653711,-0.0301167565839308,-0.00222639772597644));
#1610=CARTESIAN_POINT('',(0.0377705836068805,-0.0325936783035125,-0.00370974615318647));
#1611=CARTESIAN_POINT('',(0.03811020624839,-0.0350706000230941,-0.00519309458039652));
#1612=CARTESIAN_POINT('',(0.0384498288898994,-0.0350244434622574,-0.0080798459263446));
#1613=CARTESIAN_POINT('',(0.0387894515314088,-0.0349782869014206,-0.0109665972722928));
#1614=CARTESIAN_POINT('',(0.0391290741729183,-0.0324552086210022,-0.0123700001910309));
#1615=CARTESIAN_POINT('',(0.0394686968144277,-0.0299321303405838,-0.013773403109769));
#1616=CARTESIAN_POINT('',(0.0398083194559372,-0.0274552086210022,-0.012290054682559));
#1617=CARTESIAN_POINT('',(0.0401479420974466,-0.0249782869014206,-0.010806706255349));
#1618=CARTESIAN_POINT('',(0.040487564738956,-0.0250244434622573,-0.00791995490940082));
#1619=CARTESIAN_POINT('',(0.0408271873804655,-0.0250706000230941,-0.00503320356345266));
#1620=CARTESIAN_POINT('',(0.0411668100219749,-0.0275936783035125,-0.00362980064471454));
#1621=CARTESIAN_POINT('',(0.0415064326634843,-0.0301167565839308,-0.00222639772597644));
#1622=CARTESIAN_POINT('',(0.0418460553049937,-0.0325936783035124,-0.00370974615318646));
#1623=CARTESIAN_POINT('',(0.0421856779465032,-0.0350706000230941,-0.00519309458039648));
#1624=CARTESIAN_POINT('',(0.0425253005880127,-0.0350244434622574,-0.00807984592634464));
#1625=CARTESIAN_POINT('',(0.042864923229522,-0.0349782869014206,-0.0109665972722928));
#1626=CARTESIAN_POINT('',(0.0432045458710315,-0.0324552086210022,-0.0123700001910309));
#1627=CARTESIAN_POINT('',(0.0435441685125409,-0.0299321303405838,-0.013773403109769));
#1628=CARTESIAN_POINT('',(0.0438837911540503,-0.0274552086210022,-0.012290054682559));
#1629=CARTESIAN_POINT('',(0.0442234137955598,-0.0249782869014205,-0.0108067062553489));
#1630=CARTESIAN_POINT('',(0.0445630364370692,-0.0250244434622573,-0.00791995490940078));
#1631=CARTESIAN_POINT('',(-0.0112772745212055,-0.0315542041550969,-0.00323899467348249));
#1632=CARTESIAN_POINT('',(-0.0112026339502818,-0.032100973090379,-0.00341468091264945));
#1633=CARTESIAN_POINT('',(-0.0111350767704779,-0.0325936783035125,-0.00370974615318649));
#1634=CARTESIAN_POINT('',(-0.0107954541289685,-0.0350706000230941,-0.00519309458039653));
#1635=CARTESIAN_POINT('',(-0.0104558314874591,-0.0350244434622574,-0.00807984592634467));
#1636=CARTESIAN_POINT('',(-0.0101162088459496,-0.0349782869014206,-0.0109665972722928));
#1637=CARTESIAN_POINT('',(-0.00977658620444021,-0.0324552086210022,-0.0123700001910309));
#1638=CARTESIAN_POINT('',(-0.00943696356293077,-0.0299321303405838,-0.013773403109769));
#1639=CARTESIAN_POINT('',(-0.00909734092142134,-0.0274552086210022,-0.0122900546825589));
#1640=CARTESIAN_POINT('',(-0.00875771827991191,-0.0249782869014205,-0.0108067062553489));
#1641=CARTESIAN_POINT('',(-0.00841809563840247,-0.0250244434622573,-0.00791995490940077));
#1642=CARTESIAN_POINT('',(-0.00807847299689304,-0.0250706000230941,-0.00503320356345262));
#1643=CARTESIAN_POINT('',(-0.0077388503553836,-0.0275936783035125,-0.00362980064471453));
#1644=CARTESIAN_POINT('',(-0.00739922771387417,-0.0301167565839309,-0.00222639772597644));
#1645=CARTESIAN_POINT('',(-0.00705960507236474,-0.0325936783035125,-0.00370974615318649));
#1646=CARTESIAN_POINT('',(-0.0067199824308553,-0.0350706000230941,-0.00519309458039653));
#1647=CARTESIAN_POINT('',(-0.00638035978934587,-0.0350244434622574,-0.00807984592634467));
#1648=CARTESIAN_POINT('',(-0.00604073714783644,-0.0349782869014206,-0.0109665972722928));
#1649=CARTESIAN_POINT('',(-0.005701114506327,-0.0324552086210022,-0.0123700001910309));
#1650=CARTESIAN_POINT('',(-0.00536149186481757,-0.0299321303405838,-0.013773403109769));
#1651=CARTESIAN_POINT('',(-0.00502186922330813,-0.0274552086210022,-0.0122900546825589));
#1652=CARTESIAN_POINT('',(-0.0046822465817987,-0.0249782869014205,-0.0108067062553489));
#1653=CARTESIAN_POINT('',(-0.00434262394028927,-0.0250244434622573,-0.00791995490940077));
#1654=CARTESIAN_POINT('',(-0.00400300129877983,-0.0250706000230941,-0.00503320356345262));
#1655=CARTESIAN_POINT('',(-0.00366337865727039,-0.0275936783035125,-0.00362980064471453));
#1656=CARTESIAN_POINT('',(-0.00332375601576096,-0.0301167565839309,-0.00222639772597644));
#1657=CARTESIAN_POINT('',(-0.00298413337425153,-0.0325936783035125,-0.00370974615318649));
#1658=CARTESIAN_POINT('',(-0.00264451073274209,-0.0350706000230941,-0.00519309458039653));
#1659=CARTESIAN_POINT('',(-0.00230488809123266,-0.0350244434622574,-0.00807984592634467));
#1660=CARTESIAN_POINT('',(-0.00196526544972323,-0.0349782869014206,-0.0109665972722928));
#1661=CARTESIAN_POINT('',(-0.00162564280821379,-0.0324552086210022,-0.0123700001910309));
#1662=CARTESIAN_POINT('',(-0.00128602016670436,-0.0299321303405838,-0.013773403109769));
#1663=CARTESIAN_POINT('',(-0.000946397525194924,-0.0274552086210022,-0.0122900546825589));
#1664=CARTESIAN_POINT('',(-0.000606774883685487,-0.0249782869014205,-0.0108067062553489));
#1665=CARTESIAN_POINT('',(-0.000267152242176056,-0.0250244434622573,-0.00791995490940077));
#1666=CARTESIAN_POINT('',(7.24703993333783E-5,-0.0250706000230941,-0.00503320356345262));
#1667=CARTESIAN_POINT('',(0.000412093040842811,-0.0275936783035125,-0.00362980064471453));
#1668=CARTESIAN_POINT('',(0.000751715682352244,-0.0301167565839309,-0.00222639772597644));
#1669=CARTESIAN_POINT('',(0.00109133832386168,-0.0325936783035125,-0.00370974615318649));
#1670=CARTESIAN_POINT('',(0.00143096096537111,-0.0350706000230941,-0.00519309458039653));
#1671=CARTESIAN_POINT('',(0.00177058360688055,-0.0350244434622574,-0.00807984592634467));
#1672=CARTESIAN_POINT('',(0.00211020624838998,-0.0349782869014206,-0.0109665972722928));
#1673=CARTESIAN_POINT('',(0.00244982888989942,-0.0324552086210022,-0.0123700001910309));
#1674=CARTESIAN_POINT('',(0.00278945153140885,-0.0299321303405838,-0.013773403109769));
#1675=CARTESIAN_POINT('',(0.00312907417291829,-0.0274552086210022,-0.0122900546825589));
#1676=CARTESIAN_POINT('',(0.00346869681442772,-0.0249782869014205,-0.0108067062553489));
#1677=CARTESIAN_POINT('',(0.00380831945593715,-0.0250244434622573,-0.00791995490940077));
#1678=CARTESIAN_POINT('',(0.00414794209744658,-0.0250706000230941,-0.00503320356345262));
#1679=CARTESIAN_POINT('',(0.00448756473895602,-0.0275936783035125,-0.00362980064471453));
#1680=CARTESIAN_POINT('',(0.00482718738046546,-0.0301167565839309,-0.00222639772597644));
#1681=CARTESIAN_POINT('',(0.00516681002197489,-0.0325936783035125,-0.00370974615318649));
#1682=CARTESIAN_POINT('',(0.00550643266348433,-0.0350706000230941,-0.00519309458039653));
#1683=CARTESIAN_POINT('',(0.00584605530499376,-0.0350244434622574,-0.00807984592634467));
#1684=CARTESIAN_POINT('',(0.00618567794650319,-0.0349782869014206,-0.0109665972722928));
#1685=CARTESIAN_POINT('',(0.00652530058801262,-0.0324552086210022,-0.0123700001910309));
#1686=CARTESIAN_POINT('',(0.00686492322952205,-0.0299321303405838,-0.013773403109769));
#1687=CARTESIAN_POINT('',(0.00720454587103149,-0.0274552086210022,-0.0122900546825589));
#1688=CARTESIAN_POINT('',(0.00754416851254093,-0.0249782869014205,-0.0108067062553489));
#1689=CARTESIAN_POINT('',(0.00788379115405036,-0.0250244434622573,-0.00791995490940077));
#1690=CARTESIAN_POINT('',(0.0082234137955598,-0.0250706000230941,-0.00503320356345262));
#1691=CARTESIAN_POINT('',(0.00856303643706923,-0.0275936783035125,-0.00362980064471453));
#1692=CARTESIAN_POINT('',(0.00890265907857865,-0.0301167565839309,-0.00222639772597644));
#1693=CARTESIAN_POINT('',(0.0092422817200881,-0.0325936783035125,-0.00370974615318649));
#1694=CARTESIAN_POINT('',(0.00958190436159753,-0.0350706000230941,-0.00519309458039653));
#1695=CARTESIAN_POINT('',(0.00992152700310697,-0.0350244434622574,-0.00807984592634467));
#1696=CARTESIAN_POINT('',(0.0102611496446164,-0.0349782869014206,-0.0109665972722928));
#1697=CARTESIAN_POINT('',(0.0106007722861258,-0.0324552086210022,-0.0123700001910309));
#1698=CARTESIAN_POINT('',(0.0109403949276353,-0.0299321303405838,-0.013773403109769));
#1699=CARTESIAN_POINT('',(0.0112800175691447,-0.0274552086210022,-0.0122900546825589));
#1700=CARTESIAN_POINT('',(0.0116196402106541,-0.0249782869014205,-0.0108067062553489));
#1701=CARTESIAN_POINT('',(0.0119592628521636,-0.0250244434622573,-0.00791995490940077));
#1702=CARTESIAN_POINT('',(0.012298885493673,-0.0250706000230941,-0.00503320356345262));
#1703=CARTESIAN_POINT('',(0.0126385081351824,-0.0275936783035125,-0.00362980064471453));
#1704=CARTESIAN_POINT('',(0.0129781307766919,-0.0301167565839309,-0.00222639772597644));
#1705=CARTESIAN_POINT('',(0.0133177534182013,-0.0325936783035125,-0.00370974615318649));
#1706=CARTESIAN_POINT('',(0.0136573760597107,-0.0350706000230941,-0.00519309458039653));
#1707=CARTESIAN_POINT('',(0.0139969987012202,-0.0350244434622574,-0.00807984592634467));
#1708=CARTESIAN_POINT('',(0.0143366213427296,-0.0349782869014206,-0.0109665972722928));
#1709=CARTESIAN_POINT('',(0.014676243984239,-0.0324552086210022,-0.0123700001910309));
#1710=CARTESIAN_POINT('',(0.0150158666257485,-0.0299321303405838,-0.013773403109769));
#1711=CARTESIAN_POINT('',(0.0153554892672579,-0.0274552086210022,-0.0122900546825589));
#1712=CARTESIAN_POINT('',(0.0156951119087673,-0.0249782869014205,-0.0108067062553489));
#1713=CARTESIAN_POINT('',(0.0160347345502768,-0.0250244434622573,-0.00791995490940077));
#1714=CARTESIAN_POINT('',(0.0163743571917862,-0.0250706000230941,-0.00503320356345262));
#1715=CARTESIAN_POINT('',(0.0167139798332956,-0.0275936783035125,-0.00362980064471453));
#1716=CARTESIAN_POINT('',(0.0170536024748051,-0.0301167565839309,-0.00222639772597644));
#1717=CARTESIAN_POINT('',(0.0173932251163145,-0.0325936783035125,-0.00370974615318649));
#1718=CARTESIAN_POINT('',(0.0177328477578239,-0.0350706000230941,-0.00519309458039653));
#1719=CARTESIAN_POINT('',(0.0180724703993334,-0.0350244434622574,-0.00807984592634467));
#1720=CARTESIAN_POINT('',(0.0184120930408428,-0.0349782869014206,-0.0109665972722928));
#1721=CARTESIAN_POINT('',(0.0187517156823522,-0.0324552086210022,-0.0123700001910309));
#1722=CARTESIAN_POINT('',(0.0190913383238617,-0.0299321303405838,-0.013773403109769));
#1723=CARTESIAN_POINT('',(0.0194309609653711,-0.0274552086210022,-0.0122900546825589));
#1724=CARTESIAN_POINT('',(0.0197705836068806,-0.0249782869014205,-0.0108067062553489));
#1725=CARTESIAN_POINT('',(0.02011020624839,-0.0250244434622573,-0.00791995490940077));
#1726=CARTESIAN_POINT('',(0.0204498288898994,-0.0250706000230941,-0.00503320356345262));
#1727=CARTESIAN_POINT('',(0.0207894515314088,-0.0275936783035125,-0.00362980064471453));
#1728=CARTESIAN_POINT('',(0.0211290741729183,-0.0301167565839309,-0.00222639772597644));
#1729=CARTESIAN_POINT('',(0.0214686968144277,-0.0325936783035125,-0.00370974615318649));
#1730=CARTESIAN_POINT('',(0.0218083194559371,-0.0350706000230941,-0.00519309458039653));
#1731=CARTESIAN_POINT('',(0.0221479420974466,-0.0350244434622574,-0.00807984592634467));
#1732=CARTESIAN_POINT('',(0.022487564738956,-0.0349782869014206,-0.0109665972722928));
#1733=CARTESIAN_POINT('',(0.0228271873804654,-0.0324552086210022,-0.0123700001910309));
#1734=CARTESIAN_POINT('',(0.0231668100219749,-0.0299321303405838,-0.013773403109769));
#1735=CARTESIAN_POINT('',(0.0235064326634843,-0.0274552086210022,-0.0122900546825589));
#1736=CARTESIAN_POINT('',(0.0238460553049938,-0.0249782869014205,-0.0108067062553489));
#1737=CARTESIAN_POINT('',(0.0241856779465032,-0.0250244434622573,-0.00791995490940077));
#1738=CARTESIAN_POINT('',(0.0245253005880126,-0.0250706000230941,-0.00503320356345262));
#1739=CARTESIAN_POINT('',(0.0248649232295221,-0.0275936783035125,-0.00362980064471453));
#1740=CARTESIAN_POINT('',(0.0252045458710315,-0.0301167565839309,-0.00222639772597644));
#1741=CARTESIAN_POINT('',(0.0255441685125409,-0.0325936783035125,-0.00370974615318649));
#1742=CARTESIAN_POINT('',(0.0258837911540504,-0.0350706000230941,-0.00519309458039653));
#1743=CARTESIAN_POINT('',(0.0262234137955598,-0.0350244434622574,-0.00807984592634467));
#1744=CARTESIAN_POINT('',(0.0265630364370692,-0.0349782869014206,-0.0109665972722928));
#1745=CARTESIAN_POINT('',(0.0269026590785786,-0.0324552086210022,-0.0123700001910309));
#1746=CARTESIAN_POINT('',(0.0272422817200881,-0.0299321303405838,-0.013773403109769));
#1747=CARTESIAN_POINT('',(0.0275819043615976,-0.0274552086210022,-0.0122900546825589));
#1748=CARTESIAN_POINT('',(0.027921527003107,-0.0249782869014205,-0.0108067062553489));
#1749=CARTESIAN_POINT('',(0.0282611496446164,-0.0250244434622573,-0.00791995490940077));
#1750=CARTESIAN_POINT('',(0.0286007722861258,-0.0250706000230941,-0.00503320356345262));
#1751=CARTESIAN_POINT('',(0.0289403949276353,-0.0275936783035125,-0.00362980064471453));
#1752=CARTESIAN_POINT('',(0.0292800175691447,-0.0301167565839309,-0.00222639772597644));
#1753=CARTESIAN_POINT('',(0.0296196402106541,-0.0325936783035125,-0.00370974615318649));
#1754=CARTESIAN_POINT('',(0.0299592628521636,-0.0350706000230941,-0.00519309458039653));
#1755=CARTESIAN_POINT('',(0.030298885493673,-0.0350244434622574,-0.00807984592634467));
#1756=CARTESIAN_POINT('',(0.0306385081351825,-0.0349782869014206,-0.0109665972722928));
#1757=CARTESIAN_POINT('',(0.0309781307766918,-0.0324552086210022,-0.0123700001910309));
#1758=CARTESIAN_POINT('',(0.0313177534182013,-0.0299321303405838,-0.013773403109769));
#1759=CARTESIAN_POINT('',(0.0316573760597108,-0.0274552086210022,-0.0122900546825589));
#1760=CARTESIAN_POINT('',(0.0319969987012202,-0.0249782869014205,-0.0108067062553489));
#1761=CARTESIAN_POINT('',(0.0323366213427296,-0.0250244434622573,-0.00791995490940077));
#1762=CARTESIAN_POINT('',(0.032676243984239,-0.0250706000230941,-0.00503320356345262));
#1763=CARTESIAN_POINT('',(0.0330158666257485,-0.0275936783035125,-0.00362980064471453));
#1764=CARTESIAN_POINT('',(0.0333554892672579,-0.0301167565839309,-0.00222639772597644));
#1765=CARTESIAN_POINT('',(0.0336951119087673,-0.0325936783035125,-0.00370974615318649));
#1766=CARTESIAN_POINT('',(0.0340347345502768,-0.0350706000230941,-0.00519309458039653));
#1767=CARTESIAN_POINT('',(0.0343743571917862,-0.0350244434622574,-0.00807984592634467));
#1768=CARTESIAN_POINT('',(0.0347139798332957,-0.0349782869014206,-0.0109665972722928));
#1769=CARTESIAN_POINT('',(0.0350536024748051,-0.0324552086210022,-0.0123700001910309));
#1770=CARTESIAN_POINT('',(0.0353932251163145,-0.0299321303405838,-0.013773403109769));
#1771=CARTESIAN_POINT('',(0.0357328477578239,-0.0274552086210022,-0.0122900546825589));
#1772=CARTESIAN_POINT('',(0.0360724703993334,-0.0249782869014205,-0.0108067062553489));
#1773=CARTESIAN_POINT('',(0.0364120930408428,-0.0250244434622573,-0.00791995490940077));
#1774=CARTESIAN_POINT('',(0.0367517156823522,-0.0250706000230941,-0.00503320356345262));
#1775=CARTESIAN_POINT('',(0.0370913383238617,-0.0275936783035125,-0.00362980064471453));
#1776=CARTESIAN_POINT('',(0.0374309609653711,-0.0301167565839309,-0.00222639772597644));
#1777=CARTESIAN_POINT('',(0.0377705836068805,-0.0325936783035125,-0.00370974615318649));
#1778=CARTESIAN_POINT('',(0.03811020624839,-0.0350706000230941,-0.00519309458039653));
#1779=CARTESIAN_POINT('',(0.0384498288898995,-0.0350244434622574,-0.00807984592634467));
#1780=CARTESIAN_POINT('',(0.0385040071700766,-0.0350170803398403,-0.00854035475027776));
#1781=CARTESIAN_POINT('',(0.0385629874142579,-0.0349257272501305,-0.00899177163686092));
#1782=CARTESIAN_POINT('',(-0.0120525479715095,-0.0313821687905384,-0.00423737707137456));
#1783=CARTESIAN_POINT('',(-0.0119779074005859,-0.0318142779299732,-0.0043933058109898));
#1784=CARTESIAN_POINT('',(-0.011910350220782,-0.0321997876315556,-0.00464313445267647));
#1785=CARTESIAN_POINT('',(-0.0115707275792726,-0.0341378173651682,-0.00589906999440088));
#1786=CARTESIAN_POINT('',(-0.0112311049377631,-0.0340191601473254,-0.00820542074786123));
#1787=CARTESIAN_POINT('',(-0.0108914822962537,-0.0339005029294826,-0.0105117715013216));
#1788=CARTESIAN_POINT('',(-0.0105518596547443,-0.0318438159780272,-0.0115621867130575));
#1789=CARTESIAN_POINT('',(-0.0102122370132348,-0.0297871290265717,-0.0126126019247934));
#1790=CARTESIAN_POINT('',(-0.00987261437172539,-0.0278490992929591,-0.011356666383069));
#1791=CARTESIAN_POINT('',(-0.00953299173021595,-0.0259110695593464,-0.0101007308413445));
#1792=CARTESIAN_POINT('',(-0.00919336908870652,-0.0260297267771892,-0.00779438008788421));
#1793=CARTESIAN_POINT('',(-0.00885374644719709,-0.0261483839950321,-0.00548802933442387));
#1794=CARTESIAN_POINT('',(-0.00851412380568766,-0.0282050709464875,-0.00443761412268796));
#1795=CARTESIAN_POINT('',(-0.00817450116417822,-0.0302617578979429,-0.00338719891095204));
#1796=CARTESIAN_POINT('',(-0.00783487852266879,-0.0321997876315556,-0.00464313445267647));
#1797=CARTESIAN_POINT('',(-0.00749525588115935,-0.0341378173651682,-0.00589906999440088));
#1798=CARTESIAN_POINT('',(-0.00715563323964992,-0.0340191601473254,-0.00820542074786123));
#1799=CARTESIAN_POINT('',(-0.00681601059814049,-0.0339005029294826,-0.0105117715013216));
#1800=CARTESIAN_POINT('',(-0.00647638795663105,-0.0318438159780272,-0.0115621867130575));
#1801=CARTESIAN_POINT('',(-0.00613676531512162,-0.0297871290265717,-0.0126126019247934));
#1802=CARTESIAN_POINT('',(-0.00579714267361218,-0.0278490992929591,-0.011356666383069));
#1803=CARTESIAN_POINT('',(-0.00545752003210275,-0.0259110695593464,-0.0101007308413445));
#1804=CARTESIAN_POINT('',(-0.00511789739059332,-0.0260297267771892,-0.00779438008788421));
#1805=CARTESIAN_POINT('',(-0.00477827474908388,-0.0261483839950321,-0.00548802933442387));
#1806=CARTESIAN_POINT('',(-0.00443865210757445,-0.0282050709464875,-0.00443761412268796));
#1807=CARTESIAN_POINT('',(-0.00409902946606501,-0.0302617578979429,-0.00338719891095204));
#1808=CARTESIAN_POINT('',(-0.00375940682455558,-0.0321997876315556,-0.00464313445267647));
#1809=CARTESIAN_POINT('',(-0.00341978418304615,-0.0341378173651682,-0.00589906999440088));
#1810=CARTESIAN_POINT('',(-0.00308016154153671,-0.0340191601473254,-0.00820542074786123));
#1811=CARTESIAN_POINT('',(-0.00274053890002728,-0.0339005029294826,-0.0105117715013216));
#1812=CARTESIAN_POINT('',(-0.00240091625851784,-0.0318438159780272,-0.0115621867130575));
#1813=CARTESIAN_POINT('',(-0.00206129361700841,-0.0297871290265717,-0.0126126019247934));
#1814=CARTESIAN_POINT('',(-0.00172167097549897,-0.0278490992929591,-0.011356666383069));
#1815=CARTESIAN_POINT('',(-0.00138204833398954,-0.0259110695593464,-0.0101007308413445));
#1816=CARTESIAN_POINT('',(-0.0010424256924801,-0.0260297267771892,-0.00779438008788421));
#1817=CARTESIAN_POINT('',(-0.000702803050970674,-0.0261483839950321,-0.00548802933442387));
#1818=CARTESIAN_POINT('',(-0.000363180409461239,-0.0282050709464875,-0.00443761412268796));
#1819=CARTESIAN_POINT('',(-2.35577679518056E-5,-0.0302617578979429,-0.00338719891095204));
#1820=CARTESIAN_POINT('',(0.000316064873557629,-0.0321997876315556,-0.00464313445267647));
#1821=CARTESIAN_POINT('',(0.000655687515067064,-0.0341378173651682,-0.00589906999440088));
#1822=CARTESIAN_POINT('',(0.000995310156576497,-0.0340191601473254,-0.00820542074786123));
#1823=CARTESIAN_POINT('',(0.00133493279808593,-0.0339005029294826,-0.0105117715013216));
#1824=CARTESIAN_POINT('',(0.00167455543959537,-0.0318438159780272,-0.0115621867130575));
#1825=CARTESIAN_POINT('',(0.0020141780811048,-0.0297871290265717,-0.0126126019247934));
#1826=CARTESIAN_POINT('',(0.00235380072261424,-0.0278490992929591,-0.011356666383069));
#1827=CARTESIAN_POINT('',(0.00269342336412367,-0.0259110695593464,-0.0101007308413445));
#1828=CARTESIAN_POINT('',(0.0030330460056331,-0.0260297267771892,-0.00779438008788421));
#1829=CARTESIAN_POINT('',(0.00337266864714254,-0.0261483839950321,-0.00548802933442387));
#1830=CARTESIAN_POINT('',(0.00371229128865197,-0.0282050709464875,-0.00443761412268796));
#1831=CARTESIAN_POINT('',(0.00405191393016141,-0.0302617578979429,-0.00338719891095204));
#1832=CARTESIAN_POINT('',(0.00439153657167084,-0.0321997876315556,-0.00464313445267647));
#1833=CARTESIAN_POINT('',(0.00473115921318028,-0.0341378173651682,-0.00589906999440088));
#1834=CARTESIAN_POINT('',(0.0050707818546897,-0.0340191601473254,-0.00820542074786123));
#1835=CARTESIAN_POINT('',(0.00541040449619914,-0.0339005029294826,-0.0105117715013216));
#1836=CARTESIAN_POINT('',(0.00575002713770857,-0.0318438159780272,-0.0115621867130575));
#1837=CARTESIAN_POINT('',(0.00608964977921801,-0.0297871290265717,-0.0126126019247934));
#1838=CARTESIAN_POINT('',(0.00642927242072744,-0.0278490992929591,-0.011356666383069));
#1839=CARTESIAN_POINT('',(0.00676889506223688,-0.0259110695593464,-0.0101007308413445));
#1840=CARTESIAN_POINT('',(0.00710851770374631,-0.0260297267771892,-0.00779438008788421));
#1841=CARTESIAN_POINT('',(0.00744814034525574,-0.0261483839950321,-0.00548802933442387));
#1842=CARTESIAN_POINT('',(0.00778776298676518,-0.0282050709464875,-0.00443761412268796));
#1843=CARTESIAN_POINT('',(0.00812738562827461,-0.0302617578979429,-0.00338719891095204));
#1844=CARTESIAN_POINT('',(0.00846700826978405,-0.0321997876315556,-0.00464313445267647));
#1845=CARTESIAN_POINT('',(0.00880663091129348,-0.0341378173651682,-0.00589906999440088));
#1846=CARTESIAN_POINT('',(0.00914625355280291,-0.0340191601473254,-0.00820542074786123));
#1847=CARTESIAN_POINT('',(0.00948587619431235,-0.0339005029294826,-0.0105117715013216));
#1848=CARTESIAN_POINT('',(0.00982549883582177,-0.0318438159780272,-0.0115621867130575));
#1849=CARTESIAN_POINT('',(0.0101651214773312,-0.0297871290265717,-0.0126126019247934));
#1850=CARTESIAN_POINT('',(0.0105047441188407,-0.0278490992929591,-0.011356666383069));
#1851=CARTESIAN_POINT('',(0.0108443667603501,-0.0259110695593464,-0.0101007308413445));
#1852=CARTESIAN_POINT('',(0.0111839894018595,-0.0260297267771892,-0.00779438008788421));
#1853=CARTESIAN_POINT('',(0.0115236120433689,-0.0261483839950321,-0.00548802933442387));
#1854=CARTESIAN_POINT('',(0.0118632346848784,-0.0282050709464875,-0.00443761412268796));
#1855=CARTESIAN_POINT('',(0.0122028573263878,-0.0302617578979429,-0.00338719891095204));
#1856=CARTESIAN_POINT('',(0.0125424799678973,-0.0321997876315556,-0.00464313445267647));
#1857=CARTESIAN_POINT('',(0.0128821026094067,-0.0341378173651682,-0.00589906999440088));
#1858=CARTESIAN_POINT('',(0.0132217252509161,-0.0340191601473254,-0.00820542074786123));
#1859=CARTESIAN_POINT('',(0.0135613478924256,-0.0339005029294826,-0.0105117715013216));
#1860=CARTESIAN_POINT('',(0.013900970533935,-0.0318438159780272,-0.0115621867130575));
#1861=CARTESIAN_POINT('',(0.0142405931754444,-0.0297871290265717,-0.0126126019247934));
#1862=CARTESIAN_POINT('',(0.0145802158169539,-0.0278490992929591,-0.011356666383069));
#1863=CARTESIAN_POINT('',(0.0149198384584633,-0.0259110695593464,-0.0101007308413445));
#1864=CARTESIAN_POINT('',(0.0152594610999727,-0.0260297267771892,-0.00779438008788421));
#1865=CARTESIAN_POINT('',(0.0155990837414822,-0.0261483839950321,-0.00548802933442387));
#1866=CARTESIAN_POINT('',(0.0159387063829916,-0.0282050709464875,-0.00443761412268796));
#1867=CARTESIAN_POINT('',(0.016278329024501,-0.0302617578979429,-0.00338719891095204));
#1868=CARTESIAN_POINT('',(0.0166179516660105,-0.0321997876315556,-0.00464313445267647));
#1869=CARTESIAN_POINT('',(0.0169575743075199,-0.0341378173651682,-0.00589906999440088));
#1870=CARTESIAN_POINT('',(0.0172971969490293,-0.0340191601473254,-0.00820542074786123));
#1871=CARTESIAN_POINT('',(0.0176368195905388,-0.0339005029294826,-0.0105117715013216));
#1872=CARTESIAN_POINT('',(0.0179764422320482,-0.0318438159780272,-0.0115621867130575));
#1873=CARTESIAN_POINT('',(0.0183160648735576,-0.0297871290265717,-0.0126126019247934));
#1874=CARTESIAN_POINT('',(0.0186556875150671,-0.0278490992929591,-0.011356666383069));
#1875=CARTESIAN_POINT('',(0.0189953101565765,-0.0259110695593464,-0.0101007308413445));
#1876=CARTESIAN_POINT('',(0.0193349327980859,-0.0260297267771892,-0.00779438008788421));
#1877=CARTESIAN_POINT('',(0.0196745554395953,-0.0261483839950321,-0.00548802933442387));
#1878=CARTESIAN_POINT('',(0.0200141780811048,-0.0282050709464875,-0.00443761412268796));
#1879=CARTESIAN_POINT('',(0.0203538007226142,-0.0302617578979429,-0.00338719891095204));
#1880=CARTESIAN_POINT('',(0.0206934233641237,-0.0321997876315556,-0.00464313445267647));
#1881=CARTESIAN_POINT('',(0.0210330460056331,-0.0341378173651682,-0.00589906999440088));
#1882=CARTESIAN_POINT('',(0.0213726686471425,-0.0340191601473254,-0.00820542074786123));
#1883=CARTESIAN_POINT('',(0.021712291288652,-0.0339005029294826,-0.0105117715013216));
#1884=CARTESIAN_POINT('',(0.0220519139301614,-0.0318438159780272,-0.0115621867130575));
#1885=CARTESIAN_POINT('',(0.0223915365716709,-0.0297871290265717,-0.0126126019247934));
#1886=CARTESIAN_POINT('',(0.0227311592131803,-0.0278490992929591,-0.011356666383069));
#1887=CARTESIAN_POINT('',(0.0230707818546897,-0.0259110695593464,-0.0101007308413445));
#1888=CARTESIAN_POINT('',(0.0234104044961991,-0.0260297267771892,-0.00779438008788421));
#1889=CARTESIAN_POINT('',(0.0237500271377086,-0.0261483839950321,-0.00548802933442387));
#1890=CARTESIAN_POINT('',(0.024089649779218,-0.0282050709464875,-0.00443761412268796));
#1891=CARTESIAN_POINT('',(0.0244292724207274,-0.0302617578979429,-0.00338719891095204));
#1892=CARTESIAN_POINT('',(0.0247688950622369,-0.0321997876315556,-0.00464313445267647));
#1893=CARTESIAN_POINT('',(0.0251085177037463,-0.0341378173651682,-0.00589906999440088));
#1894=CARTESIAN_POINT('',(0.0254481403452557,-0.0340191601473254,-0.00820542074786123));
#1895=CARTESIAN_POINT('',(0.0257877629867652,-0.0339005029294826,-0.0105117715013216));
#1896=CARTESIAN_POINT('',(0.0261273856282746,-0.0318438159780272,-0.0115621867130575));
#1897=CARTESIAN_POINT('',(0.0264670082697841,-0.0297871290265717,-0.0126126019247934));
#1898=CARTESIAN_POINT('',(0.0268066309112935,-0.0278490992929591,-0.011356666383069));
#1899=CARTESIAN_POINT('',(0.0271462535528029,-0.0259110695593464,-0.0101007308413445));
#1900=CARTESIAN_POINT('',(0.0274858761943123,-0.0260297267771892,-0.00779438008788421));
#1901=CARTESIAN_POINT('',(0.0278254988358218,-0.0261483839950321,-0.00548802933442387));
#1902=CARTESIAN_POINT('',(0.0281651214773312,-0.0282050709464875,-0.00443761412268796));
#1903=CARTESIAN_POINT('',(0.0285047441188406,-0.0302617578979429,-0.00338719891095204));
#1904=CARTESIAN_POINT('',(0.0288443667603501,-0.0321997876315556,-0.00464313445267647));
#1905=CARTESIAN_POINT('',(0.0291839894018595,-0.0341378173651682,-0.00589906999440088));
#1906=CARTESIAN_POINT('',(0.0295236120433689,-0.0340191601473254,-0.00820542074786123));
#1907=CARTESIAN_POINT('',(0.0298632346848784,-0.0339005029294826,-0.0105117715013216));
#1908=CARTESIAN_POINT('',(0.0302028573263878,-0.0318438159780272,-0.0115621867130575));
#1909=CARTESIAN_POINT('',(0.0305424799678973,-0.0297871290265717,-0.0126126019247934));
#1910=CARTESIAN_POINT('',(0.0308821026094067,-0.0278490992929591,-0.011356666383069));
#1911=CARTESIAN_POINT('',(0.0312217252509161,-0.0259110695593464,-0.0101007308413445));
#1912=CARTESIAN_POINT('',(0.0315613478924255,-0.0260297267771892,-0.00779438008788421));
#1913=CARTESIAN_POINT('',(0.031900970533935,-0.0261483839950321,-0.00548802933442387));
#1914=CARTESIAN_POINT('',(0.0322405931754444,-0.0282050709464875,-0.00443761412268796));
#1915=CARTESIAN_POINT('',(0.0325802158169539,-0.0302617578979429,-0.00338719891095204));
#1916=CARTESIAN_POINT('',(0.0329198384584633,-0.0321997876315556,-0.00464313445267647));
#1917=CARTESIAN_POINT('',(0.0332594610999727,-0.0341378173651682,-0.00589906999440088));
#1918=CARTESIAN_POINT('',(0.0335990837414821,-0.0340191601473254,-0.00820542074786123));
#1919=CARTESIAN_POINT('',(0.0339387063829916,-0.0339005029294826,-0.0105117715013216));
#1920=CARTESIAN_POINT('',(0.034278329024501,-0.0318438159780272,-0.0115621867130575));
#1921=CARTESIAN_POINT('',(0.0346179516660104,-0.0297871290265717,-0.0126126019247934));
#1922=CARTESIAN_POINT('',(0.0349575743075199,-0.0278490992929591,-0.011356666383069));
#1923=CARTESIAN_POINT('',(0.0352971969490293,-0.0259110695593464,-0.0101007308413445));
#1924=CARTESIAN_POINT('',(0.0356368195905387,-0.0260297267771892,-0.00779438008788421));
#1925=CARTESIAN_POINT('',(0.0359764422320482,-0.0261483839950321,-0.00548802933442387));
#1926=CARTESIAN_POINT('',(0.0363160648735576,-0.0282050709464875,-0.00443761412268796));
#1927=CARTESIAN_POINT('',(0.0366556875150671,-0.0302617578979429,-0.00338719891095204));
#1928=CARTESIAN_POINT('',(0.0369953101565765,-0.0321997876315556,-0.00464313445267647));
#1929=CARTESIAN_POINT('',(0.037334932798086,-0.0341378173651682,-0.00589906999440088));
#1930=CARTESIAN_POINT('',(0.0376745554395954,-0.0340191601473254,-0.00820542074786123));
#1931=CARTESIAN_POINT('',(0.0377287337197725,-0.0340002313622339,-0.00857334120437855));
#1932=CARTESIAN_POINT('',(0.0377877139639539,-0.0339144188233526,-0.00893161480011189));
#1933=CARTESIAN_POINT('',(0.0365074855435778,-0.0250974112434159,-0.00714506429391478));
#1934=CARTESIAN_POINT('',(0.0365861875721023,-0.0253442793873964,-0.00612340401481962));
#1935=CARTESIAN_POINT('',(0.0367613519948954,-0.0265012187438315,-0.00428116413247095));
#1936=CARTESIAN_POINT('',(0.0369947236591693,-0.0295785160413703,-0.00308930728467818));
#1937=CARTESIAN_POINT('',(0.0372482916919491,-0.0327399431965635,-0.00418082234056337));
#1938=CARTESIAN_POINT('',(0.0374204546504135,-0.0338151719449817,-0.00611464219591837));
#1939=CARTESIAN_POINT('',(0.0375099786871542,-0.0339352713651178,-0.00716000452300986));
#1940=CARTESIAN_POINT('',(0.039,-0.0300244434622573,-0.00795101349335804));
#1941=CARTESIAN_POINT('',(0.039,-0.0300244434622573,-0.00795101349335804));
#1942=CARTESIAN_POINT('',(0.039,-0.0325244434622573,-0.00795101349335804));
#1943=CARTESIAN_POINT('',(0.039,-0.0689970678535747,-0.00799990041787271));
#1944=CARTESIAN_POINT('',(-0.013,-0.0300244434622573,-0.00799990041787271));
#1945=CARTESIAN_POINT('',(-0.013,-0.0295863595244048,-0.00729990041787272));
#1946=CARTESIAN_POINT('',(-0.013,-0.0300244434622573,-0.00869990041787272));
#1947=CARTESIAN_POINT('',(-0.016,-0.0689970678535747,-0.00799990041787271));
#1948=CARTESIAN_POINT('',(-0.016,-0.0300244434622573,-0.00869990041787272));
#1949=CARTESIAN_POINT('',(-0.013,-0.0295863595244048,-0.00729990041787272));
#1950=CARTESIAN_POINT('',(-0.013,-0.0300244434622573,-0.00869990041787272));
#1951=MECHANICAL_DESIGN_GEOMETRIC_PRESENTATION_REPRESENTATION('',(#221),
#1952);
#1952=(
GEOMETRIC_REPRESENTATION_CONTEXT(3)
GLOBAL_UNCERTAINTY_ASSIGNED_CONTEXT((#1953))
GLOBAL_UNIT_ASSIGNED_CONTEXT((#1956,#1955,#1954))
REPRESENTATION_CONTEXT('Screw 1','TOP_LEVEL_ASSEMBLY_PART')
);
#1953=UNCERTAINTY_MEASURE_WITH_UNIT(LENGTH_MEASURE(2.E-5),#1956,
'DISTANCE_ACCURACY_VALUE','Maximum Tolerance applied to model');
#1954=(
NAMED_UNIT(*)
SI_UNIT($,.STERADIAN.)
SOLID_ANGLE_UNIT()
);
#1955=(
NAMED_UNIT(*)
PLANE_ANGLE_UNIT()
SI_UNIT($,.RADIAN.)
);
#1956=(
LENGTH_UNIT()
NAMED_UNIT(*)
SI_UNIT($,.METRE.)
);
#1957=PRODUCT_DEFINITION_SHAPE('','',#1958);
#1958=PRODUCT_DEFINITION('','',#1960,#1959);
#1959=PRODUCT_DEFINITION_CONTEXT('',#1966,'design');
#1960=PRODUCT_DEFINITION_FORMATION_WITH_SPECIFIED_SOURCE('','',#1962,
 .NOT_KNOWN.);
#1961=PRODUCT_RELATED_PRODUCT_CATEGORY('','',(#1962));
#1962=PRODUCT('Screw 1','Screw 1','Screw 1',(#1964));
#1963=PRODUCT_CATEGORY('','');
#1964=PRODUCT_CONTEXT('',#1966,'mechanical');
#1965=APPLICATION_PROTOCOL_DEFINITION('international standard',
'ap242_managed_model_based_3d_engineering',2020,#1966);
#1966=APPLICATION_CONTEXT('managed model based 3d engineering');
ENDSEC;
END-ISO-10303-21;
